nasa_host,planet_count,status,hyg_id,hyg_name,hyg_distance_ly,nasa_distance_ly,method,evidence,angular_separation_arcsec,distance_difference_percent,candidate_hyg_ids,notes
11 Com,1,matched_outside_radius,60017,11    Com,289.91681643225826,303.9275159498364,catalog identifier,11 Com,2.229701850390005,4.8326618959172585,,
11 UMi,1,matched_outside_radius,74564,11    UMi,398.2372633485213,408.7424341183999,catalog identifier,11 UMi,0.17266634410435042,2.6379175774630816,,
14 And,1,matched_outside_radius,115711,Veritate,258.23953055927495,246.04976209848942,catalog identifier,14 And,5.184860593230474,4.720334038087003,,
14 Her,2,matched_outside_radius,79009,Gl 614,57.31089406687527,58.48734012129957,catalog identifier,14 Her,5.201776286840954,2.0527442008695926,,
16 Cyg B,1,unmatched_other,,,,68.94847978018639,unassigned,16 Cyg B,,,,Position candidates require review; component identity is preserved.
17 Sco,1,matched_outside_radius,79300,17Chi Sco,378.3717306945499,407.5421786484023,catalog identifier,17 Sco,0.1684313155847514,7.709468120228299,,
18 Del,1,matched_outside_radius,103195,Musica,245.5996662972403,248.60291422325608,catalog identifier,18 Del,0.9652376454976418,1.2228224782606385,,
1RXS J160929.1-210524,1,unmatched_other,,,,453.7976761361908,unassigned,1RXS J160929.1-210524,,,,Position candidates require review; component identity is preserved.
24 Boo,1,matched_outside_radius,70568,24    Boo,326.15637771674335,313.0654391843264,catalog identifier,24 Boo,5.689855284293392,4.0137,,
24 Sex,2,matched_outside_radius,50742,HIP 50887,252.63844708474537,235.0579660130575,catalog identifier,24 Sex,1.1427503909634715,6.9587512409742835,,
2MASS J01033563-5515561 A,1,unmatched_other,,,,,unassigned,2MASS J01033563-5515561 A,,,,Position candidates require review; component identity is preserved.
2MASS J01225093-2439505,1,unmatched_other,,,,110.33250561039765,unassigned,2MASS J01225093-2439505,,,,Position candidates require review; component identity is preserved.
2MASS J02192210-3925225,1,unmatched_other,,,,,unassigned,2MASS J02192210-3925225,,,,Position candidates require review; component identity is preserved.
2MASS J0249-0557 A,1,unmatched_other,,,,215.46314315259096,unassigned,2MASS J0249-0557 A,,,,Position candidates require review; component identity is preserved.
2MASS J03590986+2009361,1,unmatched_other,,,,383.02174217165754,unassigned,2MASS J03590986+2009361,,,,Position candidates require review; component identity is preserved.
2MASS J04372171+2651014,1,unmatched_other,,,,419.05876034558054,unassigned,2MASS J04372171+2651014,,,,Position candidates require review; component identity is preserved.
2MASS J04414489+2301513,1,unmatched_other,,,,,unassigned,2MASS J04414489+2301513,,,,Position candidates require review; component identity is preserved.
2MASS J11011926-7732383,1,unmatched_other,,,,,unassigned,2MASS J11011926-7732383,,,,Position candidates require review; component identity is preserved.
2MASS J11550485-7919108,1,unmatched_other,,,,328.9678456926616,unassigned,2MASS J11550485-7919108,,,,Position candidates require review; component identity is preserved.
2MASS J12073346-3932539,1,unmatched_other,,,,209.74464338208332,unassigned,2MASS J12073346-3932539,,,,Position candidates require review; component identity is preserved.
2MASS J16262785-2625152,1,unmatched_other,,,,474.34226636856846,unassigned,2MASS J16262785-2625152,,,,Position candidates require review; component identity is preserved.
2MASS J19383260+4603591,3,unmatched_other,,,,1292.662094932323,unassigned,2MASS J19383260+4603591,,,,Position candidates require review; component identity is preserved.
2MASS J21252752-8138278,1,unmatched_other,,,,111.26955288357786,unassigned,2MASS J21252752-8138278,,,,Position candidates require review; component identity is preserved.
2MASS J22362452+4751425,1,unmatched_other,,,,226.91905976351387,unassigned,2MASS J22362452+4751425,,,,Position candidates require review; component identity is preserved.
2MASS J22501512+2325342,1,unmatched_other,,,,186.66223037469166,unassigned,2MASS J22501512+2325342,,,,Position candidates require review; component identity is preserved.
4 UMa,1,matched_outside_radius,42408,4Pi 2UMa,256.0095994048256,239.5954535398528,catalog identifier,4 UMa,1.2992318686929203,6.411535310837033,,
47 UMa,3,matched_outside_radius,53565,Chalawan,45.86639292917246,44.99881696444592,catalog identifier,47 UMa,5.651479702604789,1.8915286538147014,,
51 Eri,1,matched_outside_radius,21494,51    Eri,95.98488655463811,97.0559840990599,catalog identifier,51 Eri,1.2226567880429078,1.115902287191936,,
51 Peg,1,matched_outside_radius,112997,Helvetios,50.906161277651584,50.428342184296554,catalog identifier,51 Peg,3.464760268878846,0.9386272336445095,,
55 Cnc,5,matched_outside_radius,43464,Copernicus,40.25128473040101,41.04841091754073,catalog identifier,55 Cnc,8.815851026631687,1.9803745209097958,,
55 Cnc B,2,unmatched_other,,,,40.69550971685121,unassigned,55 Cnc B,,,,Position candidates require review; component identity is preserved.
6 Lyn,1,matched_outside_radius,30966,6    Lyn,182.0070003955406,178.27674990359418,catalog identifier,6 Lyn,5.28255001502147,2.049509350651217,,
61 Vir,3,matched_selected,64720,Gl 506,27.903004270045106,27.73412049766338,catalog identifier,61 Vir,23.7175078130073,0.6052530069782825,,
7 CMa,2,matched_outside_radius,31512,Gl 239.1,64.41947231921169,64.61190458206457,catalog identifier,7 CMa,1.469197940703366,0.2987175397825817,,
70 Vir,1,matched_outside_radius,65515,Gl 512.1,58.661181470622594,58.385579331451936,catalog identifier,70 Vir,9.668704326157338,0.46982030068500363,,
75 Cet,2,matched_outside_radius,11763,75    Cet,265.59957537883105,270.5835709867206,catalog identifier,75 Cet,0.5722550259963213,1.8765073704582345,,
8 UMi,1,matched_outside_radius,72910,Baekdu,521.8502043467893,530.1737151061205,catalog identifier,8 UMi,0.28405134190900055,1.5949999999999953,,
81 Cet,1,matched_outside_radius,12215,81    Cet,301.71715417805007,330.26594807597434,catalog identifier,81 Cet,0.9440925421504323,9.462104988925155,,
91 Aqr,1,matched_outside_radius,114493,Gl 893.2A,149.81927979143063,143.60795773419295,catalog identifier,91 Aqr,5.757652323456987,4.145876329057713,,
AB Aur,1,matched_outside_radius,22857,HIP 22910,454.256904316016,528.7875505008245,catalog identifier,AB Aur,0.3826856061899375,16.40715759665355,,
AB Pic,1,matched_outside_radius,29961,HIP 30034,150.23317223475317,163.23311313778711,catalog identifier,AB Pic,0.7434235575075524,8.653176066015796,,
AF Lep,1,matched_outside_radius,25423,HIP 25486,88.19790303665086,87.59386142511946,catalog identifier,AF Lep,0.8067813344236598,0.6848707177090049,,
AT2021ueyL,1,unmatched_other,,,,3392.0263282541305,unassigned,AT2021ueyL,,,,Position candidates require review; component identity is preserved.
AU Mic,4,matched_outside_radius,102078,Gl 803,32.32144471897383,31.7092491979995,catalog identifier,AU Mic,7.314838600381616,1.8940846434842409,,
BD+03 2562,1,unmatched_other,,,,3491.9280267487693,unassigned,BD+03 2562,,,,Position candidates require review; component identity is preserved.
BD+05 4868 A,1,unmatched_other,,,,142.10209373827476,unassigned,BD+05 4868 A,,,,Position candidates require review; component identity is preserved.
BD+14 4559,1,unmatched_other,,,,160.96469553076716,unassigned,BD+14 4559,,,,Position candidates require review; component identity is preserved.
BD+15 2375,1,unmatched_other,,,,2505.027751234561,unassigned,BD+15 2375,,,,Position candidates require review; component identity is preserved.
BD+15 2940,1,unmatched_other,,,,1390.796025859737,unassigned,BD+15 2940,,,,Position candidates require review; component identity is preserved.
BD+20 2457,2,unmatched_other,,,,5021.862363342469,unassigned,BD+20 2457,,,,Position candidates require review; component identity is preserved.
BD+20 274,1,unmatched_other,,,,4313.450710941702,unassigned,BD+20 274,,,,Position candidates require review; component identity is preserved.
BD+20 594,1,unmatched_other,,,,585.3234970142448,unassigned,BD+20 594,,,,Position candidates require review; component identity is preserved.
BD+37 3172,1,unmatched_other,,,,1481.5686073420836,unassigned,BD+37 3172,,,,Position candidates require review; component identity is preserved.
BD+42 2315,1,unmatched_other,,,,1991.8859221728092,unassigned,BD+42 2315,,,,Position candidates require review; component identity is preserved.
BD+45 564,1,unmatched_other,,,,174.89157285927212,unassigned,BD+45 564,,,,Position candidates require review; component identity is preserved.
BD+48 738,1,unmatched_other,,,,2842.430000854978,unassigned,BD+48 738,,,,Position candidates require review; component identity is preserved.
BD+48 740,1,unmatched_other,,,,2174.1225366582626,unassigned,BD+48 740,,,,Position candidates require review; component identity is preserved.
BD+49 828,1,unmatched_other,,,,1441.7481751866464,unassigned,BD+49 828,,,,Position candidates require review; component identity is preserved.
BD+55 362,1,unmatched_other,,,,171.4594292965588,unassigned,BD+55 362,,,,Position candidates require review; component identity is preserved.
BD+60 1417,1,unmatched_other,,,,146.62131650791795,unassigned,BD+60 1417,,,,Position candidates require review; component identity is preserved.
BD+63 1405,1,unmatched_other,,,,124.09369549902249,unassigned,BD+63 1405,,,,Position candidates require review; component identity is preserved.
BD-06 1339,2,unmatched_other,,,,66.1102669812953,unassigned,BD-06 1339,,,,Position candidates require review; component identity is preserved.
BD-08 2823,2,unmatched_other,,,,134.81412947819413,unassigned,BD-08 2823,,,,Position candidates require review; component identity is preserved.
BD-10 3166,1,unmatched_other,,,,275.2984875829938,unassigned,BD-10 3166,,,,Position candidates require review; component identity is preserved.
BD-11 4672,2,unmatched_other,,,,88.60527235241908,unassigned,BD-11 4672,,,,Position candidates require review; component identity is preserved.
BD-13 2130,1,unmatched_other,,,,3017.64446852819,unassigned,BD-13 2130,,,,Position candidates require review; component identity is preserved.
BD-14 3065 A,1,unmatched_other,,,,1922.44070622936,unassigned,BD-14 3065 A,,,,Position candidates require review; component identity is preserved.
BD-17 63,1,unmatched_other,,,,112.39446623032289,unassigned,BD-17 63,,,,Position candidates require review; component identity is preserved.
BD-210397,2,unmatched_other,,,,77.40473618524838,unassigned,BD-210397,,,,Position candidates require review; component identity is preserved.
BEBOP-3,1,unmatched_other,,,,388.2956907993373,unassigned,BEBOP-3,,,,Position candidates require review; component identity is preserved.
BEBOP-4 A,1,unmatched_other,,,,764.1648236076667,unassigned,BEBOP-4 A,,,,Position candidates require review; component identity is preserved.
Barnard's star,4,matched_selected,87665,Barnard's Star,5.948440016797965,5.957409317185175,catalog identifier,Barnard's star,161.01488558166088,0.150784077201437,,
CD Cet,1,matched_selected,118201,GJ 1057,27.616965126787523,28.072768664646677,verified alias,GJ 1057; https://www.aanda.org/articles/aa/pdf/2020/08/aa38031-20.pdf; Variable-star designation absent in HYG,36.75495988180618,1.6504475990268697,,
CD-35 2722 B,1,unmatched_other,,,,,unassigned,CD-35 2722 B,,,,Position candidates require review; component identity is preserved.
CFBDSIR J145829+101343,1,unmatched_other,,,,,unassigned,CFBDSIR J145829+101343,,,,Position candidates require review; component identity is preserved.
CFHTWIR-Oph 98 A,1,unmatched_other,,,,,unassigned,CFHTWIR-Oph 98 A,,,,Position candidates require review; component identity is preserved.
CHXR 73,1,unmatched_other,,,,620.9169425144729,unassigned,CHXR 73,,,,Position candidates require review; component identity is preserved.
CI Tau,1,unmatched_other,,,,515.3205536649001,unassigned,CI Tau,,,,Position candidates require review; component identity is preserved.
COCONUTS-2 A,1,unmatched_other,,,,35.50668790375555,unassigned,COCONUTS-2 A,,,,Position candidates require review; component identity is preserved.
CT Cha,1,unmatched_other,,,,622.0454435813729,unassigned,CT Cha,,,,Position candidates require review; component identity is preserved.
CWISEP J193518.59-154620.3,1,unmatched_other,,,,47.06436530452606,unassigned,CWISEP J193518.59-154620.3,,,,Position candidates require review; component identity is preserved.
CoRoT-1,1,unmatched_other,,,,2569.815454104215,unassigned,CoRoT-1,,,,Position candidates require review; component identity is preserved.
CoRoT-10,1,unmatched_other,,,,1103.667520300579,unassigned,CoRoT-10,,,,Position candidates require review; component identity is preserved.
CoRoT-11,1,unmatched_other,,,,2136.444951904424,unassigned,CoRoT-11,,,,Position candidates require review; component identity is preserved.
CoRoT-12,1,unmatched_other,,,,3673.7275916880817,unassigned,CoRoT-12,,,,Position candidates require review; component identity is preserved.
CoRoT-13,1,unmatched_other,,,,3747.308470500979,unassigned,CoRoT-13,,,,Position candidates require review; component identity is preserved.
CoRoT-14,1,unmatched_other,,,,5690.1241656463035,unassigned,CoRoT-14,,,,Position candidates require review; component identity is preserved.
CoRoT-16,1,unmatched_other,,,,2388.7986644714224,unassigned,CoRoT-16,,,,Position candidates require review; component identity is preserved.
CoRoT-17,1,unmatched_other,,,,3835.9903896021615,unassigned,CoRoT-17,,,,Position candidates require review; component identity is preserved.
CoRoT-18,1,unmatched_other,,,,2494.734255953821,unassigned,CoRoT-18,,,,Position candidates require review; component identity is preserved.
CoRoT-19,1,unmatched_other,,,,2578.7978007465344,unassigned,CoRoT-19,,,,Position candidates require review; component identity is preserved.
CoRoT-2,1,unmatched_other,,,,695.6361070856017,unassigned,CoRoT-2,,,,Position candidates require review; component identity is preserved.
CoRoT-20,2,unmatched_other,,,,2752.958783319721,unassigned,CoRoT-20,,,,Position candidates require review; component identity is preserved.
CoRoT-21,1,unmatched_other,,,,,unassigned,CoRoT-21,,,,Position candidates require review; component identity is preserved.
CoRoT-22,1,unmatched_other,,,,2045.515815360773,unassigned,CoRoT-22,,,,Position candidates require review; component identity is preserved.
CoRoT-23,1,unmatched_other,,,,3460.4213206613317,unassigned,CoRoT-23,,,,Position candidates require review; component identity is preserved.
CoRoT-24,2,unmatched_other,,,,1929.3943602022807,unassigned,CoRoT-24,,,,Position candidates require review; component identity is preserved.
CoRoT-25,1,unmatched_other,,,,3599.0703968287194,unassigned,CoRoT-25,,,,Position candidates require review; component identity is preserved.
CoRoT-26,1,unmatched_other,,,,3408.921228619858,unassigned,CoRoT-26,,,,Position candidates require review; component identity is preserved.
CoRoT-27,1,unmatched_other,,,,3295.0926527967144,unassigned,CoRoT-27,,,,Position candidates require review; component identity is preserved.
CoRoT-28,1,unmatched_other,,,,2498.9547194814754,unassigned,CoRoT-28,,,,Position candidates require review; component identity is preserved.
CoRoT-29,1,unmatched_other,,,,2630.474017231975,unassigned,CoRoT-29,,,,Position candidates require review; component identity is preserved.
CoRoT-3,1,unmatched_other,,,,2507.3956465367846,unassigned,CoRoT-3,,,,Position candidates require review; component identity is preserved.
CoRoT-30,1,unmatched_other,,,,3366.6839777055397,unassigned,CoRoT-30,,,,Position candidates require review; component identity is preserved.
CoRoT-31,1,unmatched_other,,,,6541.914161691351,unassigned,CoRoT-31,,,,Position candidates require review; component identity is preserved.
CoRoT-32,1,unmatched_other,,,,1880.888383708247,unassigned,CoRoT-32,,,,Position candidates require review; component identity is preserved.
CoRoT-35,1,unmatched_other,,,,3663.421050152233,unassigned,CoRoT-35,,,,Position candidates require review; component identity is preserved.
CoRoT-36,1,unmatched_other,,,,3020.071071978402,unassigned,CoRoT-36,,,,Position candidates require review; component identity is preserved.
CoRoT-4,1,unmatched_other,,,,2369.2390664997497,unassigned,CoRoT-4,,,,Position candidates require review; component identity is preserved.
CoRoT-5,1,unmatched_other,,,,2878.238709564499,unassigned,CoRoT-5,,,,Position candidates require review; component identity is preserved.
CoRoT-6,1,unmatched_other,,,,2104.6675360234817,unassigned,CoRoT-6,,,,Position candidates require review; component identity is preserved.
CoRoT-7,3,unmatched_other,,,,521.5436173517356,unassigned,CoRoT-7,,,,Position candidates require review; component identity is preserved.
CoRoT-8,1,unmatched_other,,,,1050.3442141076687,unassigned,CoRoT-8,,,,Position candidates require review; component identity is preserved.
CoRoT-9,1,unmatched_other,,,,1346.9606086946067,unassigned,CoRoT-9,,,,Position candidates require review; component identity is preserved.
DE CVn,1,unmatched_other,,,,99.55108038859298,unassigned,DE CVn,,,,Position candidates require review; component identity is preserved.
DENIS-P J082303.1-491201,1,unmatched_other,,,,,unassigned,DENIS-P J082303.1-491201,,,,Position candidates require review; component identity is preserved.
DH Tau,1,unmatched_other,,,,439.80882909591975,unassigned,DH Tau,,,,Position candidates require review; component identity is preserved.
DMPP-1,4,unmatched_other,,,,203.97428474751868,unassigned,DMPP-1,,,,Position candidates require review; component identity is preserved.
DMPP-2,3,unmatched_other,,,,449.90010742247574,unassigned,DMPP-2,,,,Position candidates require review; component identity is preserved.
DMPP-3 A,1,unmatched_other,,,,152.94027016980212,unassigned,DMPP-3 A,,,,Position candidates require review; component identity is preserved.
DMPP-4,1,unmatched_other,,,,82.61019197360761,unassigned,DMPP-4,,,,Position candidates require review; component identity is preserved.
DMPP-6,2,unmatched_other,,,,178.18020761579004,unassigned,DMPP-6,,,,Position candidates require review; component identity is preserved.
DMPP-7,1,unmatched_other,,,,330.6769051118974,unassigned,DMPP-7,,,,Position candidates require review; component identity is preserved.
DMPP-8,1,unmatched_other,,,,248.31426582897677,unassigned,DMPP-8,,,,Position candidates require review; component identity is preserved.
DMPP-9,1,unmatched_other,,,,357.2684345871435,unassigned,DMPP-9,,,,Position candidates require review; component identity is preserved.
DP Leo,1,unmatched_other,,,,997.0078616596497,unassigned,DP Leo,,,,Position candidates require review; component identity is preserved.
DS Tuc A,1,unmatched_other,,,,143.71167546230686,unassigned,DS Tuc A,,,,Position candidates require review; component identity is preserved.
EPIC 201170410,1,unmatched_other,,,,,unassigned,EPIC 201170410,,,,Position candidates require review; component identity is preserved.
EPIC 201238110,1,unmatched_other,,,,519.4333855879082,unassigned,EPIC 201238110,,,,Position candidates require review; component identity is preserved.
EPIC 201427007,1,unmatched_other,,,,2303.9392981170804,unassigned,EPIC 201427007,,,,Position candidates require review; component identity is preserved.
EPIC 201497682,1,unmatched_other,,,,825.260436281567,unassigned,EPIC 201497682,,,,Position candidates require review; component identity is preserved.
EPIC 201595106,2,unmatched_other,,,,757.0089526805613,unassigned,EPIC 201595106,,,,Position candidates require review; component identity is preserved.
EPIC 201757695,1,unmatched_other,,,,,unassigned,EPIC 201757695,,,,Position candidates require review; component identity is preserved.
EPIC 201841433,1,unmatched_other,,,,1423.6334499682587,unassigned,EPIC 201841433,,,,Position candidates require review; component identity is preserved.
EPIC 206024342,3,unmatched_other,,,,1206.4133024089074,unassigned,EPIC 206024342,,,,Position candidates require review; component identity is preserved.
EPIC 206032309,1,unmatched_other,,,,526.3022389026229,unassigned,EPIC 206032309,,,,Position candidates require review; component identity is preserved.
EPIC 206042996,2,unmatched_other,,,,1473.4734060471542,unassigned,EPIC 206042996,,,,Position candidates require review; component identity is preserved.
EPIC 206215704,1,unmatched_other,,,,358.40672034537494,unassigned,EPIC 206215704,,,,Position candidates require review; component identity is preserved.
EPIC 206317286,2,unmatched_other,,,,1025.2725733525826,unassigned,EPIC 206317286,,,,Position candidates require review; component identity is preserved.
EPIC 211822797,1,unmatched_other,,,,607.2933906172445,unassigned,EPIC 211822797,,,,Position candidates require review; component identity is preserved.
EPIC 211945201,1,unmatched_other,,,,592.593522673551,unassigned,EPIC 211945201,,,,Position candidates require review; component identity is preserved.
EPIC 212297394,2,unmatched_other,,,,1364.6219765479682,unassigned,EPIC 212297394,,,,Position candidates require review; component identity is preserved.
EPIC 212424622,1,unmatched_other,,,,1995.4377651261443,unassigned,EPIC 212424622,,,,Position candidates require review; component identity is preserved.
EPIC 212499991,1,unmatched_other,,,,923.9684024337622,unassigned,EPIC 212499991,,,,Position candidates require review; component identity is preserved.
EPIC 212587672,2,unmatched_other,,,,1043.9287181579803,unassigned,EPIC 212587672,,,,Position candidates require review; component identity is preserved.
EPIC 212624936,2,unmatched_other,,,,1832.7672717399184,unassigned,EPIC 212624936,,,,Position candidates require review; component identity is preserved.
EPIC 212737443,2,unmatched_other,,,,1096.7008200725495,unassigned,EPIC 212737443,,,,Position candidates require review; component identity is preserved.
EPIC 220492298,1,unmatched_other,,,,2036.885717606388,unassigned,EPIC 220492298,,,,Position candidates require review; component identity is preserved.
EPIC 220674823,2,unmatched_other,,,,797.7458842573825,unassigned,EPIC 220674823,,,,Position candidates require review; component identity is preserved.
EPIC 228836835,1,unmatched_other,,,,489.63900048348376,unassigned,EPIC 228836835,,,,Position candidates require review; component identity is preserved.
EPIC 229004835,1,unmatched_other,,,,397.816195464889,unassigned,EPIC 229004835,,,,Position candidates require review; component identity is preserved.
EPIC 246851721,1,unmatched_other,,,,1215.363033413455,unassigned,EPIC 246851721,,,,Position candidates require review; component identity is preserved.
EPIC 248847494,1,unmatched_other,,,,1800.011386725826,unassigned,EPIC 248847494,,,,Position candidates require review; component identity is preserved.
EPIC 249893012,3,unmatched_other,,,,1047.9273953487875,unassigned,EPIC 249893012,,,,Position candidates require review; component identity is preserved.
FU Tau,1,unmatched_other,,,,,unassigned,FU Tau,,,,Position candidates require review; component identity is preserved.
G 192-15,2,unmatched_other,,,,31.08642097911161,unassigned,G 192-15,,,,Position candidates require review; component identity is preserved.
G 196-3,1,unmatched_other,,,,71.07338858101097,unassigned,G 196-3,,,,Position candidates require review; component identity is preserved.
G 261-6,1,unmatched_other,,,,34.65965979082516,unassigned,G 261-6,,,,Position candidates require review; component identity is preserved.
G 264-012,2,unmatched_other,,,,52.214374508673444,unassigned,G 264-012,,,,Position candidates require review; component identity is preserved.
G 268-110,1,unmatched_other,,,,,unassigned,G 268-110,,,,Position candidates require review; component identity is preserved.
G 9-40,1,unmatched_other,,,,91.08764854322122,unassigned,G 9-40,,,,Position candidates require review; component identity is preserved.
GJ 1002,2,matched_selected,117960,GJ 1002,15.326740501665203,15.814246439438419,catalog identifier,GJ 1002,32.50194269882626,3.18075417092271,,
GJ 1061,3,matched_selected,118236,GJ 1061,13.99797941884719,11.979006209505005,catalog identifier,GJ 1061,21.56520575427824,14.423318887180212,,
GJ 1132,2,matched_outside_radius,118673,GJ 1132,56.23392570765458,41.138103921412835,catalog identifier,GJ 1132,18.616797033300422,26.844687786374653,,Catalog distances differ by >20%; HYG controls selection.
GJ 1148,2,matched_outside_radius,56879,GJ 1148,36.21542571253403,35.92384191085526,catalog identifier,GJ 1148,10.316986767645611,0.8051370263966019,,
GJ 1151,1,matched_selected,118777,GJ 1151,26.778090923300063,26.210741904261788,catalog identifier,GJ 1151,61.41601826681628,2.1187059998538356,,
GJ 1214,1,matched_outside_radius,119137,Onkaria,42.13907784462552,47.75809991992958,catalog identifier,GJ 1214,12.951511898883654,13.334468533038176,,
GJ 1252,1,matched_outside_radius,119342,GJ 1252,77.656202752468,66.44783883223212,catalog identifier,GJ 1252,49.812959049321435,14.433314433314427,,
GJ 1265,1,matched_outside_radius,119480,GJ 1265,34.04550733158453,33.43918262540911,catalog identifier,GJ 1265,21.616548888278487,1.7809242795830795,,
GJ 1289,1,matched_selected,119588,GJ 1289,26.51683966474895,27.238852038100507,catalog identifier,GJ 1289,23.81582573601563,2.722844737457107,,
GJ 143,2,matched_outside_radius,16030,Gl 143,54.8161239337199,53.228720843372514,catalog identifier,GJ 143,8.172694413617005,2.895868909423022,,
GJ 15 A,2,matched_selected,1472,Groombridge 34,11.700207737832732,11.618603412128003,catalog identifier,GJ 15 A,52.313009655698956,0.6974604856019859,,
GJ 160.2,1,matched_outside_radius,19117,Gl 160.2,75.4119207173991,84.330014553308,catalog identifier,GJ 160.2,12.093689984398019,11.82584099578744,,
GJ 163,3,matched_outside_radius,19346,Gl 163,48.906496525870224,49.342567602877516,catalog identifier,GJ 163,21.901442254159456,0.8916424360445023,,
GJ 179,1,matched_outside_radius,22574,Gl 179,40.07809569383342,40.299882030680806,catalog identifier,GJ 179,5.312157454376197,0.5533854166666635,,
GJ 180,3,matched_outside_radius,22709,Gl 180,39.5246083208481,38.94535459402317,catalog identifier,GJ 180,11.92958236413001,1.4655520988917585,,
GJ 2030,2,unmatched_other,,,,120.93487098083583,unassigned,GJ 2030,,,,Position candidates require review; component identity is preserved.
GJ 2056,1,unmatched_other,,,,92.76996313948418,unassigned,GJ 2056,,,,Position candidates require review; component identity is preserved.
GJ 2126,1,unmatched_other,,,,124.36016525961706,unassigned,GJ 2126,,,,Position candidates require review; component identity is preserved.
GJ 229,2,matched_selected,29222,Gl 229,18.76508103555511,18.774343876682266,catalog identifier,GJ 229,11.306648990936866,0.049362116313831014,,
GJ 238,1,matched_outside_radius,31223,Gl 238,53.6706627351787,49.62208361858076,catalog identifier,GJ 238,14.682398653630415,7.543374555619706,,
GJ 251,2,matched_selected,118447,Gl 251,18.787911981995283,18.201384967947263,catalog identifier,GJ 251,19.18910387902876,3.1218318172349133,,
GJ 27.1,1,matched_outside_radius,3137,Gl 27.1,78.23382569740436,76.99312683656987,catalog identifier,GJ 27.1,9.330129259979786,1.585885452711089,,
GJ 273,2,matched_selected,36107,Luyten's Star,12.402422419056881,19.31346406122916,catalog identifier,GJ 273,0.09778996232322368,55.72332088570979,,Catalog distances differ by >20%; HYG controls selection.
GJ 3021,1,matched_outside_radius,1291,GJ 3021,57.07019066012032,57.259687515573745,catalog identifier,GJ 3021,9.89038811169718,0.33204174239046963,,
GJ 3082,1,matched_outside_radius,5799,GJ 3082,54.017366964691604,54.20262378723471,catalog identifier,GJ 3082,5.205332173128978,0.3429578910504841,,
GJ 3090,2,matched_outside_radius,6351,GJ 3090,72.94944006563767,73.30397204821578,catalog identifier,GJ 3090,2.356524408990946,0.4859968524215004,,
GJ 3138,3,matched_outside_radius,10014,GJ 3138,97.53478166154807,92.86063461248942,catalog identifier,GJ 3138,8.257527964867906,4.792287396795777,,
GJ 317,2,matched_outside_radius,118556,Gl 317,37.48939252389563,49.56533240885805,catalog identifier,GJ 317,8.843826453724835,32.211617932366465,,Catalog distances differ by >20%; HYG controls selection.
GJ 3222,1,unmatched_other,,,,59.484954633821765,unassigned,GJ 3222,,,,Position candidates require review; component identity is preserved.
GJ 328,2,matched_outside_radius,43666,Gl 328,64.55971956162989,66.94881502840504,catalog identifier,GJ 328,16.239347291259033,3.7005976528359366,,
GJ 3293,4,matched_outside_radius,118310,GJ 3293,59.30110028370284,65.85195113014363,catalog identifier,GJ 3293,5.003707305609371,11.046761046761056,,
GJ 3323,2,matched_selected,118344,GJ 3323,20.0096937729222,17.530383452070605,catalog identifier,GJ 3323,12.506580874711236,12.390546047269762,,
GJ 3341,1,matched_outside_radius,118363,GJ 3341,67.94913663886229,77.03487485291761,catalog identifier,GJ 3341,11.065736536260447,13.371381394210221,,
GJ 3378,1,matched_selected,118405,GJ 3378,24.671446879627617,25.188209044482022,catalog identifier,GJ 3378,28.60391520640119,2.0945758364951113,,
GJ 338 B,1,matched_selected,45214,Gl 338B,20.8472633508988,20.654048312739402,catalog identifier,GJ 338 B,31.57936819340488,0.9268124784880623,,
GJ 341,1,matched_outside_radius,45776,Gl 341,34.123784862236555,34.09638772650835,catalog identifier,GJ 341,16.983445553741984,0.08028750573482148,,
GJ 3470,1,matched_outside_radius,118515,Kaewkosin,75.8502748890504,95.95977251355392,catalog identifier,GJ 3470,10.432735912240968,26.51209590725753,,Catalog distances differ by >20%; HYG controls selection.
GJ 3473,2,unmatched_other,,,,89.25073582392051,unassigned,GJ 3473,,,,Position candidates require review; component identity is preserved.
GJ 3512,2,matched_outside_radius,118554,GJ 3512,32.55040649613098,30.940400768807827,catalog identifier,GJ 3512,32.61065536911201,4.946192384769534,,
GJ 357,3,matched_selected,46970,Gl 357,29.431046899648052,30.795065486897244,catalog identifier,GJ 357,15.5214716751471,4.634624761735894,,
GJ 3634,1,matched_outside_radius,118722,GJ 3634,58.24207052525657,66.46382049474023,catalog identifier,GJ 3634,7.082567777242459,14.116513879633318,,
GJ 367,3,matched_outside_radius,47645,Añañuca,32.193917575286584,30.699893055879496,catalog identifier,GJ 367,12.295301274143254,4.640704306685436,,
GJ 3779,1,matched_outside_radius,118884,GJ 3779,44.98707533484813,44.82367098961204,catalog identifier,GJ 3779,12.683132450786577,0.36322509080627613,,
GJ 3929,2,matched_outside_radius,119049,GJ 3929,53.4681196246166,51.56369253512854,catalog identifier,GJ 3929,8.977903845498236,3.561799260678077,,
GJ 393,1,matched_selected,51172,Gl 393,23.049797369619967,22.933653083515036,catalog identifier,GJ 393,14.713859328387535,0.5038841957804494,,
GJ 3942,1,matched_outside_radius,78886,GJ 3942,55.21533934004519,55.21403471453433,catalog identifier,GJ 3942,3.9825716132279907,0.002362795423259759,,
GJ 3988,1,matched_outside_radius,119126,GJ 3988,31.00344679662047,32.32372781361785,catalog identifier,GJ 3988,11.436899953841824,4.2584975330591295,,
GJ 3998,3,matched_outside_radius,84202,GJ 3998,58.03496122540645,59.18401014410253,catalog identifier,GJ 3998,5.782875808819403,1.9799253664238805,,
GJ 411,2,matched_selected,53879,Lalande 21185,8.306876784067736,18.511895624224934,catalog identifier,GJ 411,8.784039138133545,122.85024932270605,,Catalog distances differ by >20%; HYG controls selection.
GJ 414 A,2,matched_outside_radius,54487,Gl 414A,38.722263631664916,38.777710215876766,catalog identifier,GJ 414 A,10.32923747102554,0.14319045172377076,,
GJ 422,1,matched_outside_radius,118740,Gl 422,42.52361621395357,41.30150826664892,catalog identifier,GJ 422,100.70278594117933,2.873951126723839,,
GJ 4274,2,matched_selected,119492,GJ 4274,24.321807242715266,23.599240403521595,catalog identifier,GJ 4274,14.356325375737146,2.970859985785348,,
GJ 4276,1,matched_outside_radius,119498,GJ 4276,48.68014399973481,69.58937706239979,catalog identifier,GJ 4276,7.693973518130882,42.95228268589118,,Catalog distances differ by >20%; HYG controls selection.
GJ 433,3,matched_selected,56359,Gl 433,28.971166407067443,29.564640551960828,catalog identifier,GJ 433,13.224130036208912,2.0484993132641356,,
GJ 436,1,matched_outside_radius,56916,Noquisi,33.07551826425494,31.81071644710718,catalog identifier,GJ 436,19.381506199635126,3.8239818558327654,,
GJ 463,1,matched_outside_radius,60213,Gl 463,59.801424167120324,59.867307755419105,catalog identifier,GJ 463,14.904537282869422,0.11017060081154886,,
GJ 480,1,matched_outside_radius,61513,Gl 480,46.8683453215183,46.430969619000145,catalog identifier,GJ 480,18.53409500227264,0.9332006485779311,,
GJ 486,1,matched_selected,62257,Gar,27.300267284024567,26.33471394343192,catalog identifier,GJ 486,17.302014908109744,3.5367907960288116,,
GJ 504,1,matched_outside_radius,64587,Gl 504,57.27077683241611,57.17488685736739,catalog identifier,GJ 504,6.007291061402275,0.1674326425313024,,
GJ 508.2,1,matched_outside_radius,64938,Gl 508.2,52.327224615363434,54.263941186245454,catalog identifier,GJ 508.2,9.402329669791925,3.701164327208345,,
GJ 514,1,matched_selected,65653,Gl 514,24.969879965238437,24.84587531043053,catalog identifier,GJ 514,24.229311656610506,0.4966169440163064,,
GJ 536,2,matched_outside_radius,68250,Gl 536,32.70728771381274,33.950269669291245,catalog identifier,GJ 536,15.785073037873198,3.8003210977154196,,
GJ 581,3,matched_selected,74766,Gl 581,20.269640405962445,20.54165482497821,catalog identifier,GJ 581,19.06326607855952,1.3419795002172292,,
GJ 625,1,matched_selected,80218,Gl 625,21.253654197533862,21.110438932078438,catalog identifier,GJ 625,8.705735313074497,0.6738383156344045,,
GJ 649,1,matched_outside_radius,82788,Gl 649,33.739246492908514,33.85372738148709,catalog identifier,GJ 649,8.100765277301862,0.3393107448402524,,
GJ 667 C,5,matched_selected,119144,Gl 667C,22.736687247011893,23.626637539249803,catalog identifier,GJ 667 C,35.71722174901485,3.9141598886832862,,
GJ 674,1,matched_selected,85264,Gl 674,14.80913033022873,14.836723159783567,catalog identifier,GJ 674,17.192750766789427,0.18632309217047366,,
GJ 676 A,4,matched_outside_radius,85387,Gl 676A,53.65305029078199,52.27373496941789,catalog identifier,GJ 676 A,5.65920855185354,2.570805040698832,,
GJ 680,1,matched_outside_radius,85794,Gl 680,31.718055420197857,31.549595651107158,catalog identifier,GJ 680,7.416044674547777,0.53111632115828,,
GJ 682,2,matched_selected,85951,Gl 682,16.564503955100246,16.32970397878196,catalog identifier,GJ 682,19.26544964671704,1.4174887274302566,,
GJ 685,1,matched_outside_radius,85824,Gl 685,45.98283075601734,46.69091625204039,catalog identifier,GJ 685,9.552953065485552,1.5398910514668351,,
GJ 687,2,matched_selected,85899,Gl 687,14.769013095769571,14.838125632207749,catalog identifier,GJ 687,20.803076441075238,0.46795636235148225,,
GJ 720 A,1,matched_outside_radius,90846,Gl 720A,50.70851051275523,50.741778463282344,catalog identifier,GJ 720 A,9.95117876273894,0.06560624674380323,,
GJ 724,1,matched_outside_radius,91325,Gl 724,53.33700476077448,55.33503873066724,catalog identifier,GJ 724,10.526685115843115,3.746055817821591,,
GJ 740,1,matched_outside_radius,92808,Gl 740,35.57550689945378,36.20890258497969,catalog identifier,GJ 740,19.158299772788354,1.780426312170512,,
GJ 806,2,matched_outside_radius,102070,Gl 806,40.181813421947346,39.28390491409315,catalog identifier,GJ 806,8.879368252755214,2.234614198282451,,
GJ 832,1,matched_selected,106098,Gl 832,16.156808482954315,16.191544137181147,catalog identifier,GJ 832,12.666757739347156,0.21499081494638672,,
GJ 849,2,matched_selected,109042,Gl 849,29.666857960737257,28.70365294606417,catalog identifier,GJ 849,17.54587596007464,3.2467375410899444,,
GJ 86,1,matched_outside_radius,10116,Gl 86,35.168789896441,35.171399147462736,catalog identifier,GJ 86,40.73757224610341,0.007419223207329376,,
GJ 876,4,matched_selected,112660,Gl 876,15.292494082004945,15.248365124099868,catalog identifier,GJ 876,18.320633559793105,0.28856612707147533,,
GJ 887,4,matched_selected,113687,Lacaille 9352,10.684556777622795,10.720075207156148,catalog identifier,GJ 887,117.92763855316305,0.3324277297841767,,
GJ 896 A,1,matched_selected,115766,Gl 896A,20.162987270449072,20.41810678909911,catalog identifier,GJ 896 A,9.229619748043959,1.2652863151083784,,
GJ 900 A,1,unmatched_other,,,,67.8617267296342,unassigned,GJ 900 A,,,,Position candidates require review; component identity is preserved.
GJ 9066,1,matched_selected,118100,Gl 83.1,14.573645425517242,14.582451647715594,verified alias,Gl 83.1; https://simbad.u-strasbg.fr/simbad/sim-id?Ident=GJ83.1; Alternate Gliese designation for TZ Ari,36.644817944792734,0.06042566524181287,,
GJ 9404,1,unmatched_other,,,,77.89886309748927,unassigned,GJ 9404,,,,Position candidates require review; component identity is preserved.
GJ 96,1,matched_outside_radius,11022,Gl 96,38.9440499685123,38.91534820727323,catalog identifier,GJ 96,4.030827492447565,0.07369999078750791,,
GJ 9689,1,unmatched_other,,,,99.87006132599996,unassigned,GJ 9689,,,,Position candidates require review; component identity is preserved.
GJ 9714,1,matched_outside_radius,103436,GJ 9714,66.25149269284664,66.90152235363611,catalog identifier,GJ 9714,4.547586627884778,0.9811547398684619,,
GJ 9773,1,matched_outside_radius,109292,GJ 9773,48.79658182657969,51.92768305266042,catalog identifier,GJ 9773,10.610220378288304,6.416640487664671,,
GJ 9827,3,matched_outside_radius,115387,GJ 9827,98.89517991300461,96.74124319456324,catalog identifier,GJ 9827,6.710964386711568,2.177999696583928,,
GPX-1,1,unmatched_other,,,,2136.366674373772,unassigned,GPX-1,,,,Position candidates require review; component identity is preserved.
GQ Lup,1,unmatched_other,,,,493.04733463062377,unassigned,GQ Lup,,,,Position candidates require review; component identity is preserved.
GSC 06214-00210,1,unmatched_other,,,,353.87966982266653,unassigned,GSC 06214-00210,,,,Position candidates require review; component identity is preserved.
GU Psc,1,unmatched_other,,,,155.08768376068917,unassigned,GU Psc,,,,Position candidates require review; component identity is preserved.
Gaia-1,1,unmatched_other,,,,1186.1002832047088,unassigned,Gaia-1,,,,Position candidates require review; component identity is preserved.
Gaia-2,1,unmatched_other,,,,682.4137275329649,unassigned,Gaia-2,,,,Position candidates require review; component identity is preserved.
Gaia-4,1,unmatched_other,,,,239.66916488121677,unassigned,Gaia-4,,,,Position candidates require review; component identity is preserved.
Gaia-5,1,unmatched_other,,,,134.31543637666522,unassigned,Gaia-5,,,,Position candidates require review; component identity is preserved.
Gaia22dkvL,1,unmatched_other,,,,4142.18599700264,unassigned,Gaia22dkvL,,,,Position candidates require review; component identity is preserved.
Gaia23braL,1,unmatched_other,,,,14122.571155134987,unassigned,Gaia23braL,,,,Position candidates require review; component identity is preserved.
Gl 378,1,matched_outside_radius,49050,Gl 378,49.23852371838588,48.77505550565038,catalog identifier,Gl 378,25.665682874590463,0.9412715445862049,,
Gl 410,1,matched_outside_radius,53829,Gl 410,38.39382415930415,38.91828361467268,catalog identifier,Gl 410,2.4440302209659492,1.3659995242787732,,
Gl 49,1,matched_outside_radius,4862,Gl 49,32.48582753334307,32.135535583675285,catalog identifier,Gl 49,14.833864588991347,1.0782916005702712,,
Gl 686,1,matched_selected,86022,Gl 686,26.373004702175866,26.60548896821236,catalog identifier,Gl 686,21.254701756099486,0.8815236210734576,,
Gl 725 A,1,matched_selected,91484,Struve 2398 A,11.640847277088287,11.485270684917399,catalog identifier,Gl 725 A,37.99839888255419,1.3364713793393375,,
Gl 725 B,1,matched_selected,91487,Struve 2398 B,11.267072068224898,22.316783741648027,catalog identifier,Gl 725 B,6.203693605556295,98.07083514256766,,Catalog distances differ by >20%; HYG controls selection.
Gliese 12,1,matched_outside_radius,117970,Gl 12,37.793370267927635,39.82369371921436,catalog identifier,Gliese 12,20.237115273709918,5.372168284789648,,
Gliese 48,1,matched_selected,4847,Gl 48,26.86419620701728,26.85460720951241,catalog identifier,Gliese 48,38.0214878124669,0.035694339897516365,,
HAT-P-1,1,unmatched_other,,,,518.5201477303015,unassigned,HAT-P-1,,,,Position candidates require review; component identity is preserved.
HAT-P-11,2,unmatched_other,,,,123.17197757559497,unassigned,HAT-P-11,,,,Position candidates require review; component identity is preserved.
HAT-P-12,1,unmatched_other,,,,465.59149075442826,unassigned,HAT-P-12,,,,Position candidates require review; component identity is preserved.
HAT-P-13,2,unmatched_other,,,,804.9865558426942,unassigned,HAT-P-13,,,,Position candidates require review; component identity is preserved.
HAT-P-14,1,unmatched_other,,,,726.2295753154323,unassigned,HAT-P-14,,,,Position candidates require review; component identity is preserved.
HAT-P-15,1,unmatched_other,,,,627.9032121251655,unassigned,HAT-P-15,,,,Position candidates require review; component identity is preserved.
HAT-P-16,1,unmatched_other,,,,739.1910297658956,unassigned,HAT-P-16,,,,Position candidates require review; component identity is preserved.
HAT-P-17,2,unmatched_other,,,,301.3133725824367,unassigned,HAT-P-17,,,,Position candidates require review; component identity is preserved.
HAT-P-18,1,unmatched_other,,,,526.4163936348237,unassigned,HAT-P-18,,,,Position candidates require review; component identity is preserved.
HAT-P-19,1,unmatched_other,,,,659.0902849624406,unassigned,HAT-P-19,,,,Position candidates require review; component identity is preserved.
HAT-P-2,2,unmatched_other,,,,416.7430500637916,unassigned,HAT-P-2,,,,Position candidates require review; component identity is preserved.
HAT-P-20,1,unmatched_other,,,,231.69301066415383,unassigned,HAT-P-20,,,,Position candidates require review; component identity is preserved.
HAT-P-21,1,unmatched_other,,,,904.3598810054316,unassigned,HAT-P-21,,,,Position candidates require review; component identity is preserved.
HAT-P-22,1,unmatched_other,,,,266.680783770962,unassigned,HAT-P-22,,,,Position candidates require review; component identity is preserved.
HAT-P-23,1,unmatched_other,,,,1189.8608662397828,unassigned,HAT-P-23,,,,Position candidates require review; component identity is preserved.
HAT-P-24,1,unmatched_other,,,,1354.6709454638303,unassigned,HAT-P-24,,,,Position candidates require review; component identity is preserved.
HAT-P-25,1,unmatched_other,,,,979.7215736406623,unassigned,HAT-P-25,,,,Position candidates require review; component identity is preserved.
HAT-P-26,1,unmatched_other,,,,462.6104214620972,unassigned,HAT-P-26,,,,Position candidates require review; component identity is preserved.
HAT-P-27,1,unmatched_other,,,,649.6154421897692,unassigned,HAT-P-27,,,,Position candidates require review; component identity is preserved.
HAT-P-28,1,unmatched_other,,,,1308.9275134890572,unassigned,HAT-P-28,,,,Position candidates require review; component identity is preserved.
HAT-P-29,1,unmatched_other,,,,1022.7481229890551,unassigned,HAT-P-29,,,,Position candidates require review; component identity is preserved.
HAT-P-3,1,unmatched_other,,,,438.8564524729868,unassigned,HAT-P-3,,,,Position candidates require review; component identity is preserved.
HAT-P-30,1,unmatched_other,,,,697.9257248571732,unassigned,HAT-P-30,,,,Position candidates require review; component identity is preserved.
HAT-P-31,1,unmatched_other,,,,1122.1410175344554,unassigned,HAT-P-31,,,,Position candidates require review; component identity is preserved.
HAT-P-32,1,unmatched_other,,,,943.2605521757075,unassigned,HAT-P-32,,,,Position candidates require review; component identity is preserved.
HAT-P-33,1,unmatched_other,,,,1291.938027773792,unassigned,HAT-P-33,,,,Position candidates require review; component identity is preserved.
HAT-P-34,1,unmatched_other,,,,813.1893887422702,unassigned,HAT-P-34,,,,Position candidates require review; component identity is preserved.
HAT-P-35,1,unmatched_other,,,,1653.4986802916878,unassigned,HAT-P-35,,,,Position candidates require review; component identity is preserved.
HAT-P-36,1,unmatched_other,,,,960.2663457098585,unassigned,HAT-P-36,,,,Position candidates require review; component identity is preserved.
HAT-P-37,1,unmatched_other,,,,1273.9472419789365,unassigned,HAT-P-37,,,,Position candidates require review; component identity is preserved.
HAT-P-38,1,unmatched_other,,,,832.370645315792,unassigned,HAT-P-38,,,,Position candidates require review; component identity is preserved.
HAT-P-39,1,unmatched_other,,,,2273.3229989408096,unassigned,HAT-P-39,,,,Position candidates require review; component identity is preserved.
HAT-P-4,1,unmatched_other,,,,1045.1713739570812,unassigned,HAT-P-4,,,,Position candidates require review; component identity is preserved.
HAT-P-40,1,unmatched_other,,,,1514.8952660171806,unassigned,HAT-P-40,,,,Position candidates require review; component identity is preserved.
HAT-P-41,1,unmatched_other,,,,1135.6275837530427,unassigned,HAT-P-41,,,,Position candidates require review; component identity is preserved.
HAT-P-42,1,unmatched_other,,,,1321.7095819317763,unassigned,HAT-P-42,,,,Position candidates require review; component identity is preserved.
HAT-P-43,1,unmatched_other,,,,1724.7964644605681,unassigned,HAT-P-43,,,,Position candidates require review; component identity is preserved.
HAT-P-44,2,unmatched_other,,,,1134.5349598876917,unassigned,HAT-P-44,,,,Position candidates require review; component identity is preserved.
HAT-P-45,1,unmatched_other,,,,974.0334064132823,unassigned,HAT-P-45,,,,Position candidates require review; component identity is preserved.
HAT-P-46,1,unmatched_other,,,,948.2540063185509,unassigned,HAT-P-46,,,,Position candidates require review; component identity is preserved.
HAT-P-47,1,unmatched_other,,,,920.0740952838242,unassigned,HAT-P-47,,,,Position candidates require review; component identity is preserved.
HAT-P-49,1,unmatched_other,,,,1142.6921308943874,unassigned,HAT-P-49,,,,Position candidates require review; component identity is preserved.
HAT-P-5,1,unmatched_other,,,,989.3497099108606,unassigned,HAT-P-5,,,,Position candidates require review; component identity is preserved.
HAT-P-50,1,unmatched_other,,,,1681.1991414511708,unassigned,HAT-P-50,,,,Position candidates require review; component identity is preserved.
HAT-P-51,1,unmatched_other,,,,1435.3783411298386,unassigned,HAT-P-51,,,,Position candidates require review; component identity is preserved.
HAT-P-52,1,unmatched_other,,,,1177.9300659429043,unassigned,HAT-P-52,,,,Position candidates require review; component identity is preserved.
HAT-P-53,1,unmatched_other,,,,2174.817249742799,unassigned,HAT-P-53,,,,Position candidates require review; component identity is preserved.
HAT-P-54,1,unmatched_other,,,,468.526898153879,unassigned,HAT-P-54,,,,Position candidates require review; component identity is preserved.
HAT-P-55,1,unmatched_other,,,,1667.9245768780993,unassigned,HAT-P-55,,,,Position candidates require review; component identity is preserved.
HAT-P-56,1,unmatched_other,,,,1045.7845479471887,unassigned,HAT-P-56,,,,Position candidates require review; component identity is preserved.
HAT-P-57,1,unmatched_other,,,,912.7812386780779,unassigned,HAT-P-57,,,,Position candidates require review; component identity is preserved.
HAT-P-58,1,unmatched_other,,,,1681.629667869757,unassigned,HAT-P-58,,,,Position candidates require review; component identity is preserved.
HAT-P-59,1,unmatched_other,,,,865.8505974884157,unassigned,HAT-P-59,,,,Position candidates require review; component identity is preserved.
HAT-P-6,1,unmatched_other,,,,898.0976785532702,unassigned,HAT-P-6,,,,Position candidates require review; component identity is preserved.
HAT-P-60,1,unmatched_other,,,,760.6619041109888,unassigned,HAT-P-60,,,,Position candidates require review; component identity is preserved.
HAT-P-61,1,unmatched_other,,,,1105.148270255413,unassigned,HAT-P-61,,,,Position candidates require review; component identity is preserved.
HAT-P-62,1,unmatched_other,,,,1137.6823689326582,unassigned,HAT-P-62,,,,Position candidates require review; component identity is preserved.
HAT-P-63,1,unmatched_other,,,,1315.9039984084184,unassigned,HAT-P-63,,,,Position candidates require review; component identity is preserved.
HAT-P-64,1,unmatched_other,,,,2126.2036416441183,unassigned,HAT-P-64,,,,Position candidates require review; component identity is preserved.
HAT-P-65,1,unmatched_other,,,,2408.7268191499156,unassigned,HAT-P-65,,,,Position candidates require review; component identity is preserved.
HAT-P-66,1,unmatched_other,,,,3051.0494047339384,unassigned,HAT-P-66,,,,Position candidates require review; component identity is preserved.
HAT-P-67,1,unmatched_other,,,,1212.2775940802546,unassigned,HAT-P-67,,,,Position candidates require review; component identity is preserved.
HAT-P-68,1,unmatched_other,,,,659.331640681951,unassigned,HAT-P-68,,,,Position candidates require review; component identity is preserved.
HAT-P-69,1,unmatched_other,,,,1113.0510392874896,unassigned,HAT-P-69,,,,Position candidates require review; component identity is preserved.
HAT-P-7,1,unmatched_other,,,,1112.450911552491,unassigned,HAT-P-7,,,,Position candidates require review; component identity is preserved.
HAT-P-70,1,unmatched_other,,,,1078.7263420965796,unassigned,HAT-P-70,,,,Position candidates require review; component identity is preserved.
HAT-P-8,1,unmatched_other,,,,689.993601751102,unassigned,HAT-P-8,,,,Position candidates require review; component identity is preserved.
HAT-P-9,1,unmatched_other,,,,1484.6736160579471,unassigned,HAT-P-9,,,,Position candidates require review; component identity is preserved.
HATS-1,1,unmatched_other,,,,926.1895273660132,unassigned,HATS-1,,,,Position candidates require review; component identity is preserved.
HATS-10,1,unmatched_other,,,,1744.5745872053112,unassigned,HATS-10,,,,Position candidates require review; component identity is preserved.
HATS-11,1,unmatched_other,,,,3080.882928603689,unassigned,HATS-11,,,,Position candidates require review; component identity is preserved.
HATS-12,1,unmatched_other,,,,2433.5766735681545,unassigned,HATS-12,,,,Position candidates require review; component identity is preserved.
HATS-13,1,unmatched_other,,,,1375.9069872169675,unassigned,HATS-13,,,,Position candidates require review; component identity is preserved.
HATS-14,1,unmatched_other,,,,1673.218094888442,unassigned,HATS-14,,,,Position candidates require review; component identity is preserved.
HATS-15,1,unmatched_other,,,,3716.7150022711485,unassigned,HATS-15,,,,Position candidates require review; component identity is preserved.
HATS-16,1,unmatched_other,,,,2469.1472881219424,unassigned,HATS-16,,,,Position candidates require review; component identity is preserved.
HATS-17,1,unmatched_other,,,,1305.705088477216,unassigned,HATS-17,,,,Position candidates require review; component identity is preserved.
HATS-18,1,unmatched_other,,,,2036.4160524224762,unassigned,HATS-18,,,,Position candidates require review; component identity is preserved.
HATS-2,1,unmatched_other,,,,1115.2101945079746,unassigned,HATS-2,,,,Position candidates require review; component identity is preserved.
HATS-22,1,unmatched_other,,,,748.587595007915,unassigned,HATS-22,,,,Position candidates require review; component identity is preserved.
HATS-23,1,unmatched_other,,,,2084.1522998650985,unassigned,HATS-23,,,,Position candidates require review; component identity is preserved.
HATS-24,1,unmatched_other,,,,1611.8061105281565,unassigned,HATS-24,,,,Position candidates require review; component identity is preserved.
HATS-25,1,unmatched_other,,,,1536.7118661226536,unassigned,HATS-25,,,,Position candidates require review; component identity is preserved.
HATS-26,1,unmatched_other,,,,2810.955910405312,unassigned,HATS-26,,,,Position candidates require review; component identity is preserved.
HATS-27,1,unmatched_other,,,,2664.658467180467,unassigned,HATS-27,,,,Position candidates require review; component identity is preserved.
HATS-28,1,unmatched_other,,,,1746.185799711232,unassigned,HATS-28,,,,Position candidates require review; component identity is preserved.
HATS-29,1,unmatched_other,,,,1154.2380666655602,unassigned,HATS-29,,,,Position candidates require review; component identity is preserved.
HATS-3,1,unmatched_other,,,,1341.1909023727974,unassigned,HATS-3,,,,Position candidates require review; component identity is preserved.
HATS-30,1,unmatched_other,,,,1115.9114307200655,unassigned,HATS-30,,,,Position candidates require review; component identity is preserved.
HATS-31,1,unmatched_other,,,,2524.3655628693873,unassigned,HATS-31,,,,Position candidates require review; component identity is preserved.
HATS-32,1,unmatched_other,,,,2430.243355387889,unassigned,HATS-32,,,,Position candidates require review; component identity is preserved.
HATS-33,1,unmatched_other,,,,810.3681360750205,unassigned,HATS-33,,,,Position candidates require review; component identity is preserved.
HATS-34,1,unmatched_other,,,,1659.620635501431,unassigned,HATS-34,,,,Position candidates require review; component identity is preserved.
HATS-35,1,unmatched_other,,,,1678.2539493603886,unassigned,HATS-35,,,,Position candidates require review; component identity is preserved.
HATS-36,1,unmatched_other,,,,2793.320635062168,unassigned,HATS-36,,,,Position candidates require review; component identity is preserved.
HATS-37 A,1,unmatched_other,,,,691.1123181266704,unassigned,HATS-37 A,,,,Position candidates require review; component identity is preserved.
HATS-38,1,unmatched_other,,,,1120.4286965514425,unassigned,HATS-38,,,,Position candidates require review; component identity is preserved.
HATS-39,1,unmatched_other,,,,2865.3522710809107,unassigned,HATS-39,,,,Position candidates require review; component identity is preserved.
HATS-4,1,unmatched_other,,,,1358.307589075372,unassigned,HATS-4,,,,Position candidates require review; component identity is preserved.
HATS-40,1,unmatched_other,,,,4377.964442454074,unassigned,HATS-40,,,,Position candidates require review; component identity is preserved.
HATS-41,1,unmatched_other,,,,2405.951228375546,unassigned,HATS-41,,,,Position candidates require review; component identity is preserved.
HATS-42,1,unmatched_other,,,,2610.4806312779388,unassigned,HATS-42,,,,Position candidates require review; component identity is preserved.
HATS-43,1,unmatched_other,,,,1181.5764942457777,unassigned,HATS-43,,,,Position candidates require review; component identity is preserved.
HATS-44,1,unmatched_other,,,,1454.7715993488762,unassigned,HATS-44,,,,Position candidates require review; component identity is preserved.
HATS-45,1,unmatched_other,,,,2518.286007988747,unassigned,HATS-45,,,,Position candidates require review; component identity is preserved.
HATS-46,1,unmatched_other,,,,1480.1237345887985,unassigned,HATS-46,,,,Position candidates require review; component identity is preserved.
HATS-47,1,unmatched_other,,,,980.6543808809322,unassigned,HATS-47,,,,Position candidates require review; component identity is preserved.
HATS-48 A,1,unmatched_other,,,,859.7775657353299,unassigned,HATS-48 A,,,,Position candidates require review; component identity is preserved.
HATS-49,1,unmatched_other,,,,1058.0936896422186,unassigned,HATS-49,,,,Position candidates require review; component identity is preserved.
HATS-5,1,unmatched_other,,,,803.5971296736209,unassigned,HATS-5,,,,Position candidates require review; component identity is preserved.
HATS-50,1,unmatched_other,,,,2468.1622958612375,unassigned,HATS-50,,,,Position candidates require review; component identity is preserved.
HATS-51,1,unmatched_other,,,,1270.607400671117,unassigned,HATS-51,,,,Position candidates require review; component identity is preserved.
HATS-52,1,unmatched_other,,,,1810.604945874066,unassigned,HATS-52,,,,Position candidates require review; component identity is preserved.
HATS-53,1,unmatched_other,,,,1910.5262137513673,unassigned,HATS-53,,,,Position candidates require review; component identity is preserved.
HATS-54,1,unmatched_other,,,,2441.5577201308834,unassigned,HATS-54,,,,Position candidates require review; component identity is preserved.
HATS-55,1,unmatched_other,,,,1989.025530740233,unassigned,HATS-55,,,,Position candidates require review; component identity is preserved.
HATS-56,1,unmatched_other,,,,1840.8559499072937,unassigned,HATS-56,,,,Position candidates require review; component identity is preserved.
HATS-57,1,unmatched_other,,,,911.5581522616401,unassigned,HATS-57,,,,Position candidates require review; component identity is preserved.
HATS-58 A,1,unmatched_other,,,,1316.3377863907815,unassigned,HATS-58 A,,,,Position candidates require review; component identity is preserved.
HATS-59,2,unmatched_other,,,,2096.807167320508,unassigned,HATS-59,,,,Position candidates require review; component identity is preserved.
HATS-6,1,unmatched_other,,,,552.2414556224355,unassigned,HATS-6,,,,Position candidates require review; component identity is preserved.
HATS-60,1,unmatched_other,,,,1586.66597693375,unassigned,HATS-60,,,,Position candidates require review; component identity is preserved.
HATS-61,1,unmatched_other,,,,2217.0838547311114,unassigned,HATS-61,,,,Position candidates require review; component identity is preserved.
HATS-62,1,unmatched_other,,,,1706.0163802316379,unassigned,HATS-62,,,,Position candidates require review; component identity is preserved.
HATS-63,1,unmatched_other,,,,2032.7109159716138,unassigned,HATS-63,,,,Position candidates require review; component identity is preserved.
HATS-64,1,unmatched_other,,,,3522.9781139074034,unassigned,HATS-64,,,,Position candidates require review; component identity is preserved.
HATS-65,1,unmatched_other,,,,1608.9946425522382,unassigned,HATS-65,,,,Position candidates require review; component identity is preserved.
HATS-66,1,unmatched_other,,,,4820.526031377923,unassigned,HATS-66,,,,Position candidates require review; component identity is preserved.
HATS-67,1,unmatched_other,,,,3131.4567365324474,unassigned,HATS-67,,,,Position candidates require review; component identity is preserved.
HATS-68,1,unmatched_other,,,,1969.8377510391574,unassigned,HATS-68,,,,Position candidates require review; component identity is preserved.
HATS-69,1,unmatched_other,,,,1352.0388634956562,unassigned,HATS-69,,,,Position candidates require review; component identity is preserved.
HATS-7,1,unmatched_other,,,,785.0812321106414,unassigned,HATS-7,,,,Position candidates require review; component identity is preserved.
HATS-70,1,unmatched_other,,,,4758.067085045166,unassigned,HATS-70,,,,Position candidates require review; component identity is preserved.
HATS-71,1,unmatched_other,,,,457.35278065330334,unassigned,HATS-71,,,,Position candidates require review; component identity is preserved.
HATS-72,1,unmatched_other,,,,416.13966076501566,unassigned,HATS-72,,,,Position candidates require review; component identity is preserved.
HATS-74 A,1,unmatched_other,,,,976.4763176823807,unassigned,HATS-74 A,,,,Position candidates require review; component identity is preserved.
HATS-75,1,unmatched_other,,,,635.8875202516715,unassigned,HATS-75,,,,Position candidates require review; component identity is preserved.
HATS-76,1,unmatched_other,,,,1257.9492716519303,unassigned,HATS-76,,,,Position candidates require review; component identity is preserved.
HATS-77,1,unmatched_other,,,,1422.6158420697823,unassigned,HATS-77,,,,Position candidates require review; component identity is preserved.
HATS-8,1,unmatched_other,,,,2591.7592551969974,unassigned,HATS-8,,,,Position candidates require review; component identity is preserved.
HATS-9,1,unmatched_other,,,,2083.1607844768396,unassigned,HATS-9,,,,Position candidates require review; component identity is preserved.
HD 100508,1,matched_outside_radius,56194,HIP 56363,107.07681264802912,106.83186920836386,catalog identifier,HD 100508,5.917920919209885,0.22875488502858385,,
HD 100546,1,matched_outside_radius,56210,HIP 56379,316.04292075650255,357.7185303883926,catalog identifier,HD 100546,0.8213933117954484,13.186692975793417,,
HD 100655,1,matched_outside_radius,56339,Formosa,398.7242148204524,447.41479582427417,catalog identifier,HD 100655,0.9847728501989149,12.211593676533385,,
HD 100777,1,matched_outside_radius,56403,Sagarmatha,161.78400035159163,161.55699551270078,catalog identifier,HD 100777,0.5788572346158679,0.14031352815947604,,
HD 10180,6,matched_outside_radius,7585,HIP 7599,127.25578158098632,127.07280785308723,catalog identifier,HD 10180,0.30311564650943595,0.14378421603001965,,
HD 101930,1,matched_outside_radius,57000,GJ 3683,95.25592705044119,97.93628016251739,catalog identifier,HD 101930,5.435944516243596,2.813843920344042,,
HD 102117,1,matched_outside_radius,57119,Uklun,129.47853729512593,129.09008504926527,catalog identifier,HD 102117,1.6692002167646716,0.3000128468977339,,
HD 102195,1,matched_outside_radius,57197,Flegetonte,96.66753185319925,95.68971503280446,catalog identifier,HD 102195,3.4197553875442686,1.0115255884258298,,
HD 102272,1,matched_outside_radius,57255,HIP 57428,795.5032330042022,1132.0790023634845,catalog identifier,HD 102272,0.15779922579853867,42.30979276956683,,Catalog distances differ by >20%; HYG controls selection.
HD 102329,2,matched_outside_radius,57294,HIP 57467,515.2549962329791,708.1083269694899,catalog identifier,HD 102329,0.7835505486866027,37.42871629512735,,Catalog distances differ by >20%; HYG controls selection.
HD 102843,1,matched_outside_radius,57562,HIP 57735,170.67306626988375,204.6892195274738,catalog identifier,HD 102843,6.278781494765635,19.930592448488973,,
HD 102888,1,matched_outside_radius,57576,HIP 57749,504.10566661710993,412.53563279124563,catalog identifier,HD 102888,1.343647403115405,18.16484913576973,,
HD 102956,1,matched_outside_radius,57647,Aniara,411.8135225709808,397.55200879893846,catalog identifier,HD 102956,0.37036588211727234,3.4630999203247876,,
HD 103197,1,matched_outside_radius,57758,HIP 57931,173.30319129979156,186.3863020791433,catalog identifier,HD 103197,1.5057271764044997,7.549261315517077,,
HD 103720,1,matched_outside_radius,58062,HIP 58237,135.61582185462186,148.51595890607453,catalog identifier,HD 103720,1.2073537170353712,9.512265512265525,,
HD 103774,1,matched_outside_radius,58088,HIP 58263,180.89643792941507,183.98122494986004,catalog identifier,HD 103774,1.9679087935909185,1.7052779235203326,,
HD 103891,1,matched_outside_radius,58156,HIP 58331,186.37521276230092,181.0862609412462,catalog identifier,HD 103891,1.7042801483400938,2.8377978716515977,,
HD 103949,1,matched_outside_radius,58199,HIP 58374,83.58703032486926,86.43046162580383,catalog identifier,HD 103949,2.951331439418963,3.401761361641025,,
HD 104067,2,matched_outside_radius,58276,GJ 1153,68.70777637343143,66.41587550721587,catalog identifier,HD 104067,6.955751571312353,3.335722660793036,,
HD 10442,1,unmatched_other,,,,441.5309347702641,unassigned,HD 10442,,,,Position candidates require review; component identity is preserved.
HD 104985,1,matched_outside_radius,58777,Tonatiuh,316.65674705936544,328.03503845239175,catalog identifier,HD 104985,3.578574728368264,3.5932572094834048,,
HD 105618,2,matched_outside_radius,59098,HIP 59278,196.36146873523217,228.5824572898692,catalog identifier,HD 105618,1.6464570717071343,16.409017900595785,,
HD 105779,1,matched_outside_radius,59175,HIP 59357,169.78461629698333,180.1723707708839,catalog identifier,HD 105779,3.805154976936158,6.118195335041754,,
HD 106252,1,matched_outside_radius,59428,HIP 59610,122.98508997116328,124.54281283113845,catalog identifier,HD 106252,4.362020612858061,1.2665948858844749,,
HD 106270,1,matched_outside_radius,59442,HIP 59625,276.87284441823255,305.9607748085226,catalog identifier,HD 106270,1.6771973292680016,10.505880579010864,,
HD 106315,2,unmatched_other,,,,356.6617837245903,unassigned,HD 106315,,,,Position candidates require review; component identity is preserved.
HD 10647,1,matched_outside_radius,7963,GJ 3109,56.8614505783816,56.54149117184147,catalog identifier,HD 10647,3.5406352286740863,0.5627000424462957,,
HD 106515 A,1,unmatched_other,,,,111.19160150930357,unassigned,HD 106515 A,,,,Position candidates require review; component identity is preserved.
HD 106906,1,matched_outside_radius,59777,HIP 59960,300.32805416535444,336.03565439778345,catalog identifier,HD 106906,0.789546816930243,11.889532042440885,,
HD 10697,1,matched_outside_radius,8144,109    Psc,106.23989538280796,108.02462308167398,catalog identifier,HD 10697,1.770546697321197,1.6799034792299108,,
HD 107148,2,matched_outside_radius,59897,HIP 60081,167.00282855143723,161.172130986995,catalog identifier,HD 107148,1.112285719507092,3.491376532371939,,
HD 108147,1,matched_outside_radius,60457,Tupã,124.20263172917987,126.9400622073565,catalog identifier,HD 108147,3.8533845621198948,2.204003602874951,,
HD 108202,1,matched_outside_radius,60461,HIP 60648,121.74569573583965,126.1722900942113,catalog identifier,HD 108202,4.919818621826798,3.6359349968120096,,
HD 108236,5,matched_outside_radius,60501,HIP 60689,215.56947013172663,210.68984456470645,catalog identifier,HD 108236,1.5319369475792415,2.2635976996364238,,
HD 108341,1,matched_outside_radius,60600,HIP 60788,161.22398985105198,159.5237366540146,catalog identifier,HD 108341,3.127767369591544,1.0545906962159686,,
HD 108863,1,matched_outside_radius,60831,HIP 61020,454.256904316016,537.3165397781173,catalog identifier,HD 108863,1.3020416768334218,18.284727138526566,,
HD 108874,2,matched_outside_radius,60839,HIP 61028,204.23064366040404,194.1201221075627,catalog identifier,HD 108874,2.468722119006988,4.950540903965998,,
HD 109246,1,matched_outside_radius,60986,Funi,215.4269397946644,221.24785266777513,catalog identifier,HD 109246,3.8377540482221617,2.7020357243430007,,
HD 109271,2,matched_outside_radius,61107,HIP 61300,201.20684788259211,182.22878673238796,catalog identifier,HD 109271,2.95128215326054,9.43211493541124,,
HD 109286,1,matched_outside_radius,61105,HIP 61298,186.05623182489393,180.7415136499996,catalog identifier,HD 109286,0.20466820439499117,2.8565117775233984,,
HD 109749,1,matched_outside_radius,61402,HIP 61595,183.54319693458643,205.74629234765374,catalog identifier,HD 109749,2.757016101649407,12.09693183070159,,
HD 10975,1,matched_outside_radius,8408,HIP 8423,341.16772500115644,379.991749422669,catalog identifier,HD 10975,1.9817314618006459,11.379747137974707,,
HD 109833,2,matched_outside_radius,61530,HIP 61723,242.67600052738743,259.47729401271005,catalog identifier,HD 109833,1.1119458400744555,6.923343655248057,,
HD 109988,1,matched_outside_radius,61551,HIP 61743,147.6490352541034,138.7074581589989,catalog identifier,HD 109988,1.2398079259611159,6.055967165458335,,
HD 110014,1,matched_outside_radius,61547,26Chi Vir,293.5700940190635,328.62864305983624,catalog identifier,HD 110014,1.2590732466579326,11.942139119421388,,
HD 110067,6,unmatched_other,,,,104.88699872803889,unassigned,HD 110067,,,,Position candidates require review; component identity is preserved.
HD 110082,1,matched_outside_radius,62466,HIP 62662,379.69299018068045,342.77730672518857,catalog identifier,HD 110082,0.5247829453321762,9.722508555642598,,
HD 110113,2,matched_outside_radius,61627,HIP 61820,371.90013584789426,346.72706045933836,catalog identifier,HD 110113,0.24264474420778595,6.768772840365843,,
HD 110537,1,matched_outside_radius,61846,HIP 62039,139.2045204786392,147.05021214461547,catalog identifier,HD 110537,4.3919064761740305,5.63608971820722,,
HD 11112,1,matched_outside_radius,8383,Gl 77,147.78275936896728,144.74950505620157,catalog identifier,HD 11112,7.68924488524588,2.0525089162752916,,
HD 111232,2,matched_outside_radius,62339,HIP 62534,95.70308744429084,94.44542845181509,catalog identifier,HD 111232,1.8321403467381612,1.3141258302746515,,
HD 111591,1,matched_outside_radius,62457,HIP 62653,353.7488811152021,372.3596901840972,catalog identifier,HD 111591,1.9635228208392361,5.261022737435671,,
HD 111998,1,matched_outside_radius,62678,GJ 9421,106.76141943077701,108.36121646347766,catalog identifier,HD 111998,4.106900536021469,1.4984786088741842,,
HD 112300,1,matched_outside_radius,62890,Minelauva,198.39211834289662,202.4558311154206,catalog identifier,HD 112300,7.3461879469325435,2.048323696761154,,
HD 112570,1,matched_outside_radius,63009,HIP 63211,340.45539947222306,329.95936108092053,catalog identifier,HD 112570,0.8261720730880892,3.0829407927069417,,
HD 112640,1,matched_outside_radius,63001,HIP 63203,967.8230628251778,1054.577723890432,catalog identifier,HD 112640,0.44468081280491545,8.963896852386233,,
HD 113337,2,matched_outside_radius,63381,HIP 63584,120.30865073561968,118.00337745791774,catalog identifier,HD 113337,3.548306357712306,1.916132600279778,,
HD 113538,2,matched_outside_radius,63630,Gl 496.1,51.74634010664992,53.103802950707,catalog identifier,HD 113538,19.322631183474225,2.62330213356024,,
HD 113996,1,matched_outside_radius,63819,41    Com,331.4596804184176,379.4307604529962,catalog identifier,HD 113996,1.2373942308765968,14.472674315627888,,
HD 114082,1,matched_outside_radius,63981,HIP 64184,278.7661821908782,311.12252564226776,catalog identifier,HD 114082,0.8396274970769801,11.60698302681289,,
HD 114386,2,matched_outside_radius,64091,HIP 64295,94.23766683920951,91.07688538275656,catalog identifier,HD 114386,5.553645971618896,3.354053174773481,,
HD 114729,1,matched_outside_radius,64254,HIP 64459,117.7884404050024,123.30765862872514,catalog identifier,HD 114729,5.841488897660866,4.685704475537254,,
HD 114783,2,matched_outside_radius,64252,GJ 3769,66.86270974468782,68.69766552572221,catalog identifier,HD 114783,2.170210175853259,2.7443634696246857,,
HD 11505,1,matched_outside_radius,8779,HIP 8798,119.7342893544605,127.09629111228283,catalog identifier,HD 11505,6.109472272335588,6.148616071063742,,
HD 11506,3,matched_outside_radius,8752,HIP 8770,168.64339513135246,167.19102078137982,catalog identifier,HD 11506,1.5571561241160117,0.8612103360712254,,
HD 115404 A,2,unmatched_other,,,,35.81718877534188,unassigned,HD 115404 A,,,,Position candidates require review; component identity is preserved.
HD 115954,1,matched_outside_radius,64837,HIP 65042,260.50827432267266,285.85551721692934,catalog identifier,HD 115954,1.355514223125232,9.729918544875424,,
HD 116029,2,matched_outside_radius,64912,HIP 65117,401.67038538036775,401.9714277170003,catalog identifier,HD 116029,0.8387837694972964,0.07494760569602511,,
HD 117207,1,matched_outside_radius,65602,HIP 65808,107.78457198767445,105.52691754111916,catalog identifier,HD 117207,3.7099433929779435,2.094598888246703,,
HD 11755,1,matched_outside_radius,9223,HIP 9242,763.8321441023955,766.6142580043194,catalog identifier,HD 11755,1.542939073215203,0.36423105827696084,,
HD 117618,1,matched_outside_radius,65839,Dofida,123.82559495653932,123.21568253020902,catalog identifier,HD 117618,2.0063088946995182,0.4925576384626871,,
HD 118203,2,matched_outside_radius,65983,Liesma,288.8897499988282,300.9082863613125,catalog identifier,HD 118203,2.0306890055096556,4.160250186284913,,
HD 11964,2,matched_outside_radius,9075,Gl 81.1A,107.14726242561593,109.3827382384865,catalog identifier,HD 11964,6.826630340013006,2.086358309361829,,
HD 11977,1,matched_outside_radius,8909,Eta2Hyi,218.75014712722032,221.56813823069294,catalog identifier,HD 11977,1.9536917324283365,1.288223638009143,,
HD 120084,1,matched_outside_radius,66691,HIP 66903,328.45545402326866,336.08457785444097,catalog identifier,HD 120084,1.6288335067023096,2.322727096695396,,
HD 121504,1,matched_outside_radius,67945,HIP 68162,147.11609573291426,135.87413770577353,catalog identifier,HD 121504,4.990514674130129,7.641555447168897,,
HD 12235,2,matched_outside_radius,9334,112    Psc,109.26499578613074,103.59607178503603,catalog identifier,HD 12235,5.362367203130115,5.188234310822427,,
HD 122562,1,matched_outside_radius,68360,HIP 68578,175.35275797736358,173.6874035127419,catalog identifier,HD 122562,2.0459927899343544,0.9497167217847023,,
HD 124330,1,matched_outside_radius,69100,HIP 69322,194.4880265016272,196.338637788792,catalog identifier,HD 124330,2.8813012969080645,0.9515296753496113,,
HD 12484,1,matched_outside_radius,9499,HIP 9519,166.32148787838696,157.65322982780907,catalog identifier,HD 12484,0.6116482398872392,5.211748741038229,,
HD 125136,1,matched_outside_radius,69952,HIP 70175,383.26244557841244,395.4874389279915,catalog identifier,HD 125136,1.3925674399453973,3.1897185572484883,,
HD 125271,1,matched_outside_radius,70387,HIP 70610,119.42737620302903,128.33144531469614,catalog identifier,HD 125271,3.593257748856599,7.45563487598522,,
HD 125390,1,matched_outside_radius,69665,HIP 69888,633.3134941187309,501.12948967044457,catalog identifier,HD 125390,0.3382202707516251,20.87181240820128,,Catalog distances differ by >20%; HYG controls selection.
HD 125595,1,matched_outside_radius,69947,Gl 545.1,91.18158158000362,91.97251079596673,catalog identifier,HD 125595,9.934801354675486,0.8674221287433279,,
HD 125612,3,matched_outside_radius,69900,HIP 70123,176.77838750436345,187.9335879350315,catalog identifier,HD 125612,1.3987742921129551,6.310273890462267,,
HD 126105,1,matched_outside_radius,70159,HIP 70382,236.34530523590547,270.3219935717918,catalog identifier,HD 126105,1.030225517620931,14.375867674618219,,
HD 12648,1,matched_outside_radius,10774,HIP 10800,518.5315632035214,594.230827689689,catalog identifier,HD 12648,1.3772772824812165,14.598776594908259,,
HD 126525,1,matched_outside_radius,70471,Gl 550,124.29754323509545,122.79983314862015,catalog identifier,HD 126525,5.8013221075192565,1.2049394119098047,,
HD 12661,2,matched_outside_radius,9661,HIP 9683,114.00078639057787,123.44301352547758,catalog identifier,HD 12661,3.200499160513883,8.2825982467785,,
HD 126614,1,matched_outside_radius,70400,HIP 70623,236.85997999994248,238.40759201220845,catalog identifier,HD 126614,3.270506997560815,0.6533868711237513,,
HD 127195,2,matched_outside_radius,70793,HIP 71018,316.3495077515563,276.3089200411603,catalog identifier,HD 127195,1.4688186933873606,12.657072866963867,,
HD 127506,1,matched_outside_radius,70725,Gl 554,74.10957830117614,73.47618261565022,catalog identifier,HD 127506,8.839131133452513,0.854674523921654,,
HD 128311,2,matched_outside_radius,71169,GJ 3860,53.82134698168383,53.25872723012245,catalog identifier,HD 128311,5.0440390209912636,1.0453468430525306,,
HD 128356,1,matched_outside_radius,71255,HIP 71481,84.91448678217641,85.30554827905878,catalog identifier,HD 128356,2.21080639583439,0.46053566558735093,,
HD 128717,1,matched_outside_radius,71199,HIP 71425,221.57368288911414,240.1685102955011,catalog identifier,HD 128717,1.905247749127997,8.392164251605951,,
HD 129445,1,matched_outside_radius,71978,HIP 72203,213.73288356880363,219.95529494288365,catalog identifier,HD 129445,4.249931198836504,2.9113027767095696,,
HD 130322,1,matched_outside_radius,72113,Mönch,103.41048880611521,103.96756389925541,catalog identifier,HD 130322,2.9665473110904754,0.538702697929085,,
HD 131496,1,matched_outside_radius,72619,Arcalís,358.8078926899665,430.0339224557489,catalog identifier,HD 131496,0.8464186900492789,19.850742198507415,,
HD 13167,1,matched_outside_radius,9937,HIP 9960,381.4695639701036,485.7577395886545,catalog identifier,HD 13167,0.9330643518992301,27.338531161747984,,Catalog distances differ by >20%; HYG controls selection.
HD 13189,1,matched_outside_radius,10062,HIP 10085,1832.3393545723545,1623.681464240823,catalog identifier,HD 13189,0.0760493932408565,11.387513443448881,,
HD 132406,1,matched_outside_radius,72919,HIP 73146,221.42332479898673,230.86392115199786,catalog identifier,HD 132406,4.3448889694573385,4.263596150758511,,
HD 132563,1,matched_outside_radius,73034,HIP 73261,313.3107087803694,342.96973898804146,catalog identifier,HD 132563,1.5270773839921437,9.466331464738742,,
HD 133131 A,2,unmatched_other,,,,167.88442924040558,unassigned,HD 133131 A,,,,Position candidates require review; component identity is preserved.
HD 133131 B,1,unmatched_other,,,,167.31593867404533,unassigned,HD 133131 B,,,,Position candidates require review; component identity is preserved.
HD 134060,2,matched_outside_radius,74045,HIP 74273,78.93440959673993,78.318300199233,catalog identifier,HD 134060,3.727089184718159,0.7805333575743564,,
HD 134606,5,matched_outside_radius,74425,HIP 74653,86.4219815599832,87.380228997715,catalog identifier,HD 134606,4.575236441784704,1.1088005857244791,,
HD 134987,2,matched_outside_radius,74272,Gl 579.4,85.47090956256118,85.38904431175426,catalog identifier,HD 134987,6.662280419125453,0.09578141993093778,,
HD 135344 A,1,unmatched_other,,,,461.8211230280227,unassigned,HD 135344 A,,,,Position candidates require review; component identity is preserved.
HD 135625,1,matched_outside_radius,74626,HIP 74856,193.7946180426014,184.337061557949,catalog identifier,HD 135625,1.7150458441566432,4.880195631941328,,
HD 135694,1,matched_outside_radius,74098,HIP 74326,232.1398449016258,240.93595625226862,catalog identifier,HD 135694,4.245901927595759,3.789143287474147,,
HD 135872,1,matched_outside_radius,74614,HIP 74842,282.14222685662423,268.8347204894034,catalog identifier,HD 135872,1.2742449872192765,4.716595071741354,,
HD 136118,1,matched_outside_radius,74719,HIP 74948,151.91255142361666,167.76146828600636,catalog identifier,HD 136118,1.9389100683839136,10.432921252302652,,
HD 136352,3,matched_outside_radius,74952,Gl 582,48.31223960567032,47.88627937637226,catalog identifier,HD 136352,30.206477444269826,0.8816818114308047,,
HD 136418,1,matched_outside_radius,74732,Nikawiy,320.3892806459559,343.01213931714466,catalog identifier,HD 136418,2.8443238856400934,7.0610535488507775,,
HD 136925,1,matched_outside_radius,75052,HIP 75281,147.04988598823775,156.14410426811372,catalog identifier,HD 136925,4.273279464132987,6.184444291649013,,
HD 13724,1,matched_outside_radius,10254,HIP 10278,144.06196741197468,141.7638695745825,catalog identifier,HD 13724,1.1778430812995795,1.595214808374989,,
HD 137388,1,matched_outside_radius,76118,Karaka,127.95473469843328,132.0414741112241,catalog identifier,HD 137388,1.2868876039567978,3.193894639711862,,
HD 137496,2,unmatched_other,,,,506.5763011783143,unassigned,HD 137496,,,,Position candidates require review; component identity is preserved.
HD 13808,2,matched_outside_radius,10277,HIP 10301,93.42782055333885,92.07557621132523,catalog identifier,HD 13808,2.117383671924883,1.4473679617107291,,
HD 13908,2,matched_outside_radius,10717,HIP 10743,232.1398449016258,259.46229081933507,catalog identifier,HD 13908,0.7854702958504588,11.769821733657041,,
HD 13931,1,matched_outside_radius,10602,HIP 10626,144.25309504931667,154.5860552517608,catalog identifier,HD 13931,3.349646699713404,7.163076950904616,,
HD 139357,1,matched_outside_radius,76079,HIP 76311,385.0726134747404,365.5886837826976,catalog identifier,HD 139357,0.3581941784001795,5.059806646914631,,
HD 1397,1,matched_outside_radius,1417,HIP 1419,266.0330372048166,259.5232820619681,catalog identifier,HD 1397,1.3350665069694367,2.4469724554686394,,
HD 14067,1,matched_outside_radius,10633,HIP 10657,532.9352811562483,463.22033388842755,catalog identifier,HD 14067,0.8323077065734624,13.081315824422097,,
HD 140901,2,matched_outside_radius,77121,Gl 599A,50.07772407825105,49.74797998037943,catalog identifier,HD 140901,7.935545063825951,0.6584646246230526,,
HD 141004,1,matched_outside_radius,77022,Gl 598,39.54385154713339,38.53472371447779,catalog identifier,HD 141004,3.665088212710693,2.5519209514854597,,
HD 141399,4,matched_outside_radius,77065,HIP 77301,117.95902019054827,120.73298018302916,catalog identifier,HD 141399,1.981115913060601,2.351630242434958,,
HD 141937,1,matched_outside_radius,77504,HIP 77740,105.34753153337495,108.81294304661535,catalog identifier,HD 141937,1.6015802034619604,3.289504236881457,,
HD 142,3,matched_outside_radius,521,Gl 4.2A,83.86654634057251,85.4050259742624,catalog identifier,HD 142,10.682058106697013,1.8344378072304228,,
HD 142022 A,1,unmatched_other,,,,111.80705859405505,unassigned,HD 142022 A,,,,Position candidates require review; component identity is preserved.
HD 142245,1,matched_outside_radius,77547,HIP 77783,357.2358189493718,317.12347683587814,catalog identifier,HD 142245,1.0011963786020592,11.2285330825626,,
HD 142415,1,matched_outside_radius,77933,HIP 78169,111.65930975494938,115.8892318175578,catalog identifier,HD 142415,2.7300795523166324,3.788239486605755,,
HD 143105,1,matched_outside_radius,77602,HIP 77838,158.7135642117662,152.57236577573764,catalog identifier,HD 143105,0.4884684829961784,3.869359538693594,,
HD 143361,1,matched_outside_radius,78284,HIP 78521,214.15395145243593,223.46473756711583,catalog identifier,HD 143361,3.3696731813945764,4.347706895685203,,
HD 143811 A,1,unmatched_other,,,,445.5557044712887,unassigned,HD 143811 A,,,,Position candidates require review; component identity is preserved.
HD 144899,1,matched_outside_radius,79001,HIP 79240,424.1304920190758,377.2487742860712,catalog identifier,HD 144899,2.2557064209788726,11.053606994824616,,
HD 145377,1,matched_outside_radius,79106,HIP 79346,179.50277172743142,174.45582793864253,catalog identifier,HD 145377,0.40164101874861663,2.811624433550531,,
HD 145457,1,matched_outside_radius,78979,Kamuy,408.7173200773157,441.2634865405364,catalog identifier,HD 145457,0.6321312297744555,7.963001532957797,,
HD 145934,1,unmatched_other,,,,743.2484151046918,unassigned,HD 145934,,,,Position candidates require review; component identity is preserved.
HD 1461,2,matched_outside_radius,1496,Gl 16.1,75.81505000025699,76.49475989141868,catalog identifier,HD 1461,6.892174662795513,0.8965368896536781,,
HD 147018,2,matched_outside_radius,80008,HIP 80250,140.10145051736026,131.8506726302598,catalog identifier,HD 147018,6.080712437992725,5.889145227713456,,
HD 147379,1,matched_outside_radius,79513,Gl 617A,34.856984399343794,35.1084509665634,catalog identifier,HD 147379,10.458036775651237,0.7214237592634153,,
HD 147513,1,matched_outside_radius,80095,Gl 620.1A,41.67593578826775,42.08460972954683,catalog identifier,HD 147513,1.29667867975061,0.980599316006537,,
HD 14787,1,matched_outside_radius,11103,HIP 11130,398.2372633485213,388.5729237203965,catalog identifier,HD 14787,0.24372693951980187,2.4267793392470582,,
HD 147873,2,matched_outside_radius,80244,HIP 80486,342.24175795297765,355.68983771899445,catalog identifier,HD 147873,0.47612464652370773,3.929409387811904,,
HD 148156,1,matched_outside_radius,80436,HIP 80680,168.29538627632868,186.3295508694206,catalog identifier,HD 148156,0.9499089443547107,10.715780742486375,,
HD 148164,2,matched_outside_radius,80242,HIP 80484,234.9829500461826,251.7832650623721,catalog identifier,HD 148164,1.364032881271571,7.149588943745756,,
HD 148427,1,matched_outside_radius,80443,Timir,192.5363067373702,232.71224934451865,catalog identifier,HD 148427,0.612029014045292,20.866683945460004,,Catalog distances differ by >20%; HYG controls selection.
HD 149026,1,matched_outside_radius,80593,Ogma,259.0598138492326,247.4362528601633,catalog identifier,HD 149026,1.5842174245005223,4.486825191588368,,
HD 149143,1,matched_outside_radius,80776,Rosalíadecastro,202.33013044744857,239.00771974720723,catalog identifier,HD 149143,1.3653238076364138,18.12759632915127,,
HD 149806,1,matched_outside_radius,81128,HIP 81375,66.31900706303401,66.12070398538222,catalog identifier,HD 149806,1.880280080796743,0.29901394250866997,,
HD 150010,1,matched_outside_radius,80674,HIP 80920,469.2897779213584,471.26335016292245,catalog identifier,HD 150010,1.1971438622385129,0.42054447687006874,,
HD 1502,1,matched_outside_radius,1544,Citadelle,519.3573911519003,622.8053879414529,catalog identifier,HD 1502,1.1945171765247204,19.91846049598174,,
HD 150706,1,matched_outside_radius,80656,Gl 632,92.05665914141765,92.20342951139018,catalog identifier,HD 150706,2.540496732542313,0.1594348212735714,,
HD 151450,2,matched_outside_radius,81982,HIP 82233,137.44490682085737,142.20483299725552,catalog identifier,HD 151450,1.8546611691694637,3.4631520996279197,,
HD 152079,1,matched_outside_radius,82380,HIP 82632,271.79687271182684,286.6549264987131,catalog identifier,HD 152079,2.4250444838570395,5.466602186640886,,
HD 152581,1,matched_outside_radius,82399,Mahsati,605.1140137013413,540.6368117032737,catalog identifier,HD 152581,0.3107445673946647,10.655380727951671,,
HD 152843,2,unmatched_other,,,,351.91620842881173,unassigned,HD 152843,,,,Position candidates require review; component identity is preserved.
HD 15337,2,matched_outside_radius,11406,HIP 11433,132.1005084155908,146.1686114556471,catalog identifier,HD 15337,3.4882615745578964,10.64954496298966,,
HD 153557,3,matched_outside_radius,82765,Gl 649.1A,59.702924941049865,58.51636803891635,catalog identifier,HD 153557,4.99781949702809,1.9874351270144837,,
HD 153950,1,matched_outside_radius,83290,Rapeto,161.5436231012144,158.03874666627027,catalog identifier,HD 153950,2.947355685183639,2.1696160873822605,,
HD 154088,1,matched_outside_radius,83284,Gl 652,58.17977465711268,59.586160957827275,catalog identifier,HD 154088,4.384986930017582,2.417311357775538,,
HD 154345,1,matched_outside_radius,83134,Gl 651,60.623990551721946,59.634432101729345,catalog identifier,HD 154345,13.415947469651833,1.6322885395482958,,
HD 154391,1,matched_outside_radius,83034,HIP 83289,333.8344250045732,329.2450786137209,catalog identifier,HD 154391,1.0571357960240595,1.3747373090086277,,
HD 154672,1,matched_outside_radius,83726,HIP 83983,211.24104884304774,205.6363776483632,catalog identifier,HD 154672,2.015507234029108,2.6532112131524213,,
HD 154857,2,matched_outside_radius,83811,HIP 84069,209.4775213087333,206.94035084647473,catalog identifier,HD 154857,1.9090394311035166,1.2111898433814328,,
HD 155193,1,matched_outside_radius,83696,HIP 83953,194.37224098753777,188.51675553838908,catalog identifier,HD 155193,2.383056939252104,3.0125111586916935,,
HD 155358,2,matched_outside_radius,83692,HIP 83949,143.87149208738808,142.2684334909103,catalog identifier,HD 155358,5.027826942189893,1.1142294927365273,,
HD 155918,2,matched_outside_radius,84729,Gl 667.1,91.43728818013356,89.89195926251163,catalog identifier,HD 155918,21.457453301335192,1.6900423759042356,,
HD 156098,2,matched_outside_radius,84293,HIP 84551,157.7921724447164,157.3671906845515,catalog identifier,HD 156098,1.866828607393337,0.269330064717758,,
HD 156279,2,matched_outside_radius,83912,HIP 84171,119.383671248415,118.05067013268666,catalog identifier,HD 156279,2.483520371522511,1.1165690431437776,,
HD 156411,1,matched_outside_radius,84529,Inquill,178.71575638800093,185.47045497051468,catalog identifier,HD 156411,3.3390769618006853,3.779576417341153,,
HD 156668,2,matched_outside_radius,84349,HIP 84607,79.82285956964033,79.36134829517114,catalog identifier,HD 156668,3.5723880511798027,0.5781693075860742,,
HD 156846,1,matched_outside_radius,84598,HIP 84856,155.312405504936,155.68487608828852,catalog identifier,HD 156846,3.1094564265205045,0.23982023982023298,,
HD 158038,1,matched_outside_radius,85035,HIP 85294,337.9857433801519,309.4000938115456,catalog identifier,HD 158038,1.2683806578700623,8.457649509924556,,
HD 158259,5,matched_outside_radius,85009,HIP 85268,89.55406125519708,88.22464785962364,catalog identifier,HD 158259,1.872091502783166,1.484481414846266,,
HD 158996,1,matched_outside_radius,84512,HIP 84769,959.2833103874202,925.1719194675369,catalog identifier,HD 158996,0.42838704877648826,3.555924568947928,,
HD 15906,2,matched_outside_radius,11836,HIP 11865,146.91714034250703,148.6036949716803,catalog identifier,HD 15906,3.066378900130683,1.1479631479631462,,
HD 159243,2,matched_outside_radius,85649,HIP 85911,225.71391194785048,239.09056346714726,catalog identifier,HD 159243,0.9168256989020378,5.926374410801649,,
HD 159868,2,matched_outside_radius,86109,GJ 4014,191.4061748885817,182.1593154239343,catalog identifier,HD 159868,4.857633988092716,4.83101418751513,,
HD 1605,2,matched_outside_radius,1636,HIP 1640,258.85433533127105,289.64219276222076,catalog identifier,HD 1605,1.707309095392239,11.893892907587842,,
HD 160691,4,matched_outside_radius,86529,Cervantes,50.59044190402178,50.87419795263534,catalog identifier,HD 160691,2.9718764085408993,0.5608886539316988,,
HD 161178,1,matched_outside_radius,85956,HIP 86219,362.79906828408633,349.60049814702285,catalog identifier,HD 161178,0.5725215124517683,3.6379834709852243,,
HD 16141,1,matched_outside_radius,12017,GJ 9085,127.05747850333454,123.24177504042635,catalog identifier,HD 16141,7.203245337440245,3.00313173837151,,
HD 16175,1,matched_outside_radius,12159,Buna,188.74800041019023,195.23394613746538,catalog identifier,HD 16175,0.9552431930807344,3.4362990406149003,,
HD 162020,1,matched_outside_radius,87060,HIP 87330,95.98488655463811,100.5370511184307,catalog identifier,HD 162020,0.5310783464418523,4.742584720565705,,
HD 163607,2,matched_outside_radius,87330,HIP 87601,224.47092999237196,221.08673141718305,catalog identifier,HD 163607,2.3656414818774127,1.5076333382250984,,
HD 16417,1,matched_outside_radius,12154,Gl 105.1,84.082461862621,82.82284593187893,catalog identifier,HD 16417,4.0223473008122195,1.4980721339963936,,
HD 164509,1,matched_outside_radius,87995,HIP 88268,171.03118597261673,173.227849176539,catalog identifier,HD 164509,0.33781461192525414,1.284364130103125,,
HD 164595,1,matched_outside_radius,87921,HIP 88194,92.50023181511243,92.15222296008866,catalog identifier,HD 164595,3.5369836306233124,0.3762248463542861,,
HD 164604,2,matched_outside_radius,88141,Pincoya,133.94524888795672,128.38591342977483,catalog identifier,HD 164604,0.9083025010890888,4.150453640078105,,
HD 164922,4,matched_outside_radius,88075,Gl 700.2,72.14252918716646,71.759621599727,catalog identifier,HD 164922,11.31338770073413,0.5307654053076538,,
HD 165131,1,matched_outside_radius,88321,HIP 88595,183.33706610386946,187.29953993675016,catalog identifier,HD 165131,2.1559371563381666,2.1613053579878816,,
HD 165155,1,matched_outside_radius,88375,HIP 88650,211.92760801814146,206.64420085550793,catalog identifier,HD 165155,1.3245639179786206,2.493024487013159,,
HD 1666,1,matched_outside_radius,1662,HIP 1666,353.7488811152021,384.5644618382577,catalog identifier,HD 1666,0.9349800815713911,8.711145778301471,,
HD 166724,1,matched_outside_radius,89077,HIP 89354,138.0264436423263,147.20807183143037,catalog identifier,HD 166724,1.411000782453067,6.652079084857667,,
HD 167042,1,matched_outside_radius,88770,HIP 89047,163.8153022720115,161.9800203345994,catalog identifier,HD 167042,4.35830978622288,1.1203360809142666,,
HD 16760,1,matched_outside_radius,12606,HIP 12638,148.2527507092571,163.65095207328002,catalog identifier,HD 16760,2.073344879570927,10.386452386452376,,
HD 167677,1,matched_outside_radius,89305,HIP 89583,188.63873802365512,177.18706144564254,catalog identifier,HD 167677,3.5145597474088657,6.070691893929307,,
HD 167768,1,matched_outside_radius,89309,HIP 89587,337.2867902627049,349.6852988052292,catalog identifier,HD 167768,4.255653643600364,3.675954380800793,,
HD 168009,1,matched_outside_radius,89196,Gl 708.4,74.43084233322712,76.00487301208813,catalog identifier,HD 168009,2.2683498170950847,2.11475596610081,,
HD 168443,2,matched_outside_radius,89566,GJ 4052,122.06435051686891,129.23783388837094,catalog identifier,HD 168443,3.7641050540355314,5.876804604396507,,
HD 168746,1,matched_outside_radius,89726,Alasia,139.38292801725026,135.5770092456736,catalog identifier,HD 168746,1.1204050529675658,2.7305487305487266,,
HD 168863,1,matched_outside_radius,89776,HIP 90055,134.16540444291553,130.12954542504855,catalog identifier,HD 168863,4.089816481558835,3.0081219779605375,,
HD 1690,1,matched_outside_radius,1688,HIP 1692,1012.907985073341,2454.701822152868,catalog identifier,HD 1690,0.3280181576319548,142.34203484684068,,Catalog distances differ by >20%; HYG controls selection.
HD 16905,1,matched_outside_radius,12403,HIP 12436,128.40809206345958,129.6148706610115,catalog identifier,HD 16905,2.9658347206171776,0.9397994925082676,,
HD 169142,1,unmatched_other,,,,370.5136450862204,unassigned,HD 169142,,,,Position candidates require review; component identity is preserved.
HD 169830,2,matched_outside_radius,90206,HIP 90485,119.383671248415,122.65045352762588,catalog identifier,HD 169830,0.2653531118949984,2.736372776150709,,
HD 170469,1,matched_outside_radius,90313,HIP 90593,204.6151820297321,196.2743849823818,catalog identifier,HD 170469,0.8167129879272779,4.076333419940616,,
HD 17092,1,unmatched_other,,,,745.0129211081394,unassigned,HD 17092,,,,Position candidates require review; component identity is preserved.
HD 171028,1,unmatched_other,,,,364.1829497947385,unassigned,HD 171028,,,,Position candidates require review; component identity is preserved.
HD 171238,1,matched_outside_radius,90803,HIP 91085,163.98001124275845,146.154912887783,catalog identifier,HD 171238,1.7610875978451375,10.870287311169225,,
HD 17156,1,matched_outside_radius,13159,Nushagak,244.67860068656825,254.68344757302933,catalog identifier,HD 17156,2.020108079733908,4.088975030259076,,
HD 173416,1,matched_outside_radius,91566,Xihe,454.8903000015419,431.12654632109997,catalog identifier,HD 173416,0.9793695391201467,5.224062522406253,,
HD 174205,1,matched_outside_radius,91526,HIP 91811,626.0199852002291,763.2939860791629,catalog identifier,HD 174205,0.13699074644091927,21.928054075626257,,Catalog distances differ by >20%; HYG controls selection.
HD 175167,1,matched_outside_radius,92988,HIP 93281,219.48628207172698,231.8525011328573,catalog identifier,HD 175167,2.9680139453626655,5.6341648983279535,,
HD 175541,1,matched_outside_radius,92604,Kaveh,414.4299490330245,422.7084502122309,catalog identifier,HD 175541,1.408775312324244,1.9975634479415254,,
HD 175607,1,matched_outside_radius,93080,HIP 93373,147.6490352541034,131.53984560229574,catalog identifier,HD 175607,6.5726899463193185,10.910460487658323,,
HD 17674,1,matched_outside_radius,13257,HIP 13291,155.68324530639995,144.89953698995126,catalog identifier,HD 17674,2.2091912936108162,6.926698049764626,,
HD 176986,3,matched_outside_radius,93246,HIP 93540,86.14801020270113,90.62026645395312,catalog identifier,HD 176986,4.165811892270781,5.191363376506361,,
HD 177565,1,matched_outside_radius,93563,Gl 744,55.29948768549611,55.17880982574092,catalog identifier,HD 177565,6.567542116742639,0.21822599956354233,,
HD 177830,2,matched_outside_radius,93451,Gl 743.2,192.5363067373702,204.71987822697915,catalog identifier,HD 177830,1.0515730613224812,6.327934557417264,,
HD 178911 B,1,unmatched_other,,,,133.6350741727481,unassigned,HD 178911 B,,,,Position candidates require review; component identity is preserved.
HD 179079,1,matched_outside_radius,93961,HIP 94256,213.73288356880363,227.36882940838527,catalog identifier,HD 179079,2.52499259884063,6.379900748960802,,
HD 179949,1,matched_outside_radius,94350,Gumala,89.8502112461639,89.55373509881936,catalog identifier,HD 179949,2.527916195776657,0.3299671121888229,,
HD 180053,1,matched_outside_radius,94170,HIP 94465,411.8135225709808,446.9744847143566,catalog identifier,HD 180053,0.4651617476116657,8.538078575920343,,
HD 18015,1,matched_outside_radius,13433,HIP 13467,391.07486929386164,403.78485717710544,catalog identifier,HD 18015,0.9592804294727761,3.250013969497292,,
HD 180314,1,matched_outside_radius,94282,HIP 94576,428.58904970246374,399.09146690176146,catalog identifier,HD 180314,0.8433754560967698,6.8824863400453635,,
HD 180617,1,matched_selected,94466,Gl 752A,19.14505321559512,19.27776624568806,catalog identifier,HD 180617,22.543698415082684,0.6931974991056009,,
HD 180902,1,matched_outside_radius,94656,HIP 94951,357.2358189493718,341.0845551248387,catalog identifier,HD 180902,0.6892987594791894,4.521177039870718,,
HD 181234,1,matched_outside_radius,94720,HIP 95015,160.2732440100077,155.72597179188085,catalog identifier,HD 181234,5.295696283505377,2.837199837199833,,
HD 181342,1,matched_outside_radius,94829,Belel,360.7925542483729,392.66292469696447,catalog identifier,HD 181342,0.8930850659547437,8.833433526638615,,
HD 18143,2,matched_outside_radius,13608,Gl 118.2A,76.61641622030703,73.46444098605242,catalog identifier,HD 18143,5.299452415288107,4.113968506685625,,
HD 181433,3,matched_outside_radius,95172,Gl 756.1,87.27748973873422,87.65844038790738,catalog identifier,HD 181433,6.014176322800917,0.43648213338117203,,
HD 181720,1,matched_outside_radius,94967,Sika,189.4055316676672,196.36114257885444,catalog identifier,HD 181720,6.599890511944905,3.67233778757404,,
HD 183263,2,matched_outside_radius,95442,HIP 95740,179.7004224923278,176.76207968547763,catalog identifier,HD 183263,0.5688040096274397,1.635134055945579,,
HD 183579,1,matched_outside_radius,95858,HIP 96160,174.41505839142795,186.77377585587078,catalog identifier,HD 183579,2.425568578751662,7.085808747491849,,
HD 184010,3,matched_outside_radius,95716,HIP 96016,197.43126165414307,198.30079455713593,catalog identifier,HD 184010,0.439086035369842,0.44042311015369207,,
HD 18438,1,matched_outside_radius,14381,HIP 14417,691.0092527113119,731.0664743969714,catalog identifier,HD 18438,0.8156265171113628,5.796915385501292,,
HD 185269,1,matched_outside_radius,96205,HIP 96507,163.98001124275845,169.57424543335605,catalog identifier,HD 185269,1.367763163982475,3.4115342157867055,,
HD 185283,1,matched_outside_radius,96554,HIP 96861,105.21185048024478,102.39679478417156,catalog identifier,HD 185283,3.3099200023868542,2.6756070568322357,,
HD 18599,1,matched_outside_radius,13720,HIP 13754,122.89246155989173,125.78318553559522,catalog identifier,HD 18599,1.0427162544135042,2.352238647522489,,
HD 187085,1,matched_outside_radius,97236,HIP 97546,143.61806858190215,149.70349427734115,catalog identifier,HD 187085,1.6029868735139012,4.237228473775649,,
HD 187123,2,matched_outside_radius,97027,HIP 97336,157.41122179554327,149.88451106697397,catalog identifier,HD 187123,3.0992683376047823,4.78155918155919,,
HD 18742,1,matched_outside_radius,13959,Ayeyarwady,441.34828719874275,530.6075030884839,catalog identifier,HD 18742,0.4967955089641999,20.224212595515738,,Catalog distances differ by >20%; HYG controls selection.
HD 188015,1,matched_outside_radius,97458,HIP 97769,185.9499048457583,165.26539352734014,catalog identifier,HD 188015,1.669306967698248,11.123700942775711,,
HD 188641,1,matched_outside_radius,97911,HIP 98222,202.07964234936213,209.84868726657493,catalog identifier,HD 188641,0.6127016902812852,3.844546054659693,,
HD 189567,2,matched_outside_radius,98643,Gl 776,57.81904570335796,58.399930212071475,catalog identifier,HD 189567,20.51667674233065,1.0046594537270022,,
HD 189733,1,matched_outside_radius,98194,GJ 4130,63.44230781157233,64.46089417918172,catalog identifier,HD 189733,3.878292707020542,1.6055317070662956,,
HD 190007,1,matched_outside_radius,98385,Gl 775,41.944036330750905,41.46784801928447,catalog identifier,HD 190007,2.2940607143245586,1.135294437834846,,
HD 190228,1,matched_outside_radius,98400,HIP 98714,200.9589690355274,204.54766765954471,catalog identifier,HD 190228,2.0501982414519,1.7857867410649755,,
HD 190360,3,matched_outside_radius,98454,Gl 777A,51.72155222194344,52.207525224741396,catalog identifier,HD 190360,14.013587673816227,0.9395947761052907,,
HD 190647,1,matched_outside_radius,98799,HIP 99115,186.80215146073215,177.66977288466333,catalog identifier,HD 190647,3.235458238874546,4.888797320939076,,
HD 190984,1,matched_outside_radius,99178,HIP 99496,597.3560581009709,483.3213514471105,catalog identifier,HD 190984,0.7100194144186182,19.0899054437287,,
HD 191806,1,matched_outside_radius,98989,HIP 99306,226.34045834944433,214.1764562424984,catalog identifier,HD 191806,2.584196544404886,5.374205829417421,,
HD 191939,6,matched_outside_radius,98859,HIP 99175,188.0947091856236,174.84884637379122,catalog identifier,HD 191939,3.2652828886304115,7.042124081629821,,
HD 192263,1,matched_outside_radius,99392,HIP 99711,63.00101823252157,64.043740172082,catalog identifier,HD 192263,4.140740650579917,1.6550874395585105,,
HD 192310,2,matched_selected,99507,Gl 785,29.06412097471671,28.69155254445088,catalog identifier,HD 192310,20.653493889613735,1.2818843913770372,,
HD 192699,1,matched_outside_radius,99574,Chechia,214.01337805364003,234.38477924945013,catalog identifier,HD 192699,1.0468952166919958,9.518751295399968,,
HD 194490,1,matched_outside_radius,100616,HIP 100942,238.0703463176493,261.69124350465125,catalog identifier,HD 194490,2.6847123200956617,9.921814099218137,,
HD 195019,1,matched_outside_radius,100644,HIP 100970,125.63804594751127,122.8569105147206,catalog identifier,HD 195019,5.668895406113091,2.213609270835493,,
HD 196050,1,matched_outside_radius,101478,HIP 101806,162.9966497639425,165.27713515693793,catalog identifier,HD 196050,3.956046161025696,1.3990995497748826,,
HD 196067,2,matched_outside_radius,101794,Mu 2Oct,144.38094834938164,130.24924481567058,catalog identifier,HD 196067,4.271683771902701,9.787789660111049,,
HD 19615,1,matched_outside_radius,15096,HIP 15135,942.6483566547331,864.8199433348307,catalog identifier,HD 19615,0.4930441137250345,8.256356972402692,,
HD 196885 A,1,unmatched_other,,,,111.44502501478945,unassigned,HD 196885 A,,,,Position candidates require review; component identity is preserved.
HD 197037,1,matched_outside_radius,101619,HIP 101948,105.449944635978,108.26565264480665,catalog identifier,HD 197037,3.6199013980048718,2.6701844354197735,,
HD 199509,1,matched_outside_radius,104099,HIP 104436,77.74883116373957,79.27426454232076,catalog identifier,HD 199509,6.126326784781689,1.962001686390148,,
HD 19994,1,matched_outside_radius,14917,Gl 128A,73.64121774277488,73.4641148296747,catalog identifier,HD 19994,3.1844912340256695,0.24049427552759395,,
HD 20003,2,matched_outside_radius,14494,HIP 14530,142.8630165674879,136.4364313009572,catalog identifier,HD 20003,1.5494007644118029,4.4984247294644035,,
HD 200964,2,matched_outside_radius,103867,HIP 104202,235.49208015179846,236.76409002489376,catalog identifier,HD 200964,1.6770909780059635,0.5401497461296201,,
HD 202206,2,matched_outside_radius,104565,HIP 104903,147.8496214263992,149.92267136316684,catalog identifier,HD 202206,1.9793422091674207,1.4021340851384017,,
HD 202696,2,matched_outside_radius,104718,HIP 105056,433.718511054815,614.9548039298109,catalog identifier,HD 202696,0.9566463657573713,41.786616954444575,,Catalog distances differ by >20%; HYG controls selection.
HD 202772 A,1,unmatched_other,,,,526.7360268849861,unassigned,HD 202772 A,,,,Position candidates require review; component identity is preserved.
HD 203030,1,matched_outside_radius,104893,HIP 105232,133.3428380583139,128.01735672295493,catalog identifier,HD 203030,2.2288930343565743,3.9938262998647267,,
HD 20329,1,matched_outside_radius,15211,HIP 15249,219.6340309108327,207.69507670451128,catalog identifier,HD 20329,3.6014226212970297,5.435839863617675,,
HD 203387,2,matched_outside_radius,105175,32Iot Cap,196.7166530305657,201.39406164340153,catalog identifier,HD 203387,0.49410036722527745,2.3777390174023783,,
HD 2039,1,matched_outside_radius,1926,HIP 1931,334.51935339777833,279.49057550578715,catalog identifier,HD 2039,1.5521688052898692,16.450102911252568,,
HD 204313,3,matched_outside_radius,105665,HIP 106006,154.50321153182077,155.8848099478289,catalog identifier,HD 204313,4.245818243834797,0.8942198691601815,,
HD 204941,1,matched_outside_radius,106011,HIP 106353,87.74715492264633,93.6606962070286,catalog identifier,HD 204941,4.879540700086775,6.7392968918426615,,
HD 205158,1,matched_outside_radius,106273,HIP 106615,265.3836598567826,282.5032819667567,catalog identifier,HD 205158,0.6182413894789031,6.450895326114999,,
HD 205739,1,matched_outside_radius,106481,Sāmaya,351.4615464382746,301.72302499284893,catalog identifier,HD 205739,1.3101366795384235,14.151909917166702,,
HD 206255,1,matched_outside_radius,106817,HIP 107160,271.57052018569146,245.38799080810216,catalog identifier,HD 206255,1.5419546793987968,9.641153008686846,,
HD 206610,1,matched_outside_radius,106908,Bosona,632.0858415130051,480.07609548882886,catalog identifier,HD 206610,0.06031789637683229,24.04890855652058,,Catalog distances differ by >20%; HYG controls selection.
HD 206893,2,matched_outside_radius,107069,HIP 107412,125.0600968461972,132.9357948989234,catalog identifier,HD 206893,1.5005029591281416,6.297530748286536,,
HD 207496,1,matched_outside_radius,107819,GJ 4229A,89.21127090221678,76.99247452381444,catalog identifier,HD 207496,5.807141499717341,13.696471594710491,,
HD 20781,4,matched_outside_radius,15487,HIP 15526,115.37194780249904,117.32334141037832,catalog identifier,HD 20781,5.865676617933261,1.691393484332777,,
HD 20782,1,matched_outside_radius,15488,HIP 15527,115.86379162009591,117.37193871065813,catalog identifier,HD 20782,5.884506561992197,1.3016552190068753,,
HD 207832,2,matched_outside_radius,107642,HIP 107985,177.5484427121527,192.2010179810774,catalog identifier,HD 207832,3.0430714366717084,8.252719677569871,,
HD 207897,1,matched_outside_radius,106695,HIP 107038,91.87499003902943,92.28203319841992,catalog identifier,HD 207897,8.1315678239476,0.4430402215201124,,
HD 20794,4,matched_selected,15471,82 G. Eri,19.710934530933667,19.578449810305123,catalog identifier,HD 20794,55.35382328730088,0.672138200350805,,
HD 208487,1,matched_outside_radius,108030,Itonda,149.54432996501538,147.2498198477781,catalog identifier,HD 208487,2.5459314504512847,1.534334412928972,,
HD 208527,1,matched_outside_radius,107951,HIP 108296,1315.14666329936,1018.266734359227,catalog identifier,HD 208527,0.2304412894321266,22.573902761182442,,Catalog distances differ by >20%; HYG controls selection.
HD 20868,1,matched_outside_radius,15539,Intan,150.71914523755112,155.6493250431174,catalog identifier,HD 20868,5.189546168008019,3.2711038785389404,,
HD 208897,1,matched_outside_radius,108168,HIP 108513,210.9680559548988,220.113806942454,catalog identifier,HD 208897,1.325408938268218,4.33513545269167,,
HD 209458,1,matched_outside_radius,108513,HIP 108859,161.86423482050995,157.5387489392305,catalog identifier,HD 209458,0.5573693685215494,2.6722925457102673,,
HD 210193,1,matched_outside_radius,109035,HIP 109381,138.61287280946104,137.64744993141946,catalog identifier,HD 210193,3.040409931184388,0.6964886149994456,,
HD 210277,1,matched_outside_radius,109033,Gl 848.4,70.32257659950703,69.46641610800059,catalog identifier,HD 210277,7.116642587727776,1.2174759983303154,,
HD 210702,1,matched_outside_radius,109231,HIP 109577,179.20694789284232,176.76468893649937,catalog identifier,HD 210702,0.2591957554174823,1.3628148824917885,,
HD 211403,1,matched_outside_radius,109530,HIP 109876,284.8525863554504,271.0095312160186,catalog identifier,HD 211403,2.025722562194982,4.8597259784602596,,
HD 211810,1,matched_outside_radius,109748,HIP 110094,196.36146873523217,210.81215320635022,catalog identifier,HD 211810,3.7652650171138795,7.359226106931848,,
HD 211970,1,matched_outside_radius,110097,GJ 1267,44.13482871987428,42.816830797520915,catalog identifier,HD 211970,5.088343818407212,2.9862989402740188,,
HD 212301,1,matched_outside_radius,110506,HIP 110852,179.20694789284232,176.8759082613008,catalog identifier,HD 212301,2.245726568588315,1.3007529333825827,,
HD 212771,1,matched_outside_radius,110467,Lionrock,427.46576713760726,362.53912165104606,catalog identifier,HD 212771,2.108934191691657,15.188735678490113,,
HD 213240,1,matched_outside_radius,110796,HIP 111143,132.53005636504375,133.30239466747702,catalog identifier,HD 213240,3.9144862705619685,0.582764637408672,,
HD 213472,1,matched_outside_radius,110789,HIP 111136,214.85942769743727,210.2165916606394,catalog identifier,HD 213472,3.8625863638283335,2.160871452816046,,
HD 213519,1,matched_outside_radius,110801,HIP 111148,135.95502448744728,133.7286810531528,catalog identifier,HD 213519,3.220889760284951,1.6375587755493735,,
HD 213885,2,matched_outside_radius,111203,HIP 111553,158.40534643482388,156.84305738556068,catalog identifier,HD 213885,2.5163163872574343,0.9862603027139789,,
HD 21411,1,matched_outside_radius,15973,Gl 141.2,95.14470772563979,95.0184852074634,catalog identifier,HD 21411,5.044749351512045,0.13266373001046286,,
HD 214823,1,matched_outside_radius,111575,HIP 111928,318.201423664232,330.61819696390836,catalog identifier,HD 214823,1.3916141414830692,3.9021740244564813,,
HD 215152,4,matched_outside_radius,111836,GJ 4291,70.18656938999915,70.44129752099593,catalog identifier,HD 215152,5.083739093186181,0.3629300209579269,,
HD 21520,1,matched_outside_radius,15999,HIP 16038,278.29032003578953,258.3419436618781,catalog identifier,HD 21520,0.3527520028266216,7.168189095239106,,
HD 215497,2,matched_outside_radius,112085,HIP 112441,142.17808817428275,132.24597416005247,catalog identifier,HD 215497,1.418926390779685,6.9856854468709875,,
HD 216435,1,matched_outside_radius,112684,GJ 9802,106.37851184333758,107.57746268782432,catalog identifier,HD 216435,4.213900216570765,1.1270611176178509,,
HD 216437,1,matched_outside_radius,112777,Rho Ind,87.23084937672073,87.05178952535422,catalog identifier,HD 216437,1.457110407979941,0.20527124594785567,,
HD 216520,2,matched_outside_radius,112168,HIP 112527,64.16604881372578,63.770094971177656,catalog identifier,HD 216520,3.9672891514118134,0.6170768652088672,,
HD 216536,1,unmatched_other,,,,1227.107924575035,unassigned,HD 216536,,,,Position candidates require review; component identity is preserved.
HD 216770,1,matched_outside_radius,112878,HIP 113238,116.02850059084285,119.57708198040103,catalog identifier,HD 216770,4.600993956737827,3.0583704619882246,,
HD 21693,2,matched_outside_radius,16046,HIP 16085,105.62052442152387,108.463303409703,catalog identifier,HD 21693,5.099641745445109,2.691502436433484,,
HD 217107,2,matched_outside_radius,113061,HIP 113421,64.76487192321372,65.43316634115533,catalog identifier,HD 217107,0.26345196533896575,1.0318779271793428,,
HD 217786,2,matched_outside_radius,113474,HIP 113834,178.91177637100867,180.9668877070019,catalog identifier,HD 217786,2.980133032329584,1.1486730374480878,,
HD 217958,1,matched_outside_radius,113588,HIP 113948,185.10581214022736,201.55061670470553,catalog identifier,HD 217958,2.7538254523659225,8.88400227650355,,
HD 218566,1,matched_outside_radius,113961,Ebla,93.13427981339377,94.02240362991647,catalog identifier,HD 218566,9.89122913194791,0.9535949795308065,,
HD 219077,1,matched_outside_radius,114337,HIP 114699,95.73113689277447,95.19330502591957,catalog identifier,HD 219077,11.694840456708738,0.5618149792343078,,
HD 219134,6,matched_selected,114260,Gl 892,21.350848798093452,21.302153650900344,catalog identifier,HD 219134,40.7232859619981,0.22807124744125853,,
HD 219139,1,matched_outside_radius,114279,HIP 114641,345.50462635565594,342.2521949570646,catalog identifier,HD 219139,0.12234890371571641,0.9413568301234113,,
HD 219415,1,unmatched_other,,,,538.7581509676253,unassigned,HD 219415,,,,Position candidates require review; component identity is preserved.
HD 219666,1,unmatched_other,,,,307.1476578670338,unassigned,HD 219666,,,,Position candidates require review; component identity is preserved.
HD 219828,2,matched_outside_radius,114738,HIP 115100,235.83258741013475,238.46597400381972,catalog identifier,HD 219828,0.15166642185719714,1.1166338895757804,,
HD 220074,1,matched_outside_radius,114855,HIP 115218,1058.9491978209696,1058.5079082419188,catalog identifier,HD 220074,0.17700685994508775,0.041672403167094155,,
HD 220197,1,matched_outside_radius,114995,HIP 115359,205.001025024571,210.08058445113156,catalog identifier,HD 220197,6.502287026020007,2.4778214772105356,,
HD 220689,1,matched_outside_radius,115297,HIP 115662,145.34604507104547,152.8949344332995,catalog identifier,HD 220689,2.760037755011775,5.19373565243149,,
HD 220773,1,matched_outside_radius,115332,HIP 115697,165.982937558317,164.74256485386022,catalog identifier,HD 220773,3.4697040701997084,0.7472892832861046,,
HD 220842,1,matched_outside_radius,115349,HIP 115714,203.466133111036,210.85944588111911,catalog identifier,HD 220842,2.8076921113835516,3.6336822531779434,,
HD 221287,1,matched_outside_radius,115718,Poerava,180.296636350794,182.3967572669121,catalog identifier,HD 221287,3.5529873474977123,1.1648142520152154,,
HD 221416,1,matched_outside_radius,115792,HIP 116158,316.65674705936544,311.6368742499271,catalog identifier,HD 221416,1.7608460414912366,1.5852726512400217,,
HD 221420,1,matched_outside_radius,115884,GJ 4340,102.53280199367944,101.56998836665963,catalog identifier,HD 221420,0.33033927840813954,0.9390298600043825,,
HD 221585,1,matched_outside_radius,115855,HIP 116221,187.4463103067227,182.1697524280212,catalog identifier,HD 221585,8.921675964457705,2.8149702547184465,,
HD 222076,1,matched_outside_radius,116264,HIP 116630,272.2508823896086,297.30393223116477,catalog identifier,HD 222076,1.855691143315391,9.202192338794223,,
HD 222155,1,matched_outside_radius,116250,HIP 116616,160.03743294891848,165.06056732213403,catalog identifier,HD 222155,4.043955416857094,3.1387246600105474,,
HD 222237,1,matched_outside_radius,116379,Gl 902,37.249341429896106,37.33479440085789,catalog identifier,HD 222237,11.832747765714748,0.2294080047632749,,
HD 222582,1,matched_outside_radius,116540,HIP 116906,136.23910669243855,137.50296265609094,catalog identifier,HD 222582,2.832645765107932,0.9276748756915735,,
HD 224018,3,unmatched_other,,,,344.0297472156209,unassigned,HD 224018,,,,Position candidates require review; component identity is preserved.
HD 224538,1,matched_outside_radius,117860,HIP 118228,253.6208300944282,257.861841473879,catalog identifier,HD 224538,1.6843285158093613,1.6721857498344368,,
HD 224693,1,matched_outside_radius,117951,Axólotl,321.0200670804601,304.96110551082074,catalog identifier,HD 224693,2.393225846441368,5.002479039920682,,
HD 22496,1,matched_outside_radius,16670,Gl 146,44.38107678505042,44.342916488857554,catalog identifier,HD 22496,8.857150081358151,0.08598325898599395,,
HD 22532,1,matched_outside_radius,16691,HIP 16732,537.3250198439379,525.7086342951784,catalog identifier,HD 22532,1.1423680225309623,2.16189180100592,,
HD 22781,1,matched_outside_radius,17146,HIP 17187,106.90134051681751,106.33806845250069,catalog identifier,HD 22781,1.595426951822989,0.5269083264939971,,
HD 22946,3,matched_outside_radius,17006,HIP 17047,194.95312549625126,204.75836467954974,catalog identifier,HD 22946,1.9423214580718384,5.029536796775802,,
HD 23079,2,matched_outside_radius,17055,Tupi,110.52395940411738,109.12898857662286,catalog identifier,HD 23079,3.936946489616893,1.262143371460278,,
HD 23127,1,matched_outside_radius,17013,HIP 17054,321.9708129215044,306.1156990879381,catalog identifier,HD 23127,2.6500995028175676,4.924394757928493,,
HD 231701,1,matched_outside_radius,95777,Uruk,386.4411656356399,355.1092793666586,catalog identifier,HD 231701,1.0193810398860685,8.10780244321146,,
HD 233604,1,unmatched_other,,,,2762.7336899598918,unassigned,HD 233604,,,,Position candidates require review; component identity is preserved.
HD 233832,1,matched_outside_radius,55640,HIP 55806,189.62568722262597,191.59077939836936,catalog identifier,HD 233832,9.075244863194674,1.0363006217803716,,
HD 23472,5,matched_outside_radius,17222,HIP 17264,134.00004315941314,127.31220663433132,catalog identifier,HD 23472,2.168469348963336,4.990921172410099,,
HD 235088,1,matched_outside_radius,98356,HIP 98668,135.95502448744728,134.28053764424953,catalog identifier,HD 235088,3.8582735649181927,1.2316476345840064,,
HD 23596,1,matched_outside_radius,17705,HIP 17747,164.47609509326563,169.60718722750545,catalog identifier,HD 23596,1.005276081130459,3.1196582891454447,,
HD 238090,1,matched_outside_radius,59332,Gl 458A,50.62175291628258,49.691228770656714,catalog identifier,HD 238090,4.686313232571843,1.8381902878091803,,
HD 238914,1,matched_outside_radius,91105,HIP 91388,326156.3777167433,1694.2258271771775,catalog identifier,HD 238914,0.11299738225799034,99.48054799999998,,Catalog distances differ by >20%; HYG controls selection.
HD 240210,1,unmatched_other,,,,1214.622658436038,unassigned,HD 240210,,,,Position candidates require review; component identity is preserved.
HD 240237,1,matched_outside_radius,114478,HIP 114840,326156.3777167433,3044.268613641207,catalog identifier,HD 240237,0.06019724790520366,99.066623,,Catalog distances differ by >20%; HYG controls selection.
HD 24040,2,matched_outside_radius,17918,HIP 17960,151.9833273575812,152.06193104461093,catalog identifier,HD 24040,4.289211442628385,0.05171862492837104,,
HD 24064,1,matched_outside_radius,18403,HIP 18451,876.7644421995734,979.2747394031904,catalog identifier,HD 24064,0.35748145262828945,11.691885787070172,,
HD 24085,1,matched_outside_radius,17473,HIP 17515,170.67306626988375,179.06115599200294,catalog identifier,HD 24085,1.517182279026792,4.9147120312792545,,
HD 25015,1,matched_outside_radius,18480,HIP 18527,120.84354719507515,122.09011687070853,catalog identifier,HD 25015,2.5106619490584,1.0315566735401054,,
HD 25171,1,matched_outside_radius,18341,HIP 18387,179.30544711891278,181.39056484165596,catalog identifier,HD 25171,3.21813847841183,1.1628858778396949,,
HD 25463,2,matched_outside_radius,18846,HIP 18893,148.05085991145043,148.78634254320167,catalog identifier,HD 25463,2.9455400968580148,0.4967770077060946,,
HD 25723,1,matched_outside_radius,18963,HIP 19011,384.61827764058097,374.47970663925605,catalog identifier,HD 25723,0.338193719674694,2.6360086326420653,,
HD 25912,2,matched_outside_radius,18897,HIP 18944,160.9852433825633,160.35837082459173,catalog identifier,HD 25912,2.7336467892313516,0.38939752787271786,,
HD 260655,2,matched_outside_radius,31555,Gl 239,31.789157510540107,32.63357637244875,catalog identifier,HD 260655,13.193936665373304,2.656310918679322,,
HD 26161,1,matched_outside_radius,19379,HIP 19428,132.58387216736702,133.43970650249577,catalog identifier,HD 26161,1.564199245399247,0.6455041032806554,,
HD 2638,1,matched_outside_radius,2344,HIP 2350,162.83389773146183,179.2623944770542,catalog identifier,HD 2638,3.839621656180991,10.08911349201103,,
HD 2685,1,unmatched_other,,,,642.0453526629636,unassigned,HD 2685,,,,Position candidates require review; component identity is preserved.
HD 27442,1,matched_outside_radius,19871,Gl 167.3,59.48505248073508,59.59007483435987,catalog identifier,HD 27442,2.76780689875548,0.1765525106644272,,
HD 27631,1,matched_outside_radius,20149,HIP 20199,148.38777944963184,164.01164841139698,catalog identifier,HD 27631,1.5910443104841598,10.52908064243152,,
HD 278555,1,unmatched_other,,,,945.2957679726601,unassigned,HD 278555,,,,Position candidates require review; component identity is preserved.
HD 27894,3,matched_outside_radius,20227,HIP 20277,143.1138308219521,142.92629090476495,catalog identifier,HD 27894,5.522947792132154,0.1310424828334451,,
HD 27969,1,matched_outside_radius,20701,HIP 20753,240.8834450754562,221.56715976155982,catalog identifier,HD 27969,3.6491485251439193,8.018934347209129,,
HD 28109,3,matched_outside_radius,20245,HIP 20295,458.08467556489967,455.35018049412247,catalog identifier,HD 28109,0.4908536557267062,0.5969409623679469,,
HD 28185,2,matched_outside_radius,20672,HIP 20723,138.08482563393764,128.44331695225296,catalog identifier,HD 28185,1.6449844031817265,6.982308618938531,,
HD 28192,1,matched_outside_radius,20700,HIP 20752,167.86225060672086,162.44642395473434,catalog identifier,HD 28192,0.7577263251302869,3.226351745202731,,
HD 28254,1,matched_outside_radius,20554,HIP 20606,178.32502104749628,180.32664273754392,catalog identifier,HD 28254,2.553125343560387,1.1224570047938105,,
HD 284149 A,1,unmatched_other,,,,384.23504389676384,unassigned,HD 284149 A,,,,Position candidates require review; component identity is preserved.
HD 28471,3,matched_outside_radius,20572,GJ 9156,138.9080443312947,142.3525818363612,catalog identifier,HD 28471,5.143845275794338,2.4797250019958037,,
HD 285507,1,matched_outside_radius,19159,HIP 19207,134.83108960983537,146.8659337912055,catalog identifier,HD 285507,2.0143665718250103,8.925867332375413,,
HD 285968,1,matched_outside_radius,21879,Gl 176,30.247416313073057,30.888476673475317,catalog identifier,HD 285968,20.253645860937723,2.119388822394033,,
HD 28678,1,matched_outside_radius,21057,Hoggar,739.5837220446665,619.3970537943129,catalog identifier,HD 28678,0.1390639349547619,16.250583222421852,,
HD 29021,1,matched_outside_radius,21518,HIP 21571,98.65578113176052,101.08858155314971,catalog identifier,HD 29021,1.3014884854480153,2.4659481618619377,,
HD 290327,1,matched_outside_radius,25128,HIP 25191,184.7910712357307,184.05982863688976,catalog identifier,HD 290327,1.598258426864108,0.39571316619953556,,
HD 29399,1,matched_outside_radius,21200,HIP 21253,147.24884137864498,144.00391157674107,catalog identifier,HD 29399,2.398293612232192,2.203704811204365,,
HD 2952,1,matched_outside_radius,2605,HIP 2611,372.3247914516815,359.1079565574659,catalog identifier,HD 2952,1.4775275223050823,3.5498132806799183,,
HD 29985,1,matched_outside_radius,21812,HIP 21865,99.52890175490825,101.99138240666966,catalog identifier,HD 29985,4.574635096235021,2.4741362642836395,,
HD 30177,2,matched_outside_radius,21797,HIP 21850,172.29602040540226,181.29956721227296,catalog identifier,HD 30177,1.331198333773131,5.2256266776713085,,
HD 30562,1,matched_outside_radius,22283,HIP 22336,86.17084114914131,85.32152994156691,catalog identifier,HD 30562,6.17453101933896,0.9856132262936197,,
HD 30669,1,matched_outside_radius,22267,HIP 22320,186.26855962678755,189.44597505850408,catalog identifier,HD 30669,4.029113645003551,1.7058248789183077,,
HD 307842,1,unmatched_other,,,,210.69604153588304,unassigned,HD 307842,,,,Position candidates require review; component identity is preserved.
HD 30856,1,matched_outside_radius,22438,Mouhoun,385.0726134747404,427.91390600059015,catalog identifier,HD 30856,0.4250060206848994,11.125510105553108,,
HD 31253,1,matched_outside_radius,22773,HIP 22826,164.06252880632078,189.6397119468678,catalog identifier,HD 31253,1.5579888975916092,15.58989936741826,,
HD 31527,3,matched_outside_radius,22852,HIP 22905,125.78351169197292,125.39832100988946,catalog identifier,HD 31527,2.2790532876684666,0.30623304827643,,
HD 3167,4,matched_outside_radius,2730,HIP 2736,149.47583712569488,154.23902486587022,catalog identifier,HD 3167,3.1547466348200217,3.1865937878440738,,
HD 32518,1,matched_outside_radius,23949,Mago,393.43363221750917,398.2858606488011,catalog identifier,HD 32518,1.6176069672820574,1.2333029090429692,,
HD 32963,1,matched_outside_radius,23829,HIP 23884,118.6886320075006,124.19578244524783,catalog identifier,HD 32963,1.5303457927849222,4.639998241279922,,
HD 330075,1,matched_outside_radius,77281,HIP 77517,161.78400035159163,147.74525138552985,catalog identifier,HD 330075,4.55743088234491,8.677464357138245,,
HD 331093,1,matched_outside_radius,96639,HIP 96946,179.6015971098796,163.70701835460954,catalog identifier,HD 331093,3.0705836246423917,8.849909472434039,,
HD 33142,3,matched_outside_radius,23789,HIP 23844,410.7763452898415,395.8723034536972,catalog identifier,HD 33142,0.5233278741027125,3.6282619500955136,,
HD 332231,1,unmatched_other,,,,263.09893443087674,unassigned,HD 332231,,,,Position candidates require review; component identity is preserved.
HD 33283,1,matched_outside_radius,23834,HIP 23889,307.1153683856399,293.0916226129531,catalog identifier,HD 33283,1.1829980014653236,4.566279390837069,,
HD 33564,1,matched_outside_radius,25047,Gl 196,68.11939026803043,68.33987197936695,catalog identifier,HD 33564,3.0830245836179286,0.32366953149313527,,
HD 33844,2,matched_outside_radius,24218,HIP 24275,329.11852993916676,345.0049547849939,catalog identifier,HD 33844,0.6963999772577353,4.826961535336081,,
HD 34445,6,matched_outside_radius,24621,HIP 24681,151.55965022292716,150.32775758429102,catalog identifier,HD 34445,2.2588343985603703,0.812810426009943,,
HD 35759,1,matched_outside_radius,25818,HIP 25883,235.83258741013475,232.36130508209544,catalog identifier,HD 35759,1.5664400969875873,1.4719264908044396,,
HD 35843,2,matched_outside_radius,25296,HIP 25359,221.27296670885931,227.01331895667397,catalog identifier,HD 35843,1.8901953953673176,2.5942401971622413,,
HD 360,1,matched_outside_radius,670,HIP 671,321.0200670804601,363.8013468328098,catalog identifier,HD 360,0.7763739328516833,13.32666837354661,,
HD 36384,1,matched_outside_radius,26573,HIP 26638,702.9230928765492,682.6746526351383,catalog identifier,HD 36384,0.4480821420053644,2.88060535307623,,
HD 3651,1,matched_outside_radius,3087,Gl 27,36.07126459358323,36.312946469471335,catalog identifier,HD 3651,9.397201192361681,0.6700122067001185,,
HD 37124,3,matched_outside_radius,26316,Gl 209,109.81685237722749,103.2721985019633,catalog identifier,HD 37124,6.635977953867442,5.9596079596079665,,
HD 37605,2,matched_outside_radius,26599,HIP 26664,143.42857172644875,152.5968275040664,catalog identifier,HD 37605,3.924398405171509,6.392210190242727,,
HD 3765,1,matched_outside_radius,3198,Gl 28,56.516377130757284,58.4667922695034,catalog identifier,HD 3765,12.112472605124749,3.451061865189283,,
HD 38283,1,matched_outside_radius,26315,Bubup,124.96420687114848,124.14000970465827,catalog identifier,HD 38283,3.469409359177964,0.6595465910811064,,
HD 38529,2,matched_outside_radius,27187,HIP 27253,128.1054189449384,138.13961990539403,catalog identifier,HD 38529,2.474483825294195,7.832768545699433,,
HD 38801,1,matched_outside_radius,27316,HIP 27384,295.9676695516593,298.2207578089265,catalog identifier,HD 38801,1.4740037062839262,0.7612616137027045,,
HD 39091,3,matched_outside_radius,26330,GJ 9189,59.73554057882154,59.58942252160443,catalog identifier,HD 39091,17.739823456739888,0.24460824460825645,,
HD 39194,3,matched_outside_radius,27014,Gl 217.2,84.47450182863652,86.14801020270113,catalog identifier,HD 39194,20.29411148035334,1.9810810810810868,,
HD 39855,1,matched_outside_radius,27853,HIP 27922,76.86918741303751,75.86364730053677,catalog identifier,HD 39855,1.5123989206936517,1.308118566543065,,
HD 40307,5,matched_outside_radius,27818,HIP 27887,42.385652066179375,42.192567490571065,catalog identifier,HD 40307,1.3843761397022898,0.45554230310492544,,
HD 40956,1,matched_outside_radius,28879,HIP 28951,386.4411656356399,380.27550547128254,catalog identifier,HD 40956,0.7258758470922181,1.5954977659317673,,
HD 40979,1,matched_outside_radius,28696,HIP 28767,107.99885672783435,111.1811645052166,catalog identifier,HD 40979,2.9250348284252348,2.9466124677615055,,
HD 41004 A,1,unmatched_other,,,,119.6705910138924,unassigned,HD 41004 A,,,,Position candidates require review; component identity is preserved.
HD 41004 B,1,unmatched_other,,,,135.51927956681774,unassigned,HD 41004 B,,,,Position candidates require review; component identity is preserved.
HD 4113,1,matched_outside_radius,3384,HIP 3391,143.68134291917923,136.5704815721988,catalog identifier,HD 4113,1.9606868011545528,4.9490498922885875,,
HD 42012,1,matched_outside_radius,29169,HIP 29242,121.06761662656655,120.02032849771808,catalog identifier,HD 42012,4.109390285066963,0.8650439795794697,,
HD 4203,2,matched_outside_radius,3494,HIP 3502,251.8582810292469,265.4244294039971,catalog identifier,HD 4203,2.729240571164887,5.386421411005672,,
HD 4208,1,matched_outside_radius,3472,Cocibolca,105.5862780018636,111.52493332733006,catalog identifier,HD 4208,5.656248439148606,5.62445749376793,,
HD 42618,1,matched_outside_radius,29359,GJ 3387,76.65261957823358,79.37276376839122,catalog identifier,HD 42618,5.020613786799175,3.54866435762367,,
HD 4308,1,matched_outside_radius,3490,Gl 31.5,71.93574604369404,71.80593580536278,catalog identifier,HD 4308,11.946412074953107,0.18045303687045294,,
HD 4313,1,matched_outside_radius,3566,HIP 3574,446.7895540481912,444.57723533813845,catalog identifier,HD 4313,0.1606163970401075,0.4951590049515953,,
HD 43197,2,matched_outside_radius,29477,Amadioha,183.64658850632264,203.55810920955213,catalog identifier,HD 43197,2.4748035154177557,10.842303614338006,,
HD 43691,1,matched_outside_radius,29984,HIP 30057,262.1837396350036,279.1927947329317,catalog identifier,HD 43691,0.9094636883645141,6.48745613347613,,
HD 44219,1,matched_outside_radius,30041,HIP 30114,164.47609509326563,172.55335778742077,catalog identifier,HD 44219,1.1502938723267717,4.910903733199007,,
HD 45184,2,matched_outside_radius,30430,GJ 3394,71.36888625922234,71.6017619129121,catalog identifier,HD 45184,3.3510533972124383,0.32629856775951055,,
HD 45350,1,matched_outside_radius,30788,Lucilinburhuc,159.41186501645777,152.88025739630226,catalog identifier,HD 45350,1.1134767754301684,4.097315855053311,,
HD 45364,2,matched_outside_radius,30506,HIP 30579,106.62182450111425,112.04776200081,catalog identifier,HD 45364,0.8738508448438163,5.088955779066645,,
HD 45652,1,matched_outside_radius,30832,Lusitânia,112.04286965514424,113.67887004577145,catalog identifier,HD 45652,3.3799483257077494,1.4601557383014436,,
HD 457,1,matched_outside_radius,724,HIP 726,196.12533151776526,179.50831638585262,catalog identifier,HD 457,2.0068083464893793,8.472651137574978,,
HD 46375,1,matched_outside_radius,31169,HIP 31246,113.56406300081514,96.38866815025145,catalog identifier,HD 46375,2.3022693605884013,15.123970027772268,,
HD 47186,2,matched_outside_radius,31460,HIP 31540,129.11976527963748,122.16969902687141,catalog identifier,HD 47186,4.087460598021759,5.382650934745865,,
HD 4732,2,matched_outside_radius,3825,HIP 3834,188.85726279672534,178.6818361247184,catalog identifier,HD 4732,1.5892692706618643,5.387892698073874,,
HD 47366,2,matched_outside_radius,31594,HIP 31674,260.92510217339463,275.12986473571425,catalog identifier,HD 47366,1.9631446740705525,5.4439999999999955,,
HD 47536,1,matched_outside_radius,31608,HIP 31688,402.16581691811945,399.65897899898863,catalog identifier,HD 47536,2.0695768085987583,0.6233344092596644,,
HD 4760,1,matched_outside_radius,3859,HIP 3869,2651.6777695037185,1754.307093516379,catalog identifier,HD 4760,0.35706207832158454,33.84161855213988,,Catalog distances differ by >20%; HYG controls selection.
HD 48265,2,matched_outside_radius,31812,Nosaxa,278.528088035145,295.3169875781144,catalog identifier,HD 48265,0.6739468535815742,6.027722252863398,,
HD 48948,3,matched_outside_radius,32683,Gl 247,54.23295633036236,55.13445255837144,catalog identifier,HD 48948,8.13307381170444,1.6622664317201743,,
HD 4917,1,matched_outside_radius,3965,HIP 3975,438.3822210997867,666.2624637084317,catalog identifier,HD 4917,0.46149925457262636,51.98209043171343,,Catalog distances differ by >20%; HYG controls selection.
HD 49674,1,matched_outside_radius,32829,Nervia,144.25309504931667,140.37737881290863,catalog identifier,HD 49674,1.9942737669385815,2.686747369325449,,
HD 50499,2,matched_outside_radius,32883,HIP 32970,150.44126000373646,150.95984864430608,catalog identifier,HD 50499,1.5716624666590113,0.34471171044216087,,
HD 50554,3,matched_outside_radius,33125,HIP 33212,97.56413573554258,101.6512013047111,catalog identifier,HD 50554,1.6018734301184534,4.189106517836548,,
HD 51608,2,matched_outside_radius,33142,Gl 253,113.60385407889659,114.33509667773754,catalog identifier,HD 51608,2.5423554254679646,0.6436776329200149,,
HD 52265,1,matched_outside_radius,33632,Citalá,94.45586545590201,97.78266050861279,catalog identifier,HD 52265,2.2011838404600774,3.5220629620549495,,
HD 5278,2,matched_outside_radius,3901,HIP 3911,191.4061748885817,187.8158454826758,catalog identifier,HD 5278,3.2880565108998527,1.875764670599501,,
HD 5319,2,matched_outside_radius,4287,HIP 4297,373.1767119102776,395.97015036701225,catalog identifier,HD 5319,0.7656602901653845,6.107947717330981,,
HD 5388,1,matched_outside_radius,4301,HIP 4311,175.16456574742102,173.07846955554473,catalog identifier,HD 5388,3.1376853448814352,1.1909350404147074,,
HD 55696,1,matched_outside_radius,34708,HIP 34801,233.13527416641728,254.30184461110076,catalog identifier,HD 55696,0.6580953333945421,9.079093895321181,,
HD 5583,1,unmatched_other,,,,714.9869649755361,unassigned,HD 5583,,,,Position candidates require review; component identity is preserved.
HD 5608,1,matched_outside_radius,4542,HIP 4552,183.85369780617276,189.53110187308815,catalog identifier,HD 5608,1.2724566040659653,3.0880010218237497,,
HD 564,1,matched_outside_radius,799,HIP 801,174.9766996738562,166.8808460661712,catalog identifier,HD 564,1.7918145843073228,4.626818097938228,,
HD 56414,1,unmatched_other,,,,887.8531067291872,unassigned,HD 56414,,,,Position candidates require review; component identity is preserved.
HD 56957,1,matched_outside_radius,35184,HIP 35279,200.09595926008888,200.5617105674684,catalog identifier,HD 56957,1.978839976757706,0.2327639743959647,,
HD 5891,1,matched_outside_radius,4705,HIP 4715,819.4884468651138,924.6598539545217,catalog identifier,HD 5891,0.6185665650179055,12.833787650299712,,
HD 59686 A,1,unmatched_other,,,,291.1666476716688,unassigned,HD 59686 A,,,,Position candidates require review; component identity is preserved.
HD 60292,1,matched_outside_radius,37090,HIP 37196,1489.2985134939704,1028.080779764724,catalog identifier,HD 60292,0.43638014537046627,30.968790309687897,,Catalog distances differ by >20%; HYG controls selection.
HD 60532,2,matched_outside_radius,36689,Gl 279,82.50843118376,84.7080297950817,catalog identifier,HD 60532,0.9819369473276489,2.6659076893885434,,
HD 6061,1,unmatched_other,,,,220.547921081195,unassigned,HD 6061,,,,Position candidates require review; component identity is preserved.
HD 60779,2,matched_outside_radius,36870,GJ 9237,117.7884404050024,115.60449729981109,catalog identifier,HD 60779,4.634363613497691,1.8541234587045021,,
HD 62364,2,matched_outside_radius,36835,HIP 36941,171.03118597261673,173.22817533291672,catalog identifier,HD 62364,2.734806850513366,1.2845548300482097,,
HD 62509,1,matched_outside_radius,37718,Pollux,33.78458222941114,,catalog identifier,HD 62509,1.0833301353498725,,,
HD 62549,1,matched_outside_radius,37625,HIP 37732,155.16465666583034,160.89457190955807,catalog identifier,HD 62549,2.9924829098109242,3.6927966502500293,,
HD 63433,3,matched_outside_radius,38120,HIP 38228,71.7615785379933,73.07044408177059,catalog identifier,HD 63433,0.2555538976938264,1.8239085182390973,,
HD 63454,1,matched_outside_radius,37178,Ceibo,112.66191446005062,122.92638182317425,catalog identifier,HD 63454,0.7683739328266078,9.110858281006191,,
HD 63765,1,matched_outside_radius,37933,Tapecue,108.465586504347,106.12345755596307,catalog identifier,HD 63765,5.176804088193826,2.1593290774213134,,
HD 63935,2,matched_outside_radius,38265,HIP 38374,158.63626515024734,159.73149826662015,catalog identifier,HD 63935,3.1702149651627884,0.6904052584290895,,
HD 64114,1,matched_outside_radius,38283,HIP 38392,101.57455455594766,102.82471195173594,catalog identifier,HD 64114,2.8927883770098717,1.2307781227823946,,
HD 64121,1,matched_outside_radius,38073,HIP 38181,448.0168804975392,423.89239786334264,catalog identifier,HD 64121,1.1583355762079919,5.384726264645528,,
HD 6434,1,matched_outside_radius,5044,Nenque,134.94263509101452,138.15331847325814,catalog identifier,HD 6434,8.714713893820514,2.3792950093779455,,
HD 65216,2,matched_outside_radius,38446,HIP 38558,116.02850059084285,114.54775063600884,catalog identifier,HD 65216,3.415465856369705,1.2761950273369989,,
HD 66141,1,matched_outside_radius,39200,HIP 39311,254.0158054678432,222.27850682136,catalog identifier,HD 66141,1.6933918869255158,12.494221998520848,,
HD 66428,2,matched_outside_radius,39306,HIP 39417,179.1084486667719,173.78166270590202,catalog identifier,HD 66428,3.368288891031573,2.974056221535507,,
HD 67087,2,matched_outside_radius,39654,HIP 39767,268.44137589787704,249.58040488727318,catalog identifier,HD 67087,0.6450411238108688,7.026104283483902,,
HD 6718,1,matched_outside_radius,5290,HIP 5301,178.91177637100867,167.46303520039555,catalog identifier,HD 6718,3.011894258982749,6.399098708221366,,
HD 68402,1,matched_outside_radius,39478,HIP 39589,254.412085466769,255.80216394859778,catalog identifier,HD 68402,2.10773200203127,0.5463885409682363,,
HD 68475,1,matched_outside_radius,39938,HIP 40051,110.59897537099222,109.03309860157414,catalog identifier,HD 68475,5.308322333123181,1.4158148971683708,,
HD 6860,1,matched_outside_radius,5436,Mirach,197.43126165414307,199.36207479458844,catalog identifier,HD 6860,0.2930638474539528,0.9779672804946792,,
HD 68988,2,matched_outside_radius,40572,Násti,177.83872188832058,198.44886955261933,catalog identifier,HD 68988,2.626788787761669,11.589235148260643,,
HD 69123,1,matched_outside_radius,40229,HIP 40344,224.62552811540974,244.99562468570892,catalog identifier,HD 69123,0.8478515344034303,9.068469083279476,,
HD 69830,3,matched_outside_radius,40578,Gl 302,40.74932551917448,40.96230563382351,catalog identifier,HD 69830,15.917471850109868,0.52265923898254,,
HD 70573,1,unmatched_other,,,,193.02586746032304,unassigned,HD 70573,,,,Position candidates require review; component identity is preserved.
HD 70642,1,matched_outside_radius,40837,Gl 304,91.53970128273662,95.48554114035377,catalog identifier,HD 70642,4.940107796878293,4.310522977816738,,
HD 715,1,unmatched_other,,,,545.5063264225847,unassigned,HD 715,,,,Position candidates require review; component identity is preserved.
HD 7199,1,matched_outside_radius,5517,Emiw,115.12765667558921,117.91564139231194,catalog identifier,HD 7199,2.9865718384524595,2.4216463682387097,,
HD 72490,1,matched_outside_radius,41878,HIP 41997,427.46576713760726,412.0627060435564,catalog identifier,HD 72490,0.4731388258079107,3.60334377117325,,
HD 72659,2,matched_outside_radius,41911,HIP 42030,162.50937213563367,169.25852605972622,catalog identifier,HD 72659,2.305812417746572,4.153085963841877,,
HD 72892,1,matched_outside_radius,41979,HIP 42098,237.3772640150012,227.43242990204,catalog identifier,HD 72892,3.0229681333731686,4.189463617852103,,
HD 73256,1,matched_outside_radius,42095,HIP 42214,123.17099910646182,119.72548313226214,catalog identifier,HD 73256,3.213352385671515,2.797343529885298,,
HD 73267,2,matched_outside_radius,42083,HIP 42202,176.77838750436345,164.4131469123663,catalog identifier,HD 73267,2.621038671097598,6.994769420946295,,
HD 73344,3,matched_outside_radius,42284,HIP 42403,112.85695597392524,115.00273878292369,catalog identifier,HD 73344,2.4350892867285934,1.9013296880825092,,
HD 73526,2,matched_outside_radius,42163,HIP 42282,328.45545402326866,317.15315706625034,catalog identifier,HD 73526,2.677032608756042,3.441044080278119,,
HD 73534,1,matched_outside_radius,42327,Gakyid,264.30832227945046,271.79295883529426,catalog identifier,HD 73534,2.3016625502183343,2.8317824014373567,,
HD 73583,2,matched_outside_radius,42282,HIP 42401,114.20039409374051,102.9564791283335,catalog identifier,HD 73583,1.1642906082316828,9.84577597532416,,
HD 74156,2,matched_outside_radius,42604,HIP 42723,210.15233885422924,187.87585825617566,catalog identifier,HD 74156,3.1366525943252475,10.600158303974679,,
HD 7449,1,matched_outside_radius,5793,HIP 5806,126.95865312088635,126.0985787528473,catalog identifier,HD 7449,3.289491083397125,0.6774444647109752,,
HD 74698,2,matched_outside_radius,42413,HIP 42532,161.30389816359258,169.81266574546697,catalog identifier,HD 74698,2.485635283772382,5.274991912002578,,
HD 75289,1,matched_outside_radius,43057,HIP 43177,95.06153784932201,94.96303862325155,catalog identifier,HD 75289,3.5575886716797993,0.10361627667604704,,
HD 75302,1,matched_outside_radius,43176,HIP 43297,101.10228012101382,98.91931548495566,catalog identifier,HD 75302,2.4846989097647882,2.159164593958984,,
HD 75784,2,matched_outside_radius,43446,HIP 43569,282.6311352668217,278.6422427673459,catalog identifier,HD 75784,2.291909539222058,1.4113422060559608,,
HD 75898,2,matched_outside_radius,43551,Stribor,247.08824400513953,254.56668358980676,catalog identifier,HD 75898,1.6746382567878704,3.026627031479354,,
HD 76700,1,matched_outside_radius,43563,HIP 43686,196.59825826545452,198.57411360166256,catalog identifier,HD 76700,6.1731980472540915,1.0050217909561348,,
HD 76920,1,matched_outside_radius,43679,HIP 43803,505.6689341355063,600.2288434758999,catalog identifier,HD 76920,0.6482181093847779,18.69996413800932,,
HD 77338,1,matched_outside_radius,44163,HIP 44291,132.9080716068175,149.81993210418605,catalog identifier,HD 77338,4.273773702146226,12.72447962934788,,
HD 77946,1,matched_outside_radius,44618,HIP 44746,314.5191181598099,324.3657792030784,catalog identifier,HD 77946,1.4232570881545086,3.130703500912551,,
HD 79181,1,matched_outside_radius,45028,HIP 45158,303.9666547151624,337.0336929135967,catalog identifier,HD 79181,1.1680470044655449,10.878508443441058,,
HD 7924,3,matched_outside_radius,6365,Gl 56.5,54.82525631229597,55.42114401438446,catalog identifier,HD 7924,0.9122882742833063,1.0868853921889439,,
HD 79498,1,matched_outside_radius,45275,HIP 45406,150.37178869528276,159.649959172191,catalog identifier,HD 79498,3.1869513655994917,6.170153695324945,,
HD 80606,1,matched_outside_radius,45850,HIP 45982,579.3186319441018,216.7997319884742,catalog identifier,HD 80606,1.1149383672681683,62.576772084659424,,Catalog distances differ by >20%; HYG controls selection.
HD 80653,2,unmatched_other,,,,358.3153965596142,unassigned,HD 80653,,,,Position candidates require review; component identity is preserved.
HD 80869,1,matched_outside_radius,45890,HIP 46022,265.3836598567826,278.5215649075907,catalog identifier,HD 80869,2.166975017431558,4.950532771270902,,
HD 80883,1,matched_outside_radius,45618,HIP 45749,118.2153791034336,112.85369441014808,catalog identifier,HD 80883,2.0556065905185896,4.53552214098495,,
HD 80913,1,matched_outside_radius,45051,HIP 45183,209.88195521710205,200.13053183612686,catalog identifier,HD 80913,1.8732130202575281,4.646146626034763,,
HD 81040,1,matched_outside_radius,45944,HIP 46076,107.99885672783435,112.30901325936112,catalog identifier,HD 81040,2.4998434051139324,3.99092792471748,,
HD 81688,1,matched_outside_radius,46339,Intercrus,279.96252378434326,279.5757023203712,catalog identifier,HD 81688,2.015930371876862,0.13816901588943764,,
HD 81817,2,matched_outside_radius,47060,HIP 47193,994.3790412552527,877.7716130939626,catalog identifier,HD 81817,0.46041964442343275,11.726657876265262,,
HD 82886,1,matched_outside_radius,46954,Illyrian,409.23003790308644,414.41755509067127,catalog identifier,HD 82886,0.611234971636303,1.267628645777299,,
HD 82943,2,matched_outside_radius,46874,HIP 47007,89.60331086823231,89.98719692480492,catalog identifier,HD 82943,2.705786462407862,0.4284284284284257,,
HD 8326,1,matched_outside_radius,6376,GJ 3091A,96.41052062755845,100.08499837891529,catalog identifier,HD 8326,3.6071204632762464,3.811282967293197,,
HD 83443,2,matched_outside_radius,47069,Kalausi,134.27597145496148,133.39502307874855,catalog identifier,HD 83443,1.8962407171350004,0.6560729866016327,,
HD 8535,1,matched_outside_radius,6496,HIP 6511,171.39061030086057,180.82142196254023,catalog identifier,HD 8535,1.472592089739242,5.502525281358592,,
HD 85390,1,matched_outside_radius,48099,Natasha,105.5862780018636,109.33577172009528,catalog identifier,HD 85390,1.0342765854235503,3.5511183737014584,,
HD 8574,1,matched_outside_radius,6629,Bélénos,145.34604507104547,146.20416250081823,catalog identifier,HD 8574,4.806014435819781,0.5903961331409511,,
HD 86065,1,matched_outside_radius,48541,HIP 48680,125.58977480360919,131.65660958551834,catalog identifier,HD 86065,5.459831616925117,4.830675738845901,,
HD 86081,1,matched_outside_radius,48571,Bibhā,310.92128715721657,338.9938927436744,catalog identifier,HD 86081,1.0474541867685494,9.028846446355724,,
HD 86226,2,matched_outside_radius,48600,HIP 48739,146.91714034250703,148.99801803233984,catalog identifier,HD 86226,2.966562093430724,1.4163614163614122,,
HD 86264,1,matched_outside_radius,48641,HIP 48780,224.31665802571197,221.16892282436766,catalog identifier,HD 86264,1.0266297042935986,1.4032552147703214,,
HD 86728,1,matched_outside_radius,48941,Gl 376,49.0754455295275,48.66318386809353,catalog identifier,HD 86728,11.100389487057729,0.8400568899286237,,
HD 8673,1,matched_outside_radius,6688,HIP 6702,117.61851293221197,123.48900157473564,catalog identifier,HD 8673,4.265125439990733,4.991126393433534,,
HD 86950,1,matched_outside_radius,48989,HIP 49129,550.939765518968,684.403281437037,catalog identifier,HD 86950,0.24054019914994548,24.22470191316661,,Catalog distances differ by >20%; HYG controls selection.
HD 87646,1,matched_outside_radius,49381,HIP 49522,322.28881538977816,239.99734342847535,catalog identifier,HD 87646,1.2156958190040592,25.5334557179029,,Catalog distances differ by >20%; HYG controls selection.
HD 87816,2,matched_outside_radius,49336,HIP 49477,428.58904970246374,434.54792672334867,catalog identifier,HD 87816,1.095453077907163,1.3903474727181393,,
HD 87883,1,matched_outside_radius,49558,HIP 49699,59.376768563333115,59.65791536092495,catalog identifier,HD 87883,1.443277160761835,0.47349629222741896,,
HD 88072,1,matched_outside_radius,49615,HIP 49756,113.96099531249644,117.12210292532708,catalog identifier,HD 88072,3.1431647763957202,2.773850477667795,,
HD 88133,1,matched_outside_radius,49672,HIP 49813,265.59957537883105,240.09121123398228,catalog identifier,HD 88133,4.1169274292293325,9.604068119636702,,
HD 88986,1,matched_outside_radius,50174,24    LMi,108.24967098229854,108.50342064416215,catalog identifier,HD 88986,1.835251681997476,0.23441148556018113,,
HD 89307,1,matched_outside_radius,50331,HIP 50473,105.55235773858105,104.40396113264039,catalog identifier,HD 89307,4.308567933133011,1.0879876400154502,,
HD 89345,1,matched_outside_radius,50354,HIP 50496,488.9899492918275,431.65165808922393,catalog identifier,HD 89345,0.6586909389906105,11.725862931465741,,
HD 89744,1,matched_outside_radius,50641,GJ 9326,128.61063517402167,126.01508272015182,catalog identifier,HD 89744,3.0178260010636397,2.018147605256617,,
HD 89839,1,matched_outside_radius,50509,HIP 50653,184.7910712357307,186.9081522834901,catalog identifier,HD 89839,0.26116188222227227,1.1456619811780269,,
HD 90156,1,matched_outside_radius,50776,GJ 3597,72.90051660898017,71.59002028331429,catalog identifier,HD 90156,1.6630493036336993,1.7976502590441827,,
HD 9174,1,matched_outside_radius,6979,HIP 6993,257.4241396149831,265.78254910673013,catalog identifier,HD 9174,2.907487164579074,3.2469408285673103,,
HD 92788,2,matched_outside_radius,52258,HIP 52409,115.65831310213434,113.02557882120479,catalog identifier,HD 92788,3.468546441726579,2.276303544739296,,
HD 93083,2,matched_outside_radius,52370,Macondo,90.85151132575429,93.0064265133288,catalog identifier,HD 93083,2.8389649185342063,2.3719090151928492,,
HD 93351,2,matched_outside_radius,52568,HIP 52720,186.69517216884105,183.17920641705456,catalog identifier,HD 93351,2.5994803122265617,1.8832654915183225,,
HD 93385,3,matched_outside_radius,52524,HIP 52676,137.6187481701804,141.3806358307653,catalog identifier,HD 93385,1.1987858477193984,2.7335575352952137,,
HD 93963 A,2,unmatched_other,,,,268.5675984160534,unassigned,HD 93963 A,,,,Position candidates require review; component identity is preserved.
HD 9446,2,matched_outside_radius,7231,HIP 7245,170.76243311737815,164.2207146495134,catalog identifier,HD 9446,3.2848781260843913,3.8308885323554214,,
HD 94771,1,matched_outside_radius,53282,HIP 53437,172.47834182054592,188.45543813937832,catalog identifier,HD 94771,0.7724858367979248,9.263247866480343,,
HD 94834,1,matched_outside_radius,53390,HIP 53545,299.7761975742577,320.1580357741547,catalog identifier,HD 94834,1.317757751987331,6.799018189177014,,
HD 94890,2,matched_outside_radius,53347,Iot Ant,190.0679552708099,201.24239892776325,catalog identifier,HD 94890,2.3220801681311984,5.879183390504688,,
HD 95086,1,matched_outside_radius,53369,Aiolos,294.8972243199929,281.2377952212157,catalog identifier,HD 95086,0.8892749731700328,4.631928676261574,,
HD 95089,2,matched_outside_radius,53510,HIP 53666,453.62513941237864,446.6939902295201,catalog identifier,HD 95089,0.9359989451884011,1.527946443144016,,
HD 95127,1,matched_outside_radius,53577,HIP 53733,1065.8705623124965,2206.7055587921645,catalog identifier,HD 95127,0.2976404225962053,107.03316489054075,,Catalog distances differ by >20%; HYG controls selection.
HD 95338,1,matched_outside_radius,53561,HIP 53719,124.53465892169551,120.65861652890976,catalog identifier,HD 95338,8.307362348723922,3.112420611536684,,
HD 95544,1,matched_outside_radius,54045,HIP 54203,292.51693507541614,286.38128129780875,catalog identifier,HD 95544,4.946315642897662,2.097537968536922,,
HD 95872,1,unmatched_other,,,,235.54850520514344,unassigned,HD 95872,,,,Position candidates require review; component identity is preserved.
HD 96063,1,matched_outside_radius,54001,Dingolay,515.2549962329791,456.8309304489565,catalog identifier,HD 96063,0.5263421531965218,11.338864486741505,,
HD 96127,1,matched_outside_radius,54074,HIP 54232,1575.6347159266143,1916.6873077264368,catalog identifier,HD 96127,0.16231387273462333,21.645409837219347,,Catalog distances differ by >20%; HYG controls selection.
HD 96167,1,matched_outside_radius,54037,HIP 54195,283.6141705892599,278.21334713064834,catalog identifier,HD 96167,0.793491969704973,1.9042854760713719,,
HD 96700,3,matched_outside_radius,54241,Gl 412.2,83.67280945220877,82.87992329797937,catalog identifier,HD 96700,8.676325476734377,0.9476031215161584,,
HD 96992,1,matched_outside_radius,54436,HIP 54595,1320.4711661655858,1291.8467039880313,catalog identifier,HD 96992,0.7119005363661302,2.167746097832252,,
HD 97037,1,matched_outside_radius,54423,HIP 54582,104.90722042345735,105.71706670932801,catalog identifier,HD 97037,4.607980594778391,0.7719642962626522,,
HD 97048,1,matched_outside_radius,54254,HIP 54413,516.8880612162068,599.6613313786728,catalog identifier,HD 97048,0.5103474878763932,16.013770944468213,,
HD 97658,1,matched_outside_radius,54745,GJ 3651,68.86759299851263,70.32518585052877,catalog identifier,HD 97658,1.929100240018585,2.116514878119257,,
HD 98219,1,matched_outside_radius,55011,Hunahpú,437.79383499438563,370.8528477190458,catalog identifier,HD 98219,2.1161247429075916,15.290527623852508,,
HD 98649,1,matched_outside_radius,55246,HIP 55409,135.4468728509646,137.548950705349,catalog identifier,HD 98649,4.236039469618378,1.551957465047849,,
HD 98736,1,matched_outside_radius,55321,Gl 426A,101.25948749507327,105.82437215759683,catalog identifier,HD 98736,2.8244751579082656,4.508105635776254,,
HD 99109,1,matched_outside_radius,55498,Shama,162.83389773146183,178.7014055073814,catalog identifier,HD 99109,3.715858825504103,9.744597406915563,,
HD 99283,1,matched_outside_radius,55631,HIP 55797,306.82639383498287,362.33690469686167,catalog identifier,HD 99283,1.5830625246010868,18.091830421777033,,
HD 99492,2,matched_outside_radius,55681,Gl 429B,58.56626996470701,59.37285468680052,catalog identifier,HD 99492,11.630211428377082,1.377217163701182,,
HD 99706,2,matched_outside_radius,55827,HIP 55994,420.3046777084585,478.1452497327457,catalog identifier,HD 99706,1.5978796037409786,13.761581798146896,,
HIP 10090,2,matched_outside_radius,10067,HIP 10090,355.29029615629145,268.73230738680036,catalog identifier,HIP 10090,3.062219767237825,24.36260987308655,,Catalog distances differ by >20%; HYG controls selection.
HIP 105854,1,matched_outside_radius,105513,HIP 105854,263.6670988408593,256.4831784652703,catalog identifier,HIP 105854,2.9269814849779143,2.7246176740181665,,
HIP 107772,1,matched_outside_radius,107429,HIP 107772,75.65686415706436,77.1144570090805,catalog identifier,HIP 107772,5.634722211859384,1.926583751859114,,
HIP 107773,1,matched_outside_radius,107430,HIP 107773,337.9857433801519,343.0512780824707,catalog identifier,HIP 107773,0.5856568993274031,1.498742121977981,,
HIP 109384,1,matched_outside_radius,109038,HIP 109384,182.82304365258787,192.29592948699295,catalog identifier,HIP 109384,5.198755014234466,5.181450677741733,,
HIP 109600,1,matched_outside_radius,109254,HIP 109600,190.51185410088237,216.3594208785566,catalog identifier,HIP 109600,3.743483086141432,13.567432273262664,,
HIP 111909,2,matched_outside_radius,111556,HIP 111909,267.78025692024517,287.268752801576,catalog identifier,HIP 111909,1.7306343382270402,7.277794153112357,,
HIP 113103,2,matched_outside_radius,112743,HIP 113103,140.10145051736026,150.72403758321687,catalog identifier,HIP 113103,0.4346506086346322,7.582067870553812,,
HIP 114933,1,matched_outside_radius,114571,HIP 114933,287.3623596819807,331.916299347221,catalog identifier,HIP 114933,0.84713847868597,15.504445228855802,,
HIP 116454,1,matched_outside_radius,116088,HIP 116454,183.54319693458643,203.68172247670677,catalog identifier,HIP 116454,4.617892524829003,10.972090428008377,,
HIP 12961,1,matched_outside_radius,12928,Koeia,75.06489033150848,76.22600703618008,catalog identifier,HIP 12961,5.274290088918373,1.5468172930697288,,
HIP 14810,3,matched_outside_radius,14774,HIP 14810,174.3221038237787,164.64373947141203,catalog identifier,HIP 14810,0.8252193221774901,5.552000658591446,,
HIP 18606,1,matched_outside_radius,18559,HIP 18606,151.48920044534034,153.38743056365178,catalog identifier,HIP 18606,2.8052703441088633,1.2530464962063987,,
HIP 19976,1,matched_outside_radius,19926,HIP 19976,123.12435874444833,131.34545640117656,catalog identifier,HIP 19976,4.482026381178688,6.677068405116793,,
HIP 21152,1,matched_outside_radius,21100,HIP 21152,141.8688919282073,141.57567734463993,catalog identifier,HIP 21152,1.7472440049653781,0.2066799702049789,,
HIP 34222,1,matched_outside_radius,34134,Gl 265A,77.86005048854096,74.48955048121614,catalog identifier,HIP 34222,1.71258873278393,4.328920911528152,,
HIP 35173,1,matched_outside_radius,35080,HIP 35173,112.66191446005062,108.14106090851885,catalog identifier,HIP 35173,1.8053886861901263,4.012761165295881,,
HIP 35965,1,matched_outside_radius,35866,HIP 35965,178.42254180443356,163.62515310380266,catalog identifier,HIP 35965,6.99684109168973,8.293452470176176,,
HIP 38594,2,matched_outside_radius,38481,HIP 38594,63.306626758442164,58.0186534065206,catalog identifier,HIP 38594,5.818265122418233,8.35295390496603,,
HIP 39017,1,matched_outside_radius,38907,HIP 39017,218.89691749719282,216.3124543601654,catalog identifier,HIP 39017,0.8316272919022738,1.1806758937391495,,
HIP 39330,1,matched_outside_radius,39218,HIP 39330,121.11262620669144,118.70722292103048,catalog identifier,HIP 39330,4.20277535862052,1.986087958786311,,
HIP 41378,6,matched_outside_radius,41262,HIP 41378,381.02370820176475,346.66835231134934,catalog identifier,HIP 41378,0.7345084192726237,9.016592708247735,,
HIP 4845,1,matched_outside_radius,4835,GJ 3072,66.48110678275923,68.8105156324122,catalog identifier,HIP 4845,2.7656409042445587,3.503865928804122,,
HIP 48714,1,matched_outside_radius,48575,Gl 373,34.44831045806471,34.34361426081764,catalog identifier,HIP 48714,10.935051392760483,0.303922589685566,,
HIP 5158,2,matched_outside_radius,5148,HIP 5158,134.33141803917334,168.3051709676602,catalog identifier,HIP 5158,3.714390011314411,25.290995527628194,,Catalog distances differ by >20%; HYG controls selection.
HIP 54373,2,matched_outside_radius,54214,HIP 54373,60.95243002408271,61.046036904487416,catalog identifier,HIP 54373,3.826835443731413,0.15357366452448679,,
HIP 54515,1,matched_outside_radius,54356,HIP 54515,259.6785324977613,270.0904225436129,catalog identifier,HIP 54515,1.0088063147731976,4.009530532117194,,
HIP 54597,1,matched_outside_radius,54438,HIP 54597,127.55421466659713,129.6240030395876,catalog identifier,HIP 54597,1.1757946483298203,1.6226734478358786,,
HIP 55507,1,matched_outside_radius,55342,GJ 3656,82.90699427732986,83.13497758535385,catalog identifier,HIP 55507,4.15816990277866,0.2749868210894062,,
HIP 56640,1,matched_outside_radius,56471,HIP 56640,398.7242148204524,398.9675274782291,catalog identifier,HIP 56640,0.48128981760558975,0.06102279438590601,,
HIP 56998,2,matched_outside_radius,56827,Gl 435,40.44600008789791,41.67658810102318,catalog identifier,HIP 56998,12.473566053351657,3.042545642216631,,
HIP 57274,3,matched_outside_radius,57102,Gl 439,84.54038541693531,84.34991009234872,catalog identifier,HIP 57274,5.941351601944315,0.22530690349612445,,
HIP 5763,1,matched_outside_radius,5751,HIP 5763,95.47901801279944,104.05790921588294,catalog identifier,HIP 5763,0.9145209007660778,8.985106237616993,,
HIP 63242,1,matched_outside_radius,63040,HIP 63242,439.56388565625446,510.2912223205079,catalog identifier,HIP 63242,1.4400212770383425,16.090342944953232,,
HIP 65 A,1,unmatched_other,,,,201.51767491055617,unassigned,HIP 65 A,,,,Position candidates require review; component identity is preserved.
HIP 65407,2,matched_outside_radius,65202,HIP 65407,194.8366876694064,201.5007147789149,catalog identifier,HIP 65407,1.302499361182155,3.42031431001118,,
HIP 65426,1,matched_outside_radius,65221,Matza,319.4479933398654,355.1027562391043,catalog identifier,HIP 65426,0.6854865547557694,11.161366996381572,,
HIP 65891,1,matched_outside_radius,65684,HIP 65891,443.75010276424877,490.1869431980479,catalog identifier,HIP 65891,0.531170870779822,10.46463767434204,,
HIP 66074,1,matched_outside_radius,65866,GJ 9452,118.08687349061321,115.60221420516709,catalog identifier,HIP 66074,9.71768816026785,2.1040943942373387,,
HIP 67522,2,matched_outside_radius,67309,HIP 67522,483.19447661617863,415.13183755787094,catalog identifier,HIP 67522,0.6069384973872229,14.085972077940925,,
HIP 67537,1,matched_outside_radius,67324,HIP 67537,367.2931770126453,378.491430085172,catalog identifier,HIP 67537,0.18004772547455947,3.048859541472274,,
HIP 67851,2,matched_outside_radius,67637,HIP 67851,215.1428575896731,209.1252724207992,catalog identifier,HIP 67851,5.178506901372204,2.797018332977072,,
HIP 70849,1,matched_outside_radius,70625,Gl 550.3,76.88745217018963,78.46409210007238,catalog identifier,HIP 70849,3.2232456975030503,2.0505815778533933,,
HIP 71135,1,matched_outside_radius,70909,HIP 71135,116.81812518129509,105.449944635978,catalog identifier,HIP 71135,4.792330838128723,9.731521138243165,,
HIP 74890,1,matched_outside_radius,74661,HIP 74890,298.40471000595875,256.54221276963705,catalog identifier,HIP 74890,2.8777490197174442,14.028765576617666,,
HIP 75092,1,matched_outside_radius,74863,HIP 75092,251.27609189502255,266.3706090557534,catalog identifier,HIP 75092,2.443610499060972,6.007144192228614,,
HIP 77900,1,matched_outside_radius,77664,HIP 77900,516.0700610208933,492.0460345510333,catalog identifier,HIP 77900,0.43729052000131946,4.655187015176857,,
HIP 78530,1,matched_outside_radius,78292,HIP 78530,511.21685412046804,446.048200601641,catalog identifier,HIP 78530,0.42112401890849854,12.747751368829116,,
HIP 79098 AB,1,unmatched_other,,,,475.52947558345744,unassigned,HIP 79098 AB,,,,Position candidates require review; component identity is preserved.
HIP 79431,1,matched_outside_radius,79191,Sharjah,46.95608138712411,47.39834943530801,catalog identifier,HIP 79431,3.3785179407921415,0.9418759724383208,,
HIP 81208 C,1,unmatched_other,,,,481.1882887368429,unassigned,HIP 81208 C,,,,Position candidates require review; component identity is preserved.
HIP 8152,2,matched_outside_radius,8137,HIP 8152,388.7441558186978,331.681466755265,catalog identifier,HIP 8152,2.1886111818539016,14.678725894478955,,
HIP 81991,1,matched_outside_radius,81741,HIP 81991,149.61314896071363,143.1878683196938,catalog identifier,HIP 81991,5.199541997408111,4.294596220755323,,
HIP 8541,2,matched_outside_radius,8524,HIP 8541,550.0108721552306,505.93703467798946,catalog identifier,HIP 8541,2.235253893788882,8.013266593174205,,
HIP 86221,1,matched_outside_radius,85958,HIP 86221,96.18286347591217,96.18286347591217,catalog identifier,HIP 86221,0.25250163210560755,0.0,,
HIP 8923,1,matched_outside_radius,8904,HIP 8923,234.81367488614765,215.24918456880877,catalog identifier,HIP 8923,0.2553042449886114,8.331921182539714,,
HIP 90988,1,matched_outside_radius,90706,HIP 90988,355.6777699330189,306.70082362956185,catalog identifier,HIP 90988,0.5810825630375984,13.77003300281611,,
HIP 91258,1,matched_outside_radius,90975,HIP 91258,146.5211864999589,149.6555492898168,catalog identifier,HIP 91258,3.680311309809546,2.139187420420444,,
HIP 94235,1,matched_outside_radius,93940,HIP 94235,200.09595926008888,190.8490997954415,catalog identifier,HIP 94235,1.590355961443753,4.621212491666621,,
HIP 948,1,matched_outside_radius,946,HIP 948,109.92807170202887,113.67299923097254,catalog identifier,HIP 948,13.052297838276914,3.4067071958604527,,
HIP 9618,2,matched_outside_radius,9597,HIP 9618,230.33652628922988,220.31145770735034,catalog identifier,HIP 9618,3.043937287945987,4.352357284962798,,
HIP 97166,2,matched_outside_radius,96860,HIP 97166,216.14089610548635,215.10045726056995,catalog identifier,HIP 97166,0.5917675075873223,0.4813706538944824,,
HIP 97233,1,matched_outside_radius,96925,HIP 97233,347.34447448235613,333.57643530979925,catalog identifier,HIP 97233,0.9935524604276699,3.963799681303481,,
HIP 98599,1,matched_outside_radius,98288,HIP 98599,231.3166262042687,247.69228561667097,catalog identifier,HIP 98599,0.731093422575008,7.079326584134695,,
HIP 99770,1,matched_outside_radius,99451,29    Cyg,139.26388093938365,130.71206071565064,catalog identifier,HIP 99770,1.5849378042326878,6.140730939025961,,
HN Lib,1,matched_selected,71027,Gl 555,19.768338053411814,20.366574081419863,catalog identifier,HN Lib,10.739074153096343,3.0262332948358344,,
HN Peg,1,matched_outside_radius,107007,Gl 836.7,58.336003562039,59.09496945298586,catalog identifier,HN Peg,4.039050304901515,1.301024829614396,,
HR 2562,1,matched_outside_radius,32689,HIP 32775,109.66910353812179,110.91632552651062,catalog identifier,HR 2562,1.690186196915376,1.137259217182619,,
HR 5183,1,matched_outside_radius,67034,HIP 67246,103.27937394227308,102.61107952433147,catalog identifier,HR 5183,8.093229408025834,0.6470744277702051,,
HR 810,1,matched_outside_radius,12620,Gl 108,55.9925699881442,56.48408764936333,catalog identifier,HR 810,7.10880006692417,0.8778265782820956,,
HR 858,3,matched_outside_radius,13329,HIP 13363,106.13617765469402,104.25262457337983,catalog identifier,HR 858,2.6329216906115187,1.7746569764761937,,
HR 8799,4,matched_outside_radius,113828,HIP 114189,128.50920054055175,134.52026258187135,catalog identifier,HR 8799,1.9033176923633088,4.677534383557829,,
HS Psc,1,unmatched_other,,,,122.83179647363642,unassigned,HS Psc,,,,Position candidates require review; component identity is preserved.
HU Aqr,2,unmatched_other,,,,,unassigned,HU Aqr,,,,Position candidates require review; component identity is preserved.
IC 4651 9122,1,unmatched_other,,,,2802.7400312506275,unassigned,IC 4651 9122,,,,Position candidates require review; component identity is preserved.
IRAS 04125+2902,1,unmatched_other,,,,519.3844621312508,unassigned,IRAS 04125+2902,,,,Position candidates require review; component identity is preserved.
ISO-Oph 96,1,unmatched_other,,,,458.45518920998586,unassigned,ISO-Oph 96,,,,Position candidates require review; component identity is preserved.
ITG 15 A,1,unmatched_other,,,,444.7794522923229,unassigned,ITG 15 A,,,,Position candidates require review; component identity is preserved.
K2-10,1,unmatched_other,,,,888.3195103493222,unassigned,K2-10,,,,Position candidates require review; component identity is preserved.
K2-100,1,unmatched_other,,,,616.3018297697811,unassigned,K2-100,,,,Position candidates require review; component identity is preserved.
K2-101,1,unmatched_other,,,,614.2503061539428,unassigned,K2-101,,,,Position candidates require review; component identity is preserved.
K2-102,1,unmatched_other,,,,613.7447637684818,unassigned,K2-102,,,,Position candidates require review; component identity is preserved.
K2-104,1,unmatched_other,,,,617.3781458162463,unassigned,K2-104,,,,Position candidates require review; component identity is preserved.
K2-105,1,unmatched_other,,,,645.753750677603,unassigned,K2-105,,,,Position candidates require review; component identity is preserved.
K2-107,1,unmatched_other,,,,2234.8235001151256,unassigned,K2-107,,,,Position candidates require review; component identity is preserved.
K2-108,1,unmatched_other,,,,1556.72808302313,unassigned,K2-108,,,,Position candidates require review; component identity is preserved.
K2-11,1,unmatched_other,,,,1074.0623058952303,unassigned,K2-11,,,,Position candidates require review; component identity is preserved.
K2-110,1,unmatched_other,,,,379.88737938179963,unassigned,K2-110,,,,Position candidates require review; component identity is preserved.
K2-111,2,unmatched_other,,,,653.5978115616906,unassigned,K2-111,,,,Position candidates require review; component identity is preserved.
K2-113,1,unmatched_other,,,,2073.4478475484348,unassigned,K2-113,,,,Position candidates require review; component identity is preserved.
K2-114,1,unmatched_other,,,,1551.7150594976238,unassigned,K2-114,,,,Position candidates require review; component identity is preserved.
K2-115,1,unmatched_other,,,,1348.953424162456,unassigned,K2-115,,,,Position candidates require review; component identity is preserved.
K2-116,1,unmatched_other,,,,161.07395791730227,unassigned,K2-116,,,,Position candidates require review; component identity is preserved.
K2-117,2,unmatched_other,,,,331.4792498010806,unassigned,K2-117,,,,Position candidates require review; component identity is preserved.
K2-118,1,unmatched_other,,,,1049.316821517861,unassigned,K2-118,,,,Position candidates require review; component identity is preserved.
K2-119,1,unmatched_other,,,,1192.3657472206476,unassigned,K2-119,,,,Position candidates require review; component identity is preserved.
K2-12,1,unmatched_other,,,,1064.512447155684,unassigned,K2-12,,,,Position candidates require review; component identity is preserved.
K2-121,1,unmatched_other,,,,552.5023807246089,unassigned,K2-121,,,,Position candidates require review; component identity is preserved.
K2-122,1,unmatched_other,,,,234.97740538776142,unassigned,K2-122,,,,Position candidates require review; component identity is preserved.
K2-123,1,unmatched_other,,,,526.9219360202848,unassigned,K2-123,,,,Position candidates require review; component identity is preserved.
K2-124,1,unmatched_other,,,,457.8746308576501,unassigned,K2-124,,,,Position candidates require review; component identity is preserved.
K2-125,1,unmatched_other,,,,404.94271231799985,unassigned,K2-125,,,,Position candidates require review; component identity is preserved.
K2-126,1,unmatched_other,,,,335.7877755507188,unassigned,K2-126,,,,Position candidates require review; component identity is preserved.
K2-127,1,unmatched_other,,,,2315.7070202251007,unassigned,K2-127,,,,Position candidates require review; component identity is preserved.
K2-128,1,unmatched_other,,,,373.89588672314306,unassigned,K2-128,,,,Position candidates require review; component identity is preserved.
K2-129,1,unmatched_other,,,,90.65744828101282,unassigned,K2-129,,,,Position candidates require review; component identity is preserved.
K2-13,1,unmatched_other,,,,1116.7398679194662,unassigned,K2-13,,,,Position candidates require review; component identity is preserved.
K2-130,1,unmatched_other,,,,384.90040290730593,unassigned,K2-130,,,,Position candidates require review; component identity is preserved.
K2-131,1,unmatched_other,,,,497.41783009202805,unassigned,K2-131,,,,Position candidates require review; component identity is preserved.
K2-132,1,unmatched_other,,,,1988.9602994646898,unassigned,K2-132,,,,Position candidates require review; component identity is preserved.
K2-133,4,unmatched_other,,,,245.1727275988091,unassigned,K2-133,,,,Position candidates require review; component identity is preserved.
K2-136,3,unmatched_other,,,,193.23917373134978,unassigned,K2-136,,,,Position candidates require review; component identity is preserved.
K2-137,1,unmatched_other,,,,322.4920108130957,unassigned,K2-137,,,,Position candidates require review; component identity is preserved.
K2-138,6,unmatched_other,,,,660.7438977974645,unassigned,K2-138,,,,Position candidates require review; component identity is preserved.
K2-139,1,unmatched_other,,,,501.8111564998726,unassigned,K2-139,,,,Position candidates require review; component identity is preserved.
K2-14,1,unmatched_other,,,,1187.3657699502498,unassigned,K2-14,,,,Position candidates require review; component identity is preserved.
K2-140,1,unmatched_other,,,,1134.7534846607618,unassigned,K2-140,,,,Position candidates require review; component identity is preserved.
K2-141,2,unmatched_other,,,,201.8046925229469,unassigned,K2-141,,,,Position candidates require review; component identity is preserved.
K2-146,2,unmatched_other,,,,258.6426598421329,unassigned,K2-146,,,,Position candidates require review; component identity is preserved.
K2-147,1,unmatched_other,,,,295.3326430842448,unassigned,K2-147,,,,Position candidates require review; component identity is preserved.
K2-148,3,unmatched_other,,,,405.9277045787044,unassigned,K2-148,,,,Position candidates require review; component identity is preserved.
K2-149,1,unmatched_other,,,,403.37716170495946,unassigned,K2-149,,,,Position candidates require review; component identity is preserved.
K2-15,1,unmatched_other,,,,1611.1864134104947,unassigned,K2-15,,,,Position candidates require review; component identity is preserved.
K2-150,1,unmatched_other,,,,334.2548405754501,unassigned,K2-150,,,,Position candidates require review; component identity is preserved.
K2-151,1,unmatched_other,,,,226.61279892483782,unassigned,K2-151,,,,Position candidates require review; component identity is preserved.
K2-152,1,unmatched_other,,,,353.71333007003096,unassigned,K2-152,,,,Position candidates require review; component identity is preserved.
K2-153,1,unmatched_other,,,,466.8113156070889,unassigned,K2-153,,,,Position candidates require review; component identity is preserved.
K2-154,2,unmatched_other,,,,421.90284395927046,unassigned,K2-154,,,,Position candidates require review; component identity is preserved.
K2-155,3,unmatched_other,,,,237.44119066503373,unassigned,K2-155,,,,Position candidates require review; component identity is preserved.
K2-156,1,unmatched_other,,,,489.9194949683202,unassigned,K2-156,,,,Position candidates require review; component identity is preserved.
K2-157,3,unmatched_other,,,,973.1625688847786,unassigned,K2-157,,,,Position candidates require review; component identity is preserved.
K2-158,2,unmatched_other,,,,643.5032716713574,unassigned,K2-158,,,,Position candidates require review; component identity is preserved.
K2-159,1,unmatched_other,,,,557.7208827680768,unassigned,K2-159,,,,Position candidates require review; component identity is preserved.
K2-16,3,unmatched_other,,,,1092.5162337464435,unassigned,K2-16,,,,Position candidates require review; component identity is preserved.
K2-160,1,unmatched_other,,,,1028.5765374588532,unassigned,K2-160,,,,Position candidates require review; component identity is preserved.
K2-161,1,unmatched_other,,,,2988.632858730285,unassigned,K2-161,,,,Position candidates require review; component identity is preserved.
K2-162,1,unmatched_other,,,,405.8461654842753,unassigned,K2-162,,,,Position candidates require review; component identity is preserved.
K2-163,1,unmatched_other,,,,680.1306328889477,unassigned,K2-163,,,,Position candidates require review; component identity is preserved.
K2-164,1,unmatched_other,,,,1225.2716641684897,unassigned,K2-164,,,,Position candidates require review; component identity is preserved.
K2-165,3,unmatched_other,,,,438.97713033274204,unassigned,K2-165,,,,Position candidates require review; component identity is preserved.
K2-166,2,unmatched_other,,,,1555.38105718316,unassigned,K2-166,,,,Position candidates require review; component identity is preserved.
K2-167,1,unmatched_other,,,,263.85855263457904,unassigned,K2-167,,,,Position candidates require review; component identity is preserved.
K2-168,2,unmatched_other,,,,795.6095599833378,unassigned,K2-168,,,,Position candidates require review; component identity is preserved.
K2-169,1,unmatched_other,,,,769.295263429151,unassigned,K2-169,,,,Position candidates require review; component identity is preserved.
K2-17,1,unmatched_other,,,,408.04119790630887,unassigned,K2-17,,,,Position candidates require review; component identity is preserved.
K2-170,2,unmatched_other,,,,1281.377084263324,unassigned,K2-170,,,,Position candidates require review; component identity is preserved.
K2-171,1,unmatched_other,,,,1976.9251291269422,unassigned,K2-171,,,,Position candidates require review; component identity is preserved.
K2-172,2,unmatched_other,,,,814.5494608373491,unassigned,K2-172,,,,Position candidates require review; component identity is preserved.
K2-173,1,unmatched_other,,,,745.7272035753391,unassigned,K2-173,,,,Position candidates require review; component identity is preserved.
K2-174,1,unmatched_other,,,,325.9257851576976,unassigned,K2-174,,,,Position candidates require review; component identity is preserved.
K2-175,1,unmatched_other,,,,806.4738289250826,unassigned,K2-175,,,,Position candidates require review; component identity is preserved.
K2-176,1,unmatched_other,,,,806.5912452210606,unassigned,K2-176,,,,Position candidates require review; component identity is preserved.
K2-177,1,unmatched_other,,,,1605.234059517164,unassigned,K2-177,,,,Position candidates require review; component identity is preserved.
K2-178,1,unmatched_other,,,,700.4306058380378,unassigned,K2-178,,,,Position candidates require review; component identity is preserved.
K2-179,1,unmatched_other,,,,622.338984321318,unassigned,K2-179,,,,Position candidates require review; component identity is preserved.
K2-18,2,unmatched_other,,,,124.02618112883512,unassigned,K2-18,,,,Position candidates require review; component identity is preserved.
K2-180,1,unmatched_other,,,,665.0198079093309,unassigned,K2-180,,,,Position candidates require review; component identity is preserved.
K2-181,1,unmatched_other,,,,1177.1342443812755,unassigned,K2-181,,,,Position candidates require review; component identity is preserved.
K2-182,1,unmatched_other,,,,504.98791961883376,unassigned,K2-182,,,,Position candidates require review; component identity is preserved.
K2-183,3,unmatched_other,,,,1073.1882068029495,unassigned,K2-183,,,,Position candidates require review; component identity is preserved.
K2-184,1,unmatched_other,,,,246.52758119184446,unassigned,K2-184,,,,Position candidates require review; component identity is preserved.
K2-185,2,unmatched_other,,,,875.263470549321,unassigned,K2-185,,,,Position candidates require review; component identity is preserved.
K2-186,1,unmatched_other,,,,1078.7263420965796,unassigned,K2-186,,,,Position candidates require review; component identity is preserved.
K2-187,4,unmatched_other,,,,1079.3036388851383,unassigned,K2-187,,,,Position candidates require review; component identity is preserved.
K2-188,2,unmatched_other,,,,1457.3351884777298,unassigned,K2-188,,,,Position candidates require review; component identity is preserved.
K2-189,2,unmatched_other,,,,789.6669907813388,unassigned,K2-189,,,,Position candidates require review; component identity is preserved.
K2-19,3,unmatched_other,,,,945.2892448451057,unassigned,K2-19,,,,Position candidates require review; component identity is preserved.
K2-190,2,unmatched_other,,,,524.064806151486,unassigned,K2-190,,,,Position candidates require review; component identity is preserved.
K2-191,1,unmatched_other,,,,936.6819780371608,unassigned,K2-191,,,,Position candidates require review; component identity is preserved.
K2-192,1,unmatched_other,,,,723.2615522782098,unassigned,K2-192,,,,Position candidates require review; component identity is preserved.
K2-193,1,unmatched_other,,,,1343.5131357821406,unassigned,K2-193,,,,Position candidates require review; component identity is preserved.
K2-194,1,unmatched_other,,,,2053.1870133646707,unassigned,K2-194,,,,Position candidates require review; component identity is preserved.
K2-195,2,unmatched_other,,,,1027.4382517006218,unassigned,K2-195,,,,Position candidates require review; component identity is preserved.
K2-196,1,unmatched_other,,,,1907.6136372983567,unassigned,K2-196,,,,Position candidates require review; component identity is preserved.
K2-197,1,unmatched_other,,,,807.6838690864117,unassigned,K2-197,,,,Position candidates require review; component identity is preserved.
K2-198,3,unmatched_other,,,,360.6213221500716,unassigned,K2-198,,,,Position candidates require review; component identity is preserved.
K2-199,2,unmatched_other,,,,350.6768141934881,unassigned,K2-199,,,,Position candidates require review; component identity is preserved.
K2-200,1,unmatched_other,,,,600.5549998536167,unassigned,K2-200,,,,Position candidates require review; component identity is preserved.
K2-201,2,unmatched_other,,,,645.5678415423043,unassigned,K2-201,,,,Position candidates require review; component identity is preserved.
K2-2016-BLG-0005L,1,unmatched_other,,,,16960.131641270655,unassigned,K2-2016-BLG-0005L,,,,Position candidates require review; component identity is preserved.
K2-202,1,unmatched_other,,,,979.7639739697654,unassigned,K2-202,,,,Position candidates require review; component identity is preserved.
K2-203,1,unmatched_other,,,,541.8990368850375,unassigned,K2-203,,,,Position candidates require review; component identity is preserved.
K2-204,1,unmatched_other,,,,1882.6887669132434,unassigned,K2-204,,,,Position candidates require review; component identity is preserved.
K2-205,1,unmatched_other,,,,1321.915060449738,unassigned,K2-205,,,,Position candidates require review; component identity is preserved.
K2-206,1,unmatched_other,,,,797.266434382139,unassigned,K2-206,,,,Position candidates require review; component identity is preserved.
K2-207,1,unmatched_other,,,,1184.156391193517,unassigned,K2-207,,,,Position candidates require review; component identity is preserved.
K2-208,1,unmatched_other,,,,837.8533340252104,unassigned,K2-208,,,,Position candidates require review; component identity is preserved.
K2-209,1,unmatched_other,,,,249.5050627640206,unassigned,K2-209,,,,Position candidates require review; component identity is preserved.
K2-21,2,unmatched_other,,,,272.8128498284145,unassigned,K2-21,,,,Position candidates require review; component identity is preserved.
K2-210,1,unmatched_other,,,,575.6986223078236,unassigned,K2-210,,,,Position candidates require review; component identity is preserved.
K2-211,1,unmatched_other,,,,888.1140318313606,unassigned,K2-211,,,,Position candidates require review; component identity is preserved.
K2-212,1,unmatched_other,,,,356.22147261467273,unassigned,K2-212,,,,Position candidates require review; component identity is preserved.
K2-213,1,unmatched_other,,,,1271.037927089703,unassigned,K2-213,,,,Position candidates require review; component identity is preserved.
K2-214,1,unmatched_other,,,,980.556533967617,unassigned,K2-214,,,,Position candidates require review; component identity is preserved.
K2-215,1,unmatched_other,,,,1317.554349679665,unassigned,K2-215,,,,Position candidates require review; component identity is preserved.
K2-216,1,unmatched_other,,,,376.58341527552903,unassigned,K2-216,,,,Position candidates require review; component identity is preserved.
K2-217,1,unmatched_other,,,,1245.519452097145,unassigned,K2-217,,,,Position candidates require review; component identity is preserved.
K2-218,1,unmatched_other,,,,1285.3268379974736,unassigned,K2-218,,,,Position candidates require review; component identity is preserved.
K2-219,3,unmatched_other,,,,1061.3128530902827,unassigned,K2-219,,,,Position candidates require review; component identity is preserved.
K2-22,1,unmatched_other,,,,795.2866651693982,unassigned,K2-22,,,,Position candidates require review; component identity is preserved.
K2-220,1,unmatched_other,,,,761.620803861476,unassigned,K2-220,,,,Position candidates require review; component identity is preserved.
K2-221,1,unmatched_other,,,,1039.8191477987493,unassigned,K2-221,,,,Position candidates require review; component identity is preserved.
K2-222,1,unmatched_other,,,,330.4649034663815,unassigned,K2-222,,,,Position candidates require review; component identity is preserved.
K2-223,2,unmatched_other,,,,647.759612400561,unassigned,K2-223,,,,Position candidates require review; component identity is preserved.
K2-224,2,unmatched_other,,,,897.7617374842218,unassigned,K2-224,,,,Position candidates require review; component identity is preserved.
K2-225,1,unmatched_other,,,,1166.9157650674101,unassigned,K2-225,,,,Position candidates require review; component identity is preserved.
K2-226,1,unmatched_other,,,,689.0542713832778,unassigned,K2-226,,,,Position candidates require review; component identity is preserved.
K2-227,1,unmatched_other,,,,610.6756322541672,unassigned,K2-227,,,,Position candidates require review; component identity is preserved.
K2-228,1,unmatched_other,,,,422.24204659209596,unassigned,K2-228,,,,Position candidates require review; component identity is preserved.
K2-229,2,unmatched_other,,,,334.5190272414006,unassigned,K2-229,,,,Position candidates require review; component identity is preserved.
K2-230,1,unmatched_other,,,,1763.7656284701645,unassigned,K2-230,,,,Position candidates require review; component identity is preserved.
K2-231,1,unmatched_other,,,,1047.663208682837,unassigned,K2-231,,,,Position candidates require review; component identity is preserved.
K2-232,1,unmatched_other,,,,426.3516169513269,unassigned,K2-232,,,,Position candidates require review; component identity is preserved.
K2-233,3,unmatched_other,,,,220.17577665422021,unassigned,K2-233,,,,Position candidates require review; component identity is preserved.
K2-237,1,unmatched_other,,,,1027.3762819888557,unassigned,K2-237,,,,Position candidates require review; component identity is preserved.
K2-238,1,unmatched_other,,,,1754.6006342563237,unassigned,K2-238,,,,Position candidates require review; component identity is preserved.
K2-239,3,unmatched_other,,,,101.38538385687195,unassigned,K2-239,,,,Position candidates require review; component identity is preserved.
K2-24,2,unmatched_other,,,,556.2988409612318,unassigned,K2-24,,,,Position candidates require review; component identity is preserved.
K2-240,2,unmatched_other,,,,237.80224577516614,unassigned,K2-240,,,,Position candidates require review; component identity is preserved.
K2-241,1,unmatched_other,,,,487.48636839055325,unassigned,K2-241,,,,Position candidates require review; component identity is preserved.
K2-242,1,unmatched_other,,,,356.2834423264389,unassigned,K2-242,,,,Position candidates require review; component identity is preserved.
K2-243,2,unmatched_other,,,,870.3939558300099,unassigned,K2-243,,,,Position candidates require review; component identity is preserved.
K2-244,1,unmatched_other,,,,694.3934512865009,unassigned,K2-244,,,,Position candidates require review; component identity is preserved.
K2-245,1,unmatched_other,,,,1487.4818224700884,unassigned,K2-245,,,,Position candidates require review; component identity is preserved.
K2-246,1,unmatched_other,,,,2294.8884586354407,unassigned,K2-246,,,,Position candidates require review; component identity is preserved.
K2-247,2,unmatched_other,,,,841.8520112160177,unassigned,K2-247,,,,Position candidates require review; component identity is preserved.
K2-248,1,unmatched_other,,,,1325.0233307293786,unassigned,K2-248,,,,Position candidates require review; component identity is preserved.
K2-249,1,unmatched_other,,,,1701.6100075686848,unassigned,K2-249,,,,Position candidates require review; component identity is preserved.
K2-25,1,unmatched_other,,,,146.62849194822772,unassigned,K2-25,,,,Position candidates require review; component identity is preserved.
K2-250,1,unmatched_other,,,,1352.596590901552,unassigned,K2-250,,,,Position candidates require review; component identity is preserved.
K2-251,1,unmatched_other,,,,479.5477221569277,unassigned,K2-251,,,,Position candidates require review; component identity is preserved.
K2-252,1,unmatched_other,,,,746.3729932032182,unassigned,K2-252,,,,Position candidates require review; component identity is preserved.
K2-253,1,unmatched_other,,,,2858.9726523327713,unassigned,K2-253,,,,Position candidates require review; component identity is preserved.
K2-254,2,unmatched_other,,,,742.9026893443121,unassigned,K2-254,,,,Position candidates require review; component identity is preserved.
K2-255,1,unmatched_other,,,,624.9417122154975,unassigned,K2-255,,,,Position candidates require review; component identity is preserved.
K2-257,1,unmatched_other,,,,208.76128190326733,unassigned,K2-257,,,,Position candidates require review; component identity is preserved.
K2-258,1,unmatched_other,,,,2158.7410018851406,unassigned,K2-258,,,,Position candidates require review; component identity is preserved.
K2-259,1,unmatched_other,,,,1358.3010659478177,unassigned,K2-259,,,,Position candidates require review; component identity is preserved.
K2-26,1,unmatched_other,,,,323.0591967539451,unassigned,K2-26,,,,Position candidates require review; component identity is preserved.
K2-260,1,unmatched_other,,,,2165.1369284521656,unassigned,K2-260,,,,Position candidates require review; component identity is preserved.
K2-261,1,unmatched_other,,,,695.6361070856017,unassigned,K2-261,,,,Position candidates require review; component identity is preserved.
K2-263,1,unmatched_other,,,,529.9421440779417,unassigned,K2-263,,,,Position candidates require review; component identity is preserved.
K2-264,2,unmatched_other,,,,605.3625448611614,unassigned,K2-264,,,,Position candidates require review; component identity is preserved.
K2-265,1,unmatched_other,,,,452.2843105435851,unassigned,K2-265,,,,Position candidates require review; component identity is preserved.
K2-266,4,unmatched_other,,,,252.96232036781808,unassigned,K2-266,,,,Position candidates require review; component identity is preserved.
K2-268,5,unmatched_other,,,,1069.085159571273,unassigned,K2-268,,,,Position candidates require review; component identity is preserved.
K2-269,1,unmatched_other,,,,1176.6417482509232,unassigned,K2-269,,,,Position candidates require review; component identity is preserved.
K2-27,1,unmatched_other,,,,814.2330891509639,unassigned,K2-27,,,,Position candidates require review; component identity is preserved.
K2-270,2,unmatched_other,,,,914.9273476434539,unassigned,K2-270,,,,Position candidates require review; component identity is preserved.
K2-271,1,unmatched_other,,,,1841.0027202772662,unassigned,K2-271,,,,Position candidates require review; component identity is preserved.
K2-272,1,unmatched_other,,,,1379.8534793873403,unassigned,K2-272,,,,Position candidates require review; component identity is preserved.
K2-273,1,unmatched_other,,,,1004.9041075641721,unassigned,K2-273,,,,Position candidates require review; component identity is preserved.
K2-274,1,unmatched_other,,,,744.7030725493086,unassigned,K2-274,,,,Position candidates require review; component identity is preserved.
K2-275,2,unmatched_other,,,,402.60090952599364,unassigned,K2-275,,,,Position candidates require review; component identity is preserved.
K2-276,1,unmatched_other,,,,1592.1388809518369,unassigned,K2-276,,,,Position candidates require review; component identity is preserved.
K2-277,1,unmatched_other,,,,368.95787916451155,unassigned,K2-277,,,,Position candidates require review; component identity is preserved.
K2-278,1,unmatched_other,,,,2565.020955351779,unassigned,K2-278,,,,Position candidates require review; component identity is preserved.
K2-279,1,unmatched_other,,,,596.8107246374285,unassigned,K2-279,,,,Position candidates require review; component identity is preserved.
K2-28,1,unmatched_other,,,,205.46840711383908,unassigned,K2-28,,,,Position candidates require review; component identity is preserved.
K2-280,1,unmatched_other,,,,1277.0228966208053,unassigned,K2-280,,,,Position candidates require review; component identity is preserved.
K2-281,1,unmatched_other,,,,1494.2495673077108,unassigned,K2-281,,,,Position candidates require review; component identity is preserved.
K2-282,2,unmatched_other,,,,1618.6782254066482,unassigned,K2-282,,,,Position candidates require review; component identity is preserved.
K2-283,1,unmatched_other,,,,1314.1329692774164,unassigned,K2-283,,,,Position candidates require review; component identity is preserved.
K2-284,1,unmatched_other,,,,349.8744695043049,unassigned,K2-284,,,,Position candidates require review; component identity is preserved.
K2-285,4,unmatched_other,,,,505.4151844736427,unassigned,K2-285,,,,Position candidates require review; component identity is preserved.
K2-286,1,unmatched_other,,,,248.36351544201202,unassigned,K2-286,,,,Position candidates require review; component identity is preserved.
K2-287,1,unmatched_other,,,,516.4197006578056,unassigned,K2-287,,,,Position candidates require review; component identity is preserved.
K2-288 B,1,unmatched_other,,,,214.00359336230852,unassigned,K2-288 B,,,,Position candidates require review; component identity is preserved.
K2-289,1,unmatched_other,,,,894.646944077027,unassigned,K2-289,,,,Position candidates require review; component identity is preserved.
K2-29,1,unmatched_other,,,,582.1075951299576,unassigned,K2-29,,,,Position candidates require review; component identity is preserved.
K2-290,2,unmatched_other,,,,890.110108862987,unassigned,K2-290,,,,Position candidates require review; component identity is preserved.
K2-291,1,unmatched_other,,,,293.7240398293458,unassigned,K2-291,,,,Position candidates require review; component identity is preserved.
K2-292,1,unmatched_other,,,,372.7739087837975,unassigned,K2-292,,,,Position candidates require review; component identity is preserved.
K2-293,1,unmatched_other,,,,1279.3516531577027,unassigned,K2-293,,,,Position candidates require review; component identity is preserved.
K2-294,1,unmatched_other,,,,1216.8176908580715,unassigned,K2-294,,,,Position candidates require review; component identity is preserved.
K2-295,1,unmatched_other,,,,759.2953088883556,unassigned,K2-295,,,,Position candidates require review; component identity is preserved.
K2-3,3,unmatched_other,,,,143.74592188196712,unassigned,K2-3,,,,Position candidates require review; component identity is preserved.
K2-30,1,unmatched_other,,,,1086.2377234753963,unassigned,K2-30,,,,Position candidates require review; component identity is preserved.
K2-308,1,unmatched_other,,,,4287.423431999906,unassigned,K2-308,,,,Position candidates require review; component identity is preserved.
K2-31,1,unmatched_other,,,,360.4908595989849,unassigned,K2-31,,,,Position candidates require review; component identity is preserved.
K2-315,1,unmatched_other,,,,185.80672219594064,unassigned,K2-315,,,,Position candidates require review; component identity is preserved.
K2-316,2,unmatched_other,,,,366.8802630384559,unassigned,K2-316,,,,Position candidates require review; component identity is preserved.
K2-317,1,unmatched_other,,,,574.984339840624,unassigned,K2-317,,,,Position candidates require review; component identity is preserved.
K2-318,1,unmatched_other,,,,482.27438947463975,unassigned,K2-318,,,,Position candidates require review; component identity is preserved.
K2-319,1,unmatched_other,,,,681.8984004561725,unassigned,K2-319,,,,Position candidates require review; component identity is preserved.
K2-32,4,unmatched_other,,,,514.2898995113152,unassigned,K2-32,,,,Position candidates require review; component identity is preserved.
K2-320,1,unmatched_other,,,,354.66244512918666,unassigned,K2-320,,,,Position candidates require review; component identity is preserved.
K2-321,1,unmatched_other,,,,253.3869759716053,unassigned,K2-321,,,,Position candidates require review; component identity is preserved.
K2-322,1,unmatched_other,,,,402.5258935591188,unassigned,K2-322,,,,Position candidates require review; component identity is preserved.
K2-323,1,unmatched_other,,,,385.90170298689634,unassigned,K2-323,,,,Position candidates require review; component identity is preserved.
K2-324,1,unmatched_other,,,,445.7481367341416,unassigned,K2-324,,,,Position candidates require review; component identity is preserved.
K2-325,1,unmatched_other,,,,364.11445695541795,unassigned,K2-325,,,,Position candidates require review; component identity is preserved.
K2-326,1,unmatched_other,,,,920.7655468045838,unassigned,K2-326,,,,Position candidates require review; component identity is preserved.
K2-329,1,unmatched_other,,,,760.7173506952006,unassigned,K2-329,,,,Position candidates require review; component identity is preserved.
K2-33,1,unmatched_other,,,,454.23146411855413,unassigned,K2-33,,,,Position candidates require review; component identity is preserved.
K2-330,1,unmatched_other,,,,522.2578998189352,unassigned,K2-330,,,,Position candidates require review; component identity is preserved.
K2-331,2,unmatched_other,,,,689.5924294065104,unassigned,K2-331,,,,Position candidates require review; component identity is preserved.
K2-332,1,unmatched_other,,,,401.8311804745821,unassigned,K2-332,,,,Position candidates require review; component identity is preserved.
K2-333,1,unmatched_other,,,,1121.9453237078253,unassigned,K2-333,,,,Position candidates require review; component identity is preserved.
K2-334,1,unmatched_other,,,,1212.7244283177265,unassigned,K2-334,,,,Position candidates require review; component identity is preserved.
K2-335,1,unmatched_other,,,,1819.9297567129877,unassigned,K2-335,,,,Position candidates require review; component identity is preserved.
K2-336,1,unmatched_other,,,,780.4563346746179,unassigned,K2-336,,,,Position candidates require review; component identity is preserved.
K2-337,1,unmatched_other,,,,1375.192704749768,unassigned,K2-337,,,,Position candidates require review; component identity is preserved.
K2-338,1,unmatched_other,,,,511.9056963902058,unassigned,K2-338,,,,Position candidates require review; component identity is preserved.
K2-339,1,unmatched_other,,,,1175.3371227400562,unassigned,K2-339,,,,Position candidates require review; component identity is preserved.
K2-34,1,unmatched_other,,,,1137.131164654317,unassigned,K2-34,,,,Position candidates require review; component identity is preserved.
K2-340,1,unmatched_other,,,,2407.4776402232606,unassigned,K2-340,,,,Position candidates require review; component identity is preserved.
K2-341,1,unmatched_other,,,,1374.4490682085739,unassigned,K2-341,,,,Position candidates require review; component identity is preserved.
K2-342,1,unmatched_other,,,,679.5696439192749,unassigned,K2-342,,,,Position candidates require review; component identity is preserved.
K2-343,2,unmatched_other,,,,541.9707912881353,unassigned,K2-343,,,,Position candidates require review; component identity is preserved.
K2-344,1,unmatched_other,,,,245.1688137222765,unassigned,K2-344,,,,Position candidates require review; component identity is preserved.
K2-345,1,unmatched_other,,,,529.7040499222085,unassigned,K2-345,,,,Position candidates require review; component identity is preserved.
K2-346,1,unmatched_other,,,,344.3559035933376,unassigned,K2-346,,,,Position candidates require review; component identity is preserved.
K2-347,1,unmatched_other,,,,1044.796294122707,unassigned,K2-347,,,,Position candidates require review; component identity is preserved.
K2-348,2,unmatched_other,,,,658.3662178039094,unassigned,K2-348,,,,Position candidates require review; component identity is preserved.
K2-349,1,unmatched_other,,,,1479.3376977185012,unassigned,K2-349,,,,Position candidates require review; component identity is preserved.
K2-35,2,unmatched_other,,,,823.857963857385,unassigned,K2-35,,,,Position candidates require review; component identity is preserved.
K2-350,2,unmatched_other,,,,1596.1049425048725,unassigned,K2-350,,,,Position candidates require review; component identity is preserved.
K2-351,1,unmatched_other,,,,2265.91924916664,unassigned,K2-351,,,,Position candidates require review; component identity is preserved.
K2-352,3,unmatched_other,,,,574.2015645341038,unassigned,K2-352,,,,Position candidates require review; component identity is preserved.
K2-353,1,unmatched_other,,,,875.7787976261133,unassigned,K2-353,,,,Position candidates require review; component identity is preserved.
K2-354,1,unmatched_other,,,,299.1571527693513,unassigned,K2-354,,,,Position candidates require review; component identity is preserved.
K2-355,1,unmatched_other,,,,1632.402885780969,unassigned,K2-355,,,,Position candidates require review; component identity is preserved.
K2-356,1,unmatched_other,,,,1159.6163853341093,unassigned,K2-356,,,,Position candidates require review; component identity is preserved.
K2-357,1,unmatched_other,,,,1688.469167110477,unassigned,K2-357,,,,Position candidates require review; component identity is preserved.
K2-358,1,unmatched_other,,,,1566.5519131199585,unassigned,K2-358,,,,Position candidates require review; component identity is preserved.
K2-36,2,unmatched_other,,,,357.95336298034863,unassigned,K2-36,,,,Position candidates require review; component identity is preserved.
K2-365,1,unmatched_other,,,,610.6364934888412,unassigned,K2-365,,,,Position candidates require review; component identity is preserved.
K2-366,1,unmatched_other,,,,606.4779996729527,unassigned,K2-366,,,,Position candidates require review; component identity is preserved.
K2-367,1,unmatched_other,,,,577.1826338264349,unassigned,K2-367,,,,Position candidates require review; component identity is preserved.
K2-368,3,unmatched_other,,,,673.8651688730091,unassigned,K2-368,,,,Position candidates require review; component identity is preserved.
K2-369,1,unmatched_other,,,,605.1831588534172,unassigned,K2-369,,,,Position candidates require review; component identity is preserved.
K2-37,3,unmatched_other,,,,586.8955707548395,unassigned,K2-37,,,,Position candidates require review; component identity is preserved.
K2-370,1,unmatched_other,,,,470.3240197950982,unassigned,K2-370,,,,Position candidates require review; component identity is preserved.
K2-371,1,unmatched_other,,,,1444.2628408588425,unassigned,K2-371,,,,Position candidates require review; component identity is preserved.
K2-372,1,unmatched_other,,,,1512.9742049524289,unassigned,K2-372,,,,Position candidates require review; component identity is preserved.
K2-373,1,unmatched_other,,,,748.7474116329962,unassigned,K2-373,,,,Position candidates require review; component identity is preserved.
K2-374,2,unmatched_other,,,,1172.333222501285,unassigned,K2-374,,,,Position candidates require review; component identity is preserved.
K2-375,1,unmatched_other,,,,2270.3745452862504,unassigned,K2-375,,,,Position candidates require review; component identity is preserved.
K2-376,1,unmatched_other,,,,527.1013220280289,unassigned,K2-376,,,,Position candidates require review; component identity is preserved.
K2-377,1,unmatched_other,,,,636.4909095504474,unassigned,K2-377,,,,Position candidates require review; component identity is preserved.
K2-378,1,unmatched_other,,,,2243.8678164692105,unassigned,K2-378,,,,Position candidates require review; component identity is preserved.
K2-379,1,unmatched_other,,,,594.2797511463465,unassigned,K2-379,,,,Position candidates require review; component identity is preserved.
K2-38,2,unmatched_other,,,,628.4707242223927,unassigned,K2-38,,,,Position candidates require review; component identity is preserved.
K2-380,1,unmatched_other,,,,813.1176343391726,unassigned,K2-380,,,,Position candidates require review; component identity is preserved.
K2-381,3,unmatched_other,,,,475.2131038970722,unassigned,K2-381,,,,Position candidates require review; component identity is preserved.
K2-382,1,unmatched_other,,,,908.0584943287394,unassigned,K2-382,,,,Position candidates require review; component identity is preserved.
K2-383,1,unmatched_other,,,,664.667559021397,unassigned,K2-383,,,,Position candidates require review; component identity is preserved.
K2-384,5,unmatched_other,,,,269.6018402897932,unassigned,K2-384,,,,Position candidates require review; component identity is preserved.
K2-385,1,unmatched_other,,,,1372.5280071438222,unassigned,K2-385,,,,Position candidates require review; component identity is preserved.
K2-386,1,unmatched_other,,,,1398.5096241927379,unassigned,K2-386,,,,Position candidates require review; component identity is preserved.
K2-387,1,unmatched_other,,,,868.6131420076764,unassigned,K2-387,,,,Position candidates require review; component identity is preserved.
K2-388,1,unmatched_other,,,,947.4679694482536,unassigned,K2-388,,,,Position candidates require review; component identity is preserved.
K2-389,2,unmatched_other,,,,845.4234235520162,unassigned,K2-389,,,,Position candidates require review; component identity is preserved.
K2-39,1,unmatched_other,,,,1002.8330145656709,unassigned,K2-39,,,,Position candidates require review; component identity is preserved.
K2-390,1,unmatched_other,,,,1487.6709931691641,unassigned,K2-390,,,,Position candidates require review; component identity is preserved.
K2-391,1,unmatched_other,,,,1656.678704974426,unassigned,K2-391,,,,Position candidates require review; component identity is preserved.
K2-392,1,unmatched_other,,,,1327.4075338504879,unassigned,K2-392,,,,Position candidates require review; component identity is preserved.
K2-393,1,unmatched_other,,,,867.2954702417009,unassigned,K2-393,,,,Position candidates require review; component identity is preserved.
K2-394,1,unmatched_other,,,,319.6828259318214,unassigned,K2-394,,,,Position candidates require review; component identity is preserved.
K2-395,2,unmatched_other,,,,935.1783971358866,unassigned,K2-395,,,,Position candidates require review; component identity is preserved.
K2-396,2,unmatched_other,,,,896.4864660473493,unassigned,K2-396,,,,Position candidates require review; component identity is preserved.
K2-397,1,unmatched_other,,,,650.2057852334366,unassigned,K2-397,,,,Position candidates require review; component identity is preserved.
K2-398,2,unmatched_other,,,,1979.7431202304144,unassigned,K2-398,,,,Position candidates require review; component identity is preserved.
K2-4,1,unmatched_other,,,,756.1218073331718,unassigned,K2-4,,,,Position candidates require review; component identity is preserved.
K2-400,1,unmatched_other,,,,203.45765304521535,unassigned,K2-400,,,,Position candidates require review; component identity is preserved.
K2-401,1,unmatched_other,,,,654.6839122994874,unassigned,K2-401,,,,Position candidates require review; component identity is preserved.
K2-402,1,unmatched_other,,,,1705.9772414663116,unassigned,K2-402,,,,Position candidates require review; component identity is preserved.
K2-403,1,unmatched_other,,,,804.2983658857119,unassigned,K2-403,,,,Position candidates require review; component identity is preserved.
K2-404,1,unmatched_other,,,,396.70400221687487,unassigned,K2-404,,,,Position candidates require review; component identity is preserved.
K2-405,1,unmatched_other,,,,643.2912700258415,unassigned,K2-405,,,,Position candidates require review; component identity is preserved.
K2-406,1,unmatched_other,,,,278.45633363204735,unassigned,K2-406,,,,Position candidates require review; component identity is preserved.
K2-407,2,unmatched_other,,,,712.2472514027154,unassigned,K2-407,,,,Position candidates require review; component identity is preserved.
K2-408,1,unmatched_other,,,,529.3713704169375,unassigned,K2-408,,,,Position candidates require review; component identity is preserved.
K2-409,1,unmatched_other,,,,1405.835096436256,unassigned,K2-409,,,,Position candidates require review; component identity is preserved.
K2-411,1,unmatched_other,,,,972.6602880630948,unassigned,K2-411,,,,Position candidates require review; component identity is preserved.
K2-412,1,unmatched_other,,,,2133.339943188561,unassigned,K2-412,,,,Position candidates require review; component identity is preserved.
K2-413,2,unmatched_other,,,,930.0740498246196,unassigned,K2-413,,,,Position candidates require review; component identity is preserved.
K2-414,2,unmatched_other,,,,848.1239983595107,unassigned,K2-414,,,,Position candidates require review; component identity is preserved.
K2-415,1,unmatched_other,,,,71.1614508029945,unassigned,K2-415,,,,Position candidates require review; component identity is preserved.
K2-416,1,unmatched_other,,,,392.4019995947911,unassigned,K2-416,,,,Position candidates require review; component identity is preserved.
K2-417,1,unmatched_other,,,,306.72528535789064,unassigned,K2-417,,,,Position candidates require review; component identity is preserved.
K2-419 A,1,unmatched_other,,,,876.3332634682318,unassigned,K2-419 A,,,,Position candidates require review; component identity is preserved.
K2-42,1,unmatched_other,,,,1294.5570634868575,unassigned,K2-42,,,,Position candidates require review; component identity is preserved.
K2-43,2,unmatched_other,,,,595.3528056290346,unassigned,K2-43,,,,Position candidates require review; component identity is preserved.
K2-44,1,unmatched_other,,,,1554.797237267047,unassigned,K2-44,,,,Position candidates require review; component identity is preserved.
K2-45,1,unmatched_other,,,,1615.5079854152416,unassigned,K2-45,,,,Position candidates require review; component identity is preserved.
K2-46,1,unmatched_other,,,,1465.2151265633663,unassigned,K2-46,,,,Position candidates require review; component identity is preserved.
K2-47,1,unmatched_other,,,,1141.1591959191187,unassigned,K2-47,,,,Position candidates require review; component identity is preserved.
K2-48,1,unmatched_other,,,,1023.3612969791626,unassigned,K2-48,,,,Position candidates require review; component identity is preserved.
K2-49,1,unmatched_other,,,,1490.942341637663,unassigned,K2-49,,,,Position candidates require review; component identity is preserved.
K2-5,2,unmatched_other,,,,661.9115376296904,unassigned,K2-5,,,,Position candidates require review; component identity is preserved.
K2-50,2,unmatched_other,,,,839.6667634853155,unassigned,K2-50,,,,Position candidates require review; component identity is preserved.
K2-52,1,unmatched_other,,,,3386.8404418484347,unassigned,K2-52,,,,Position candidates require review; component identity is preserved.
K2-53,1,unmatched_other,,,,450.1545093970948,unassigned,K2-53,,,,Position candidates require review; component identity is preserved.
K2-54,1,unmatched_other,,,,570.6268906343283,unassigned,K2-54,,,,Position candidates require review; component identity is preserved.
K2-55,1,unmatched_other,,,,520.2911768613033,unassigned,K2-55,,,,Position candidates require review; component identity is preserved.
K2-57,1,unmatched_other,,,,861.7475502567391,unassigned,K2-57,,,,Position candidates require review; component identity is preserved.
K2-58,3,unmatched_other,,,,592.7761702450723,unassigned,K2-58,,,,Position candidates require review; component identity is preserved.
K2-59,2,unmatched_other,,,,1015.3672041613252,unassigned,K2-59,,,,Position candidates require review; component identity is preserved.
K2-6,1,unmatched_other,,,,1033.325374318409,unassigned,K2-6,,,,Position candidates require review; component identity is preserved.
K2-60,1,unmatched_other,,,,1604.2653750753454,unassigned,K2-60,,,,Position candidates require review; component identity is preserved.
K2-61,1,unmatched_other,,,,1323.320794437697,unassigned,K2-61,,,,Position candidates require review; component identity is preserved.
K2-62,2,unmatched_other,,,,366.81829332668974,unassigned,K2-62,,,,Position candidates require review; component identity is preserved.
K2-63,2,unmatched_other,,,,1687.9701478525703,unassigned,K2-63,,,,Position candidates require review; component identity is preserved.
K2-64,1,unmatched_other,,,,1630.4263781320055,unassigned,K2-64,,,,Position candidates require review; component identity is preserved.
K2-65,1,unmatched_other,,,,,unassigned,K2-65,,,,Position candidates require review; component identity is preserved.
K2-66,1,unmatched_other,,,,1676.042609119469,unassigned,K2-66,,,,Position candidates require review; component identity is preserved.
K2-68,1,unmatched_other,,,,550.0692541468419,unassigned,K2-68,,,,Position candidates require review; component identity is preserved.
K2-69,1,unmatched_other,,,,589.3547898428237,unassigned,K2-69,,,,Position candidates require review; component identity is preserved.
K2-7,1,unmatched_other,,,,2408.8377123183395,unassigned,K2-7,,,,Position candidates require review; component identity is preserved.
K2-70,1,unmatched_other,,,,759.8269437840339,unassigned,K2-70,,,,Position candidates require review; component identity is preserved.
K2-71,1,unmatched_other,,,,499.64547815183346,unassigned,K2-71,,,,Position candidates require review; component identity is preserved.
K2-72,4,unmatched_other,,,,216.67253100116466,unassigned,K2-72,,,,Position candidates require review; component identity is preserved.
K2-73,2,unmatched_other,,,,877.9575222292611,unassigned,K2-73,,,,Position candidates require review; component identity is preserved.
K2-74,1,unmatched_other,,,,1232.290549416954,unassigned,K2-74,,,,Position candidates require review; component identity is preserved.
K2-75,2,unmatched_other,,,,1832.7705333036956,unassigned,K2-75,,,,Position candidates require review; component identity is preserved.
K2-77,1,unmatched_other,,,,462.26469570171747,unassigned,K2-77,,,,Position candidates require review; component identity is preserved.
K2-79,1,unmatched_other,,,,834.9962041564119,unassigned,K2-79,,,,Position candidates require review; component identity is preserved.
K2-8,2,unmatched_other,,,,1316.0833844161625,unassigned,K2-8,,,,Position candidates require review; component identity is preserved.
K2-80,3,unmatched_other,,,,654.9285295827749,unassigned,K2-80,,,,Position candidates require review; component identity is preserved.
K2-81,1,unmatched_other,,,,822.9512491273325,unassigned,K2-81,,,,Position candidates require review; component identity is preserved.
K2-83,2,unmatched_other,,,,409.42083938405074,unassigned,K2-83,,,,Position candidates require review; component identity is preserved.
K2-84,2,unmatched_other,,,,929.1412425843497,unassigned,K2-84,,,,Position candidates require review; component identity is preserved.
K2-85,1,unmatched_other,,,,317.08238113228583,unassigned,K2-85,,,,Position candidates require review; component identity is preserved.
K2-86,1,unmatched_other,,,,843.7632875894378,unassigned,K2-86,,,,Position candidates require review; component identity is preserved.
K2-87,1,unmatched_other,,,,1602.2171130232844,unassigned,K2-87,,,,Position candidates require review; component identity is preserved.
K2-88,1,unmatched_other,,,,360.60175276740864,unassigned,K2-88,,,,Position candidates require review; component identity is preserved.
K2-89,1,unmatched_other,,,,280.62038119819795,unassigned,K2-89,,,,Position candidates require review; component identity is preserved.
K2-9,1,unmatched_other,,,,270.58944180151946,unassigned,K2-9,,,,Position candidates require review; component identity is preserved.
K2-90,2,unmatched_other,,,,437.6627201305435,unassigned,K2-90,,,,Position candidates require review; component identity is preserved.
K2-91,1,unmatched_other,,,,204.10376882947222,unassigned,K2-91,,,,Position candidates require review; component identity is preserved.
K2-95,1,unmatched_other,,,,586.6052915786715,unassigned,K2-95,,,,Position candidates require review; component identity is preserved.
K2-97,1,unmatched_other,,,,2865.0554687771883,unassigned,K2-97,,,,Position candidates require review; component identity is preserved.
K2-98,1,unmatched_other,,,,1691.52851393346,unassigned,K2-98,,,,Position candidates require review; component identity is preserved.
K2-99,2,unmatched_other,,,,1693.4984984548694,unassigned,K2-99,,,,Position candidates require review; component identity is preserved.
KELT-1,1,unmatched_other,,,,875.5015647050542,unassigned,KELT-1,,,,Position candidates require review; component identity is preserved.
KELT-10,1,unmatched_other,,,,614.491661873453,unassigned,KELT-10,,,,Position candidates require review; component identity is preserved.
KELT-11,1,unmatched_other,,,,323.41535951841183,unassigned,KELT-11,,,,Position candidates require review; component identity is preserved.
KELT-12,1,unmatched_other,,,,1200.3533169109303,unassigned,KELT-12,,,,Position candidates require review; component identity is preserved.
KELT-14,1,unmatched_other,,,,815.7855935088957,unassigned,KELT-14,,,,Position candidates require review; component identity is preserved.
KELT-15,1,unmatched_other,,,,1058.9743118620538,unassigned,KELT-15,,,,Position candidates require review; component identity is preserved.
KELT-16,1,unmatched_other,,,,1450.0455934357606,unassigned,KELT-16,,,,Position candidates require review; component identity is preserved.
KELT-17,1,unmatched_other,,,,738.7441955284237,unassigned,KELT-17,,,,Position candidates require review; component identity is preserved.
KELT-18,1,unmatched_other,,,,1048.1883204509609,unassigned,KELT-18,,,,Position candidates require review; component identity is preserved.
KELT-19 A,1,unmatched_other,,,,979.3693247527282,unassigned,KELT-19 A,,,,Position candidates require review; component identity is preserved.
KELT-2 A,1,unmatched_other,,,,437.23871683951177,unassigned,KELT-2 A,,,,Position candidates require review; component identity is preserved.
KELT-20,1,unmatched_other,,,,444.96209986384423,unassigned,KELT-20,,,,Position candidates require review; component identity is preserved.
KELT-21,1,unmatched_other,,,,1535.7986282650465,unassigned,KELT-21,,,,Position candidates require review; component identity is preserved.
KELT-23 A,1,unmatched_other,,,,411.8083040689373,unassigned,KELT-23 A,,,,Position candidates require review; component identity is preserved.
KELT-24,1,unmatched_other,,,,314.7973295500023,unassigned,KELT-24,,,,Position candidates require review; component identity is preserved.
KELT-3,1,unmatched_other,,,,685.7503072770072,unassigned,KELT-3,,,,Position candidates require review; component identity is preserved.
KELT-4 A,1,unmatched_other,,,,711.1839816113588,unassigned,KELT-4 A,,,,Position candidates require review; component identity is preserved.
KELT-6,2,unmatched_other,,,,785.1432018224075,unassigned,KELT-6,,,,Position candidates require review; component identity is preserved.
KELT-7,1,unmatched_other,,,,445.793798627022,unassigned,KELT-7,,,,Position candidates require review; component identity is preserved.
KELT-8,1,unmatched_other,,,,644.3936785825241,unassigned,KELT-8,,,,Position candidates require review; component identity is preserved.
KELT-9,1,unmatched_other,,,,666.8430220607676,unassigned,KELT-9,,,,Position candidates require review; component identity is preserved.
KIC 10001893,3,unmatched_other,,,,5456.400505374486,unassigned,KIC 10001893,,,,Position candidates require review; component identity is preserved.
KIC 10068024,1,unmatched_other,,,,2351.929947534322,unassigned,KIC 10068024,,,,Position candidates require review; component identity is preserved.
KIC 10525077,1,unmatched_other,,,,4765.633913008195,unassigned,KIC 10525077,,,,Position candidates require review; component identity is preserved.
KIC 3526061,1,unmatched_other,,,,1308.633972749112,unassigned,KIC 3526061,,,,Position candidates require review; component identity is preserved.
KIC 3558849,1,unmatched_other,,,,3965.083083902449,unassigned,KIC 3558849,,,,Position candidates require review; component identity is preserved.
KIC 5437945,2,unmatched_other,,,,4155.2648677490815,unassigned,KIC 5437945,,,,Position candidates require review; component identity is preserved.
KIC 5479689,1,unmatched_other,,,,1483.8484404223238,unassigned,KIC 5479689,,,,Position candidates require review; component identity is preserved.
KIC 7917485,1,unmatched_other,,,,4510.383931807072,unassigned,KIC 7917485,,,,Position candidates require review; component identity is preserved.
KIC 8121913,1,unmatched_other,,,,2306.913844281857,unassigned,KIC 8121913,,,,Position candidates require review; component identity is preserved.
KIC 9663113,2,unmatched_other,,,,5201.346217999992,unassigned,KIC 9663113,,,,Position candidates require review; component identity is preserved.
KMT-2016-BLG-0212L,1,unmatched_other,,,,20547.85179615483,unassigned,KMT-2016-BLG-0212L,,,,Position candidates require review; component identity is preserved.
KMT-2016-BLG-1105L,1,unmatched_other,,,,16568.74398801056,unassigned,KMT-2016-BLG-1105L,,,,Position candidates require review; component identity is preserved.
KMT-2016-BLG-1107L,1,unmatched_other,,,,21692.660681940597,unassigned,KMT-2016-BLG-1107L,,,,Position candidates require review; component identity is preserved.
KMT-2016-BLG-1337L,1,unmatched_other,,,,22570.021337998638,unassigned,KMT-2016-BLG-1337L,,,,Position candidates require review; component identity is preserved.
KMT-2016-BLG-1397L,1,unmatched_other,,,,21526.32092930506,unassigned,KMT-2016-BLG-1397L,,,,Position candidates require review; component identity is preserved.
KMT-2016-BLG-1820L,1,unmatched_other,,,,20417.389245068134,unassigned,KMT-2016-BLG-1820L,,,,Position candidates require review; component identity is preserved.
KMT-2016-BLG-1836L,1,unmatched_other,,,,23157.102817888775,unassigned,KMT-2016-BLG-1836L,,,,Position candidates require review; component identity is preserved.
KMT-2016-BLG-2142L,1,unmatched_other,,,,22863.56207794371,unassigned,KMT-2016-BLG-2142L,,,,Position candidates require review; component identity is preserved.
KMT-2016-BLG-2321L,1,unmatched_other,,,,11676.39832225941,unassigned,KMT-2016-BLG-2321L,,,,Position candidates require review; component identity is preserved.
KMT-2016-BLG-2364L,1,unmatched_other,,,,21004.47072495827,unassigned,KMT-2016-BLG-2364L,,,,Position candidates require review; component identity is preserved.
KMT-2016-BLG-2397L,1,unmatched_other,,,,15916.431232577075,unassigned,KMT-2016-BLG-2397L,,,,Position candidates require review; component identity is preserved.
KMT-2016-BLG-2605L,1,unmatched_other,,,,20942.50101319209,unassigned,KMT-2016-BLG-2605L,,,,Position candidates require review; component identity is preserved.
KMT-2017-BLG-0165L,1,unmatched_other,,,,14774.883910568473,unassigned,KMT-2017-BLG-0165L,,,,Position candidates require review; component identity is preserved.
KMT-2017-BLG-0428L,1,unmatched_other,,,,17612.44439670414,unassigned,KMT-2017-BLG-0428L,,,,Position candidates require review; component identity is preserved.
KMT-2017-BLG-0673L,1,unmatched_other,,,,16568.74398801056,unassigned,KMT-2017-BLG-0673L,,,,Position candidates require review; component identity is preserved.
KMT-2017-BLG-0849L,1,unmatched_other,,,,23548.490471148867,unassigned,KMT-2017-BLG-0849L,,,,Position candidates require review; component identity is preserved.
KMT-2017-BLG-1003L,1,unmatched_other,,,,23124.487180117103,unassigned,KMT-2017-BLG-1003L,,,,Position candidates require review; component identity is preserved.
KMT-2017-BLG-1038L,1,unmatched_other,,,,19569.3826630046,unassigned,KMT-2017-BLG-1038L,,,,Position candidates require review; component identity is preserved.
KMT-2017-BLG-1057L,1,unmatched_other,,,,21200.164551588317,unassigned,KMT-2017-BLG-1057L,,,,Position candidates require review; component identity is preserved.
KMT-2017-BLG-1146L,1,unmatched_other,,,,21200.164551588317,unassigned,KMT-2017-BLG-1146L,,,,Position candidates require review; component identity is preserved.
KMT-2017-BLG-1194L,1,unmatched_other,,,,13829.030415189916,unassigned,KMT-2017-BLG-1194L,,,,Position candidates require review; component identity is preserved.
KMT-2017-BLG-2197L,1,unmatched_other,,,,25440.19746190598,unassigned,KMT-2017-BLG-2197L,,,,Position candidates require review; component identity is preserved.
KMT-2017-BLG-2331L,1,unmatched_other,,,,26190.35713065449,unassigned,KMT-2017-BLG-2331L,,,,Position candidates require review; component identity is preserved.
KMT-2017-BLG-2509L,1,unmatched_other,,,,22961.40899125873,unassigned,KMT-2017-BLG-2509L,,,,Position candidates require review; component identity is preserved.
KMT-2018-BLG-0029L,1,unmatched_other,,,,11024.085566825925,unassigned,KMT-2018-BLG-0029L,,,,Position candidates require review; component identity is preserved.
KMT-2018-BLG-0030L,1,unmatched_other,,,,21134.93327604497,unassigned,KMT-2018-BLG-0030L,,,,Position candidates require review; component identity is preserved.
KMT-2018-BLG-0087L,1,unmatched_other,,,,22896.17771571538,unassigned,KMT-2018-BLG-0087L,,,,Position candidates require review; component identity is preserved.
KMT-2018-BLG-0247L,1,unmatched_other,,,,22048.17113365185,unassigned,KMT-2018-BLG-0247L,,,,Position candidates require review; component identity is preserved.
KMT-2018-BLG-0748L,1,unmatched_other,,,,23809.41557332226,unassigned,KMT-2018-BLG-0748L,,,,Position candidates require review; component identity is preserved.
KMT-2018-BLG-0885L,1,unmatched_other,,,,22472.174424683617,unassigned,KMT-2018-BLG-0885L,,,,Position candidates require review; component identity is preserved.
KMT-2018-BLG-1025L,1,unmatched_other,,,,21868.78512590764,unassigned,KMT-2018-BLG-1025L,,,,Position candidates require review; component identity is preserved.
KMT-2018-BLG-1292L,1,unmatched_other,,,,11285.010668999319,unassigned,KMT-2018-BLG-1292L,,,,Position candidates require review; component identity is preserved.
KMT-2018-BLG-1743L,1,unmatched_other,,,,21144.71796737647,unassigned,KMT-2018-BLG-1743L,,,,Position candidates require review; component identity is preserved.
KMT-2018-BLG-1976L,1,unmatched_other,,,,19047.53245865781,unassigned,KMT-2018-BLG-1976L,,,,Position candidates require review; component identity is preserved.
KMT-2018-BLG-1988L,1,unmatched_other,,,,13535.489675244848,unassigned,KMT-2018-BLG-1988L,,,,Position candidates require review; component identity is preserved.
KMT-2018-BLG-1990L,1,unmatched_other,,,,3153.932172520908,unassigned,KMT-2018-BLG-1990L,,,,Position candidates require review; component identity is preserved.
KMT-2018-BLG-1996L,1,unmatched_other,,,,19275.841923059532,unassigned,KMT-2018-BLG-1996L,,,,Position candidates require review; component identity is preserved.
KMT-2018-BLG-2602L,1,unmatched_other,,,,14057.339879591638,unassigned,KMT-2018-BLG-2602L,,,,Position candidates require review; component identity is preserved.
KMT-2019-BLG-0253L,1,unmatched_other,,,,15981.662508120424,unassigned,KMT-2019-BLG-0253L,,,,Position candidates require review; component identity is preserved.
KMT-2019-BLG-0297L,1,unmatched_other,,,,10078.232071447368,unassigned,KMT-2019-BLG-0297L,,,,Position candidates require review; component identity is preserved.
KMT-2019-BLG-0298L,1,unmatched_other,,,,21885.092944793476,unassigned,KMT-2019-BLG-0298L,,,,Position candidates require review; component identity is preserved.
KMT-2019-BLG-0335L,1,unmatched_other,,,,25146.65672196091,unassigned,KMT-2019-BLG-0335L,,,,Position candidates require review; component identity is preserved.
KMT-2019-BLG-0371L,1,unmatched_other,,,,22863.56207794371,unassigned,KMT-2019-BLG-0371L,,,,Position candidates require review; component identity is preserved.
KMT-2019-BLG-0414L,1,unmatched_other,,,,14383.496257308381,unassigned,KMT-2019-BLG-0414L,,,,Position candidates require review; component identity is preserved.
KMT-2019-BLG-0578L,1,unmatched_other,,,,23809.41557332226,unassigned,KMT-2019-BLG-0578L,,,,Position candidates require review; component identity is preserved.
KMT-2019-BLG-0842L,1,unmatched_other,,,,10828.391740195879,unassigned,KMT-2019-BLG-0842L,,,,Position candidates require review; component identity is preserved.
KMT-2019-BLG-0953L,1,unmatched_other,,,,23483.25919560552,unassigned,KMT-2019-BLG-0953L,,,,Position candidates require review; component identity is preserved.
KMT-2019-BLG-1042L,1,unmatched_other,,,,21526.32092930506,unassigned,KMT-2019-BLG-1042L,,,,Position candidates require review; component identity is preserved.
KMT-2019-BLG-1216L,1,unmatched_other,,,,8936.684749438768,unassigned,KMT-2019-BLG-1216L,,,,Position candidates require review; component identity is preserved.
KMT-2019-BLG-1339L,1,unmatched_other,,,,19960.77031626469,unassigned,KMT-2019-BLG-1339L,,,,Position candidates require review; component identity is preserved.
KMT-2019-BLG-1367L,1,unmatched_other,,,,15231.502839371913,unassigned,KMT-2019-BLG-1367L,,,,Position candidates require review; component identity is preserved.
KMT-2019-BLG-1552L,1,unmatched_other,,,,15003.193374970193,unassigned,KMT-2019-BLG-1552L,,,,Position candidates require review; component identity is preserved.
KMT-2019-BLG-1715L,1,unmatched_other,,,,12589.636179866293,unassigned,KMT-2019-BLG-1715L,,,,Position candidates require review; component identity is preserved.
KMT-2019-BLG-1806L,1,unmatched_other,,,,21656.783480391758,unassigned,KMT-2019-BLG-1806L,,,,Position candidates require review; component identity is preserved.
KMT-2019-BLG-1953L,1,unmatched_other,,,,22961.40899125873,unassigned,KMT-2019-BLG-1953L,,,,Position candidates require review; component identity is preserved.
KMT-2019-BLG-2783L,1,unmatched_other,,,,19275.841923059532,unassigned,KMT-2019-BLG-2783L,,,,Position candidates require review; component identity is preserved.
KMT-2019-BLG-2974L,1,unmatched_other,,,,19895.53904072134,unassigned,KMT-2019-BLG-2974L,,,,Position candidates require review; component identity is preserved.
KMT-2020-BLG-0202L,1,unmatched_other,,,,12524.404904322944,unassigned,KMT-2020-BLG-0202L,,,,Position candidates require review; component identity is preserved.
KMT-2020-BLG-0414L,2,unmatched_other,,,,3979.107808144269,unassigned,KMT-2020-BLG-0414L,,,,Position candidates require review; component identity is preserved.
KMT-2021-BLG-0119L,1,unmatched_other,,,,10208.694622534067,unassigned,KMT-2021-BLG-0119L,,,,Position candidates require review; component identity is preserved.
KMT-2021-BLG-0171L,1,unmatched_other,,,,15003.193374970193,unassigned,KMT-2021-BLG-0171L,,,,Position candidates require review; component identity is preserved.
KMT-2021-BLG-0192L,1,unmatched_other,,,,16699.206539097257,unassigned,KMT-2021-BLG-0192L,,,,Position candidates require review; component identity is preserved.
KMT-2021-BLG-0240L,1,unmatched_other,,,,21526.32092930506,unassigned,KMT-2021-BLG-0240L,,,,Position candidates require review; component identity is preserved.
KMT-2021-BLG-0320L,1,unmatched_other,,,,22667.868251313663,unassigned,KMT-2021-BLG-0320L,,,,Position candidates require review; component identity is preserved.
KMT-2021-BLG-0322L,1,unmatched_other,,,,21526.32092930506,unassigned,KMT-2021-BLG-0322L,,,,Position candidates require review; component identity is preserved.
KMT-2021-BLG-0712L,1,unmatched_other,,,,10078.232071447368,unassigned,KMT-2021-BLG-0712L,,,,Position candidates require review; component identity is preserved.
KMT-2021-BLG-0736L,1,unmatched_other,,,,22830.946440172032,unassigned,KMT-2021-BLG-0736L,,,,Position candidates require review; component identity is preserved.
KMT-2021-BLG-0748L,1,unmatched_other,,,,19862.92340294967,unassigned,KMT-2021-BLG-0748L,,,,Position candidates require review; component identity is preserved.
KMT-2021-BLG-0852L,1,unmatched_other,,,,23581.106108920543,unassigned,KMT-2021-BLG-0852L,,,,Position candidates require review; component identity is preserved.
KMT-2021-BLG-0909L,1,unmatched_other,,,,21134.93327604497,unassigned,KMT-2021-BLG-0909L,,,,Position candidates require review; component identity is preserved.
KMT-2021-BLG-0912L,1,unmatched_other,,,,18134.29460105093,unassigned,KMT-2021-BLG-0912L,,,,Position candidates require review; component identity is preserved.
KMT-2021-BLG-1077L,2,unmatched_other,,,,26875.28552385965,unassigned,KMT-2021-BLG-1077L,,,,Position candidates require review; component identity is preserved.
KMT-2021-BLG-1105L,1,unmatched_other,,,,14807.499548340147,unassigned,KMT-2021-BLG-1105L,,,,Position candidates require review; component identity is preserved.
KMT-2021-BLG-1150L,1,unmatched_other,,,,12393.942353236247,unassigned,KMT-2021-BLG-1150L,,,,Position candidates require review; component identity is preserved.
KMT-2021-BLG-1253L,1,unmatched_other,,,,21656.783480391758,unassigned,KMT-2021-BLG-1253L,,,,Position candidates require review; component identity is preserved.
KMT-2021-BLG-1303L,1,unmatched_other,,,,20482.620520611483,unassigned,KMT-2021-BLG-1303L,,,,Position candidates require review; component identity is preserved.
KMT-2021-BLG-1372L,1,unmatched_other,,,,19471.535749689578,unassigned,KMT-2021-BLG-1372L,,,,Position candidates require review; component identity is preserved.
KMT-2021-BLG-1391L,1,unmatched_other,,,,18656.14480539772,unassigned,KMT-2021-BLG-1391L,,,,Position candidates require review; component identity is preserved.
KMT-2021-BLG-1547L,1,unmatched_other,,,,16536.128350238887,unassigned,KMT-2021-BLG-1547L,,,,Position candidates require review; component identity is preserved.
KMT-2021-BLG-1554L,1,unmatched_other,,,,25048.80980864589,unassigned,KMT-2021-BLG-1554L,,,,Position candidates require review; component identity is preserved.
KMT-2021-BLG-1689L,1,unmatched_other,,,,23483.25919560552,unassigned,KMT-2021-BLG-1689L,,,,Position candidates require review; component identity is preserved.
KMT-2021-BLG-1770L,1,unmatched_other,,,,22570.021337998638,unassigned,KMT-2021-BLG-1770L,,,,Position candidates require review; component identity is preserved.
KMT-2021-BLG-1898L,1,unmatched_other,,,,22504.79006245529,unassigned,KMT-2021-BLG-1898L,,,,Position candidates require review; component identity is preserved.
KMT-2021-BLG-2010L,1,unmatched_other,,,,23124.487180117103,unassigned,KMT-2021-BLG-2010L,,,,Position candidates require review; component identity is preserved.
KMT-2021-BLG-2294L,1,unmatched_other,,,,22178.633684738546,unassigned,KMT-2021-BLG-2294L,,,,Position candidates require review; component identity is preserved.
KMT-2021-BLG-2478L,1,unmatched_other,,,,9686.844418187276,unassigned,KMT-2021-BLG-2478L,,,,Position candidates require review; component identity is preserved.
KMT-2021-BLG-2609L,1,unmatched_other,,,,24396.497053212403,unassigned,KMT-2021-BLG-2609L,,,,Position candidates require review; component identity is preserved.
KMT-2022-BLG-0303L,1,unmatched_other,,,,21428.474015990036,unassigned,KMT-2022-BLG-0303L,,,,Position candidates require review; component identity is preserved.
KMT-2022-BLG-0371L,1,unmatched_other,,,,23287.565368975473,unassigned,KMT-2022-BLG-0371L,,,,Position candidates require review; component identity is preserved.
KMT-2022-BLG-0440L,1,unmatched_other,,,,11415.473220086016,unassigned,KMT-2022-BLG-0440L,,,,Position candidates require review; component identity is preserved.
KMT-2022-BLG-1013L,1,unmatched_other,,,,25146.65672196091,unassigned,KMT-2022-BLG-1013L,,,,Position candidates require review; component identity is preserved.
KMT-2022-BLG-1551L,1,unmatched_other,,,,22504.79006245529,unassigned,KMT-2022-BLG-1551L,,,,Position candidates require review; component identity is preserved.
KMT-2022-BLG-1790L,1,unmatched_other,,,,21134.93327604497,unassigned,KMT-2022-BLG-1790L,,,,Position candidates require review; component identity is preserved.
KMT-2022-BLG-1818L,2,unmatched_other,,,,17286.288018987398,unassigned,KMT-2022-BLG-1818L,,,,Position candidates require review; component identity is preserved.
KMT-2022-BLG-2076L,1,unmatched_other,,,,18166.910238822602,unassigned,KMT-2022-BLG-2076L,,,,Position candidates require review; component identity is preserved.
KMT-2022-BLG-2286L,1,unmatched_other,,,,23874.64684886561,unassigned,KMT-2022-BLG-2286L,,,,Position candidates require review; component identity is preserved.
KMT-2023-BLG-0119L,1,unmatched_other,,,,17645.060034475813,unassigned,KMT-2023-BLG-0119L,,,,Position candidates require review; component identity is preserved.
KMT-2023-BLG-0332L,1,unmatched_other,,,,21200.164551588317,unassigned,KMT-2023-BLG-0332L,,,,Position candidates require review; component identity is preserved.
KMT-2023-BLG-0416L,1,unmatched_other,,,,19243.226285287856,unassigned,KMT-2023-BLG-0416L,,,,Position candidates require review; component identity is preserved.
KMT-2023-BLG-0466L,1,unmatched_other,,,,22178.633684738546,unassigned,KMT-2023-BLG-0466L,,,,Position candidates require review; component identity is preserved.
KMT-2023-BLG-0469L,1,unmatched_other,,,,23059.255904573754,unassigned,KMT-2023-BLG-0469L,,,,Position candidates require review; component identity is preserved.
KMT-2023-BLG-0548L,1,unmatched_other,,,,22276.48059805357,unassigned,KMT-2023-BLG-0548L,,,,Position candidates require review; component identity is preserved.
KMT-2023-BLG-0735L,1,unmatched_other,,,,20841.3925360999,unassigned,KMT-2023-BLG-0735L,,,,Position candidates require review; component identity is preserved.
KMT-2023-BLG-0830L,1,unmatched_other,,,,23646.33738446389,unassigned,KMT-2023-BLG-0830L,,,,Position candidates require review; component identity is preserved.
KMT-2023-BLG-0949L,1,unmatched_other,,,,19765.076489634645,unassigned,KMT-2023-BLG-0949L,,,,Position candidates require review; component identity is preserved.
KMT-2023-BLG-1431L,1,unmatched_other,,,,22178.633684738546,unassigned,KMT-2023-BLG-1431L,,,,Position candidates require review; component identity is preserved.
KMT-2023-BLG-1454L,1,unmatched_other,,,,23548.490471148867,unassigned,KMT-2023-BLG-1454L,,,,Position candidates require review; component identity is preserved.
KMT-2023-BLG-1592L,1,unmatched_other,,,,23483.25919560552,unassigned,KMT-2023-BLG-1592L,,,,Position candidates require review; component identity is preserved.
KMT-2023-BLG-1642L,1,unmatched_other,,,,22765.715164628684,unassigned,KMT-2023-BLG-1642L,,,,Position candidates require review; component identity is preserved.
KMT-2023-BLG-1743L,1,unmatched_other,,,,23254.9497312038,unassigned,KMT-2023-BLG-1743L,,,,Position candidates require review; component identity is preserved.
KMT-2023-BLG-1866L,1,unmatched_other,,,,20254.31105620976,unassigned,KMT-2023-BLG-1866L,,,,Position candidates require review; component identity is preserved.
KMT-2023-BLG-1896L,1,unmatched_other,,,,17905.985136649208,unassigned,KMT-2023-BLG-1896L,,,,Position candidates require review; component identity is preserved.
KMT-2023-BLG-2209L,1,unmatched_other,,,,18166.910238822602,unassigned,KMT-2023-BLG-2209L,,,,Position candidates require review; component identity is preserved.
KMT-2024-BLG-0176L,1,unmatched_other,,,,27201.441901576392,unassigned,KMT-2024-BLG-0176L,,,,Position candidates require review; component identity is preserved.
KMT-2024-BLG-0349L,1,unmatched_other,,,,18753.991718712743,unassigned,KMT-2024-BLG-0349L,,,,Position candidates require review; component identity is preserved.
KMT-2024-BLG-0404L,2,unmatched_other,,,,23515.874833377195,unassigned,KMT-2024-BLG-0404L,,,,Position candidates require review; component identity is preserved.
KMT-2024-BLG-1005L,1,unmatched_other,,,,22667.868251313663,unassigned,KMT-2024-BLG-1005L,,,,Position candidates require review; component identity is preserved.
KMT-2024-BLG-1044L,1,unmatched_other,,,,23287.565368975473,unassigned,KMT-2024-BLG-1044L,,,,Position candidates require review; component identity is preserved.
KMT-2024-BLG-1209L,1,unmatched_other,,,,12817.945644268013,unassigned,KMT-2024-BLG-1209L,,,,Position candidates require review; component identity is preserved.
KMT-2024-BLG-1281L,1,unmatched_other,,,,23418.02792006217,unassigned,KMT-2024-BLG-1281L,,,,Position candidates require review; component identity is preserved.
KMT-2024-BLG-1870L,1,unmatched_other,,,,17873.369498877535,unassigned,KMT-2024-BLG-1870L,,,,Position candidates require review; component identity is preserved.
KMT-2024-BLG-2005L,1,unmatched_other,,,,25179.272359732586,unassigned,KMT-2024-BLG-2005L,,,,Position candidates require review; component identity is preserved.
KMT-2024-BLG-2059L,1,unmatched_other,,,,19797.69212740632,unassigned,KMT-2024-BLG-2059L,,,,Position candidates require review; component identity is preserved.
KMT-2024-BLG-2087L,1,unmatched_other,,,,23450.643557833846,unassigned,KMT-2024-BLG-2087L,,,,Position candidates require review; component identity is preserved.
KMT-2024-BLG-2242L,1,unmatched_other,,,,24853.115982015843,unassigned,KMT-2024-BLG-2242L,,,,Position candidates require review; component identity is preserved.
KMT-2025-BLG-0026L,1,unmatched_other,,,,23744.184297778913,unassigned,KMT-2025-BLG-0026L,,,,Position candidates require review; component identity is preserved.
KMT-2025-BLG-0030L,1,unmatched_other,,,,21917.708582565152,unassigned,KMT-2025-BLG-0030L,,,,Position candidates require review; component identity is preserved.
KMT-2025-BLG-0121L,1,unmatched_other,,,,20221.695418438085,unassigned,KMT-2025-BLG-0121L,,,,Position candidates require review; component identity is preserved.
KMT-2025-BLG-0481L,1,unmatched_other,,,,26027.278941796118,unassigned,KMT-2025-BLG-0481L,,,,Position candidates require review; component identity is preserved.
KMT-2025-BLG-0975L,1,unmatched_other,,,,25841.369806497572,unassigned,KMT-2025-BLG-0975L,,,,Position candidates require review; component identity is preserved.
KMT-2025-BLG-1160L,1,unmatched_other,,,,21461.08965376171,unassigned,KMT-2025-BLG-1160L,,,,Position candidates require review; component identity is preserved.
KMT-2025-BLG-1616L,1,unmatched_other,,,,24461.72832875575,unassigned,KMT-2025-BLG-1616L,,,,Position candidates require review; component identity is preserved.
KMT-2025-BLG-2272L,1,unmatched_other,,,,21591.55220484841,unassigned,KMT-2025-BLG-2272L,,,,Position candidates require review; component identity is preserved.
KOBE-1,2,unmatched_other,,,,78.18555455350229,unassigned,KOBE-1,,,,Position candidates require review; component identity is preserved.
KOI-12,2,unmatched_other,,,,1302.6620494731185,unassigned,KOI-12,,,,Position candidates require review; component identity is preserved.
KOI-1257,1,unmatched_other,,,,,unassigned,KOI-1257,,,,Position candidates require review; component identity is preserved.
KOI-13,1,unmatched_other,,,,1693.064710472506,unassigned,KOI-13,,,,Position candidates require review; component identity is preserved.
KOI-134,2,unmatched_other,,,,3780.8373461302604,unassigned,KOI-134,,,,Position candidates require review; component identity is preserved.
KOI-142,3,unmatched_other,,,,1229.1627097546505,unassigned,KOI-142,,,,Position candidates require review; component identity is preserved.
KOI-1599,2,unmatched_other,,,,3690.9160327937543,unassigned,KOI-1599,,,,Position candidates require review; component identity is preserved.
KOI-1783,2,unmatched_other,,,,2823.633608807162,unassigned,KOI-1783,,,,Position candidates require review; component identity is preserved.
KOI-217,1,unmatched_other,,,,2983.3491254112737,unassigned,KOI-217,,,,Position candidates require review; component identity is preserved.
KOI-2513,1,unmatched_other,,,,4467.918371428352,unassigned,KOI-2513,,,,Position candidates require review; component identity is preserved.
KOI-319,2,unmatched_other,,,,2153.082188731755,unassigned,KOI-319,,,,Position candidates require review; component identity is preserved.
KOI-3503,2,unmatched_other,,,,2893.215810429252,unassigned,KOI-3503,,,,Position candidates require review; component identity is preserved.
KOI-351,8,unmatched_other,,,,2766.634520237384,unassigned,KOI-351,,,,Position candidates require review; component identity is preserved.
KOI-3680,1,unmatched_other,,,,3007.116140655493,unassigned,KOI-3680,,,,Position candidates require review; component identity is preserved.
KOI-4777,1,unmatched_other,,,,561.7880527982046,unassigned,KOI-4777,,,,Position candidates require review; component identity is preserved.
KOI-4978,1,unmatched_other,,,,3053.935888676732,unassigned,KOI-4978,,,,Position candidates require review; component identity is preserved.
KOI-55,2,unmatched_other,,,,4015.0502409686537,unassigned,KOI-55,,,,Position candidates require review; component identity is preserved.
KOI-7368,1,unmatched_other,,,,864.298093130484,unassigned,KOI-7368,,,,Position candidates require review; component identity is preserved.
KOI-7892,3,unmatched_other,,,,3497.3748382566387,unassigned,KOI-7892,,,,Position candidates require review; component identity is preserved.
KOI-7913 A,1,unmatched_other,,,,884.7872367786498,unassigned,KOI-7913 A,,,,Position candidates require review; component identity is preserved.
KOI-94,4,unmatched_other,,,,1555.9355230252784,unassigned,KOI-94,,,,Position candidates require review; component identity is preserved.
KOI-984,2,unmatched_other,,,,824.0895348855639,unassigned,KOI-984,,,,Position candidates require review; component identity is preserved.
KPS-1,1,unmatched_other,,,,856.8323736445478,unassigned,KPS-1,,,,Position candidates require review; component identity is preserved.
Kapteyn,1,matched_selected,24129,Kapteyn's Star,12.757280558012699,12.827893413788374,verified alias,Gl 191; https://simbad.u-strasbg.fr/simbad/sim-basic?Ident=Kapteyn%27s+&submit=SIMBAD+search; Kapteyn's Star in HYG,147.02704750177244,0.5535102520836572,,
Kepler-10,3,unmatched_other,,,,605.0396500472219,unassigned,Kepler-10,,,,Position candidates require review; component identity is preserved.
Kepler-100,4,unmatched_other,,,,993.6190968951727,unassigned,Kepler-100,,,,Position candidates require review; component identity is preserved.
Kepler-1000,1,unmatched_other,,,,3638.665781083532,unassigned,Kepler-1000,,,,Position candidates require review; component identity is preserved.
Kepler-1001,2,unmatched_other,,,,3029.9209945854477,unassigned,Kepler-1001,,,,Position candidates require review; component identity is preserved.
Kepler-1002,1,unmatched_other,,,,1331.7062749087945,unassigned,Kepler-1002,,,,Position candidates require review; component identity is preserved.
Kepler-1003,1,unmatched_other,,,,3072.07344484156,unassigned,Kepler-1003,,,,Position candidates require review; component identity is preserved.
Kepler-1004,1,unmatched_other,,,,3759.5393346653573,unassigned,Kepler-1004,,,,Position candidates require review; component identity is preserved.
Kepler-1005,1,unmatched_other,,,,1851.9354820583317,unassigned,Kepler-1005,,,,Position candidates require review; component identity is preserved.
Kepler-1006,1,unmatched_other,,,,,unassigned,Kepler-1006,,,,Position candidates require review; component identity is preserved.
Kepler-1007,1,unmatched_other,,,,,unassigned,Kepler-1007,,,,Position candidates require review; component identity is preserved.
Kepler-1008,1,unmatched_other,,,,921.6037686953158,unassigned,Kepler-1008,,,,Position candidates require review; component identity is preserved.
Kepler-1009,1,unmatched_other,,,,1157.917110606205,unassigned,Kepler-1009,,,,Position candidates require review; component identity is preserved.
Kepler-101,2,unmatched_other,,,,3026.6692154996117,unassigned,Kepler-101,,,,Position candidates require review; component identity is preserved.
Kepler-1010,1,unmatched_other,,,,1889.3358338911107,unassigned,Kepler-1010,,,,Position candidates require review; component identity is preserved.
Kepler-1011,1,unmatched_other,,,,2403.0516981776445,unassigned,Kepler-1011,,,,Position candidates require review; component identity is preserved.
Kepler-1012,1,unmatched_other,,,,1340.753852826657,unassigned,Kepler-1012,,,,Position candidates require review; component identity is preserved.
Kepler-1013,1,unmatched_other,,,,1377.1822586538399,unassigned,Kepler-1013,,,,Position candidates require review; component identity is preserved.
Kepler-1014,1,unmatched_other,,,,2037.825047974212,unassigned,Kepler-1014,,,,Position candidates require review; component identity is preserved.
Kepler-1015,1,unmatched_other,,,,2411.460009595182,unassigned,Kepler-1015,,,,Position candidates require review; component identity is preserved.
Kepler-1016,2,unmatched_other,,,,4575.386897886018,unassigned,Kepler-1016,,,,Position candidates require review; component identity is preserved.
Kepler-1017,1,unmatched_other,,,,1800.5723756954987,unassigned,Kepler-1017,,,,Position candidates require review; component identity is preserved.
Kepler-1018,1,unmatched_other,,,,3294.2120305768794,unassigned,Kepler-1018,,,,Position candidates require review; component identity is preserved.
Kepler-1019,1,unmatched_other,,,,633.3369773779265,unassigned,Kepler-1019,,,,Position candidates require review; component identity is preserved.
Kepler-102,5,unmatched_other,,,,351.58352892354065,unassigned,Kepler-102,,,,Position candidates require review; component identity is preserved.
Kepler-1020,1,unmatched_other,,,,1354.7166073567107,unassigned,Kepler-1020,,,,Position candidates require review; component identity is preserved.
Kepler-1021,1,unmatched_other,,,,2642.1341077353486,unassigned,Kepler-1021,,,,Position candidates require review; component identity is preserved.
Kepler-1022,1,unmatched_other,,,,1369.993772088963,unassigned,Kepler-1022,,,,Position candidates require review; component identity is preserved.
Kepler-1023,1,unmatched_other,,,,2264.0960350152027,unassigned,Kepler-1023,,,,Position candidates require review; component identity is preserved.
Kepler-1024,1,unmatched_other,,,,3546.6244512918674,unassigned,Kepler-1024,,,,Position candidates require review; component identity is preserved.
Kepler-1025,1,unmatched_other,,,,2621.566686556531,unassigned,Kepler-1025,,,,Position candidates require review; component identity is preserved.
Kepler-1026,1,unmatched_other,,,,1145.5883995285121,unassigned,Kepler-1026,,,,Position candidates require review; component identity is preserved.
Kepler-1027,1,unmatched_other,,,,1321.272532385636,unassigned,Kepler-1027,,,,Position candidates require review; component identity is preserved.
Kepler-1028,1,unmatched_other,,,,1982.7568051605176,unassigned,Kepler-1028,,,,Position candidates require review; component identity is preserved.
Kepler-1029,1,unmatched_other,,,,1195.8719282811023,unassigned,Kepler-1029,,,,Position candidates require review; component identity is preserved.
Kepler-103,2,unmatched_other,,,,1613.9261269833153,unassigned,Kepler-103,,,,Position candidates require review; component identity is preserved.
Kepler-1030,1,unmatched_other,,,,2474.554960864486,unassigned,Kepler-1030,,,,Position candidates require review; component identity is preserved.
Kepler-1031,1,unmatched_other,,,,2227.263195279651,unassigned,Kepler-1031,,,,Position candidates require review; component identity is preserved.
Kepler-1032,1,unmatched_other,,,,2195.0650376714543,unassigned,Kepler-1032,,,,Position candidates require review; component identity is preserved.
Kepler-1033,1,unmatched_other,,,,4747.206077667199,unassigned,Kepler-1033,,,,Position candidates require review; component identity is preserved.
Kepler-1034,1,unmatched_other,,,,2134.853308781166,unassigned,Kepler-1034,,,,Position candidates require review; component identity is preserved.
Kepler-1035,1,unmatched_other,,,,1833.377184166249,unassigned,Kepler-1035,,,,Position candidates require review; component identity is preserved.
Kepler-1036,1,unmatched_other,,,,1596.3234672779427,unassigned,Kepler-1036,,,,Position candidates require review; component identity is preserved.
Kepler-1037,1,unmatched_other,,,,1457.6385139090062,unassigned,Kepler-1037,,,,Position candidates require review; component identity is preserved.
Kepler-1038,2,unmatched_other,,,,1905.1968185394758,unassigned,Kepler-1038,,,,Position candidates require review; component identity is preserved.
Kepler-1039,1,unmatched_other,,,,1001.006538850457,unassigned,Kepler-1039,,,,Position candidates require review; component identity is preserved.
Kepler-104,3,unmatched_other,,,,1307.1858384320499,unassigned,Kepler-104,,,,Position candidates require review; component identity is preserved.
Kepler-1040,1,unmatched_other,,,,1572.461866684186,unassigned,Kepler-1040,,,,Position candidates require review; component identity is preserved.
Kepler-1041,1,unmatched_other,,,,4846.096691390915,unassigned,Kepler-1041,,,,Position candidates require review; component identity is preserved.
Kepler-1042,1,unmatched_other,,,,,unassigned,Kepler-1042,,,,Position candidates require review; component identity is preserved.
Kepler-1043,1,unmatched_other,,,,2946.274929956212,unassigned,Kepler-1043,,,,Position candidates require review; component identity is preserved.
Kepler-1044,1,unmatched_other,,,,4171.409608446061,unassigned,Kepler-1044,,,,Position candidates require review; component identity is preserved.
Kepler-1045,1,unmatched_other,,,,3073.9749365236485,unassigned,Kepler-1045,,,,Position candidates require review; component identity is preserved.
Kepler-1046,1,unmatched_other,,,,2353.3291583947266,unassigned,Kepler-1046,,,,Position candidates require review; component identity is preserved.
Kepler-1047,2,unmatched_other,,,,2666.8078377096203,unassigned,Kepler-1047,,,,Position candidates require review; component identity is preserved.
Kepler-1048,1,unmatched_other,,,,1813.4490294877558,unassigned,Kepler-1048,,,,Position candidates require review; component identity is preserved.
Kepler-1049,1,unmatched_other,,,,528.3929012837872,unassigned,Kepler-1049,,,,Position candidates require review; component identity is preserved.
Kepler-105,2,unmatched_other,,,,1497.7851024421602,unassigned,Kepler-105,,,,Position candidates require review; component identity is preserved.
Kepler-1050,2,unmatched_other,,,,1599.7578939353,unassigned,Kepler-1050,,,,Position candidates require review; component identity is preserved.
Kepler-1051,1,unmatched_other,,,,2704.9550876473704,unassigned,Kepler-1051,,,,Position candidates require review; component identity is preserved.
Kepler-1052,2,unmatched_other,,,,3077.102776185952,unassigned,Kepler-1052,,,,Position candidates require review; component identity is preserved.
Kepler-1053,1,unmatched_other,,,,492.916872079537,unassigned,Kepler-1053,,,,Position candidates require review; component identity is preserved.
Kepler-1054,1,unmatched_other,,,,3556.7679146388577,unassigned,Kepler-1054,,,,Position candidates require review; component identity is preserved.
Kepler-1055,1,unmatched_other,,,,1270.043150137667,unassigned,Kepler-1055,,,,Position candidates require review; component identity is preserved.
Kepler-1056,1,unmatched_other,,,,3204.5190267047747,unassigned,Kepler-1056,,,,Position candidates require review; component identity is preserved.
Kepler-1057,1,unmatched_other,,,,3919.8125786753644,unassigned,Kepler-1057,,,,Position candidates require review; component identity is preserved.
Kepler-1058,1,unmatched_other,,,,1604.6795936750457,unassigned,Kepler-1058,,,,Position candidates require review; component identity is preserved.
Kepler-1059,1,unmatched_other,,,,2326.039654271167,unassigned,Kepler-1059,,,,Position candidates require review; component identity is preserved.
Kepler-106,4,unmatched_other,,,,1449.1845405985882,unassigned,Kepler-106,,,,Position candidates require review; component identity is preserved.
Kepler-1060,1,unmatched_other,,,,3087.282116734492,unassigned,Kepler-1060,,,,Position candidates require review; component identity is preserved.
Kepler-1061,1,unmatched_other,,,,1772.2522174183541,unassigned,Kepler-1061,,,,Position candidates require review; component identity is preserved.
Kepler-1062,1,unmatched_other,,,,1296.324831054082,unassigned,Kepler-1062,,,,Position candidates require review; component identity is preserved.
Kepler-1063,1,unmatched_other,,,,1119.4534889820695,unassigned,Kepler-1063,,,,Position candidates require review; component identity is preserved.
Kepler-1064,1,unmatched_other,,,,,unassigned,Kepler-1064,,,,Position candidates require review; component identity is preserved.
Kepler-1065,2,unmatched_other,,,,3661.0401085949006,unassigned,Kepler-1065,,,,Position candidates require review; component identity is preserved.
Kepler-1066,1,unmatched_other,,,,1122.796591853666,unassigned,Kepler-1066,,,,Position candidates require review; component identity is preserved.
Kepler-1067,2,unmatched_other,,,,2177.723303068255,unassigned,Kepler-1067,,,,Position candidates require review; component identity is preserved.
Kepler-1068,1,unmatched_other,,,,4806.272997671701,unassigned,Kepler-1068,,,,Position candidates require review; component identity is preserved.
Kepler-1069,1,unmatched_other,,,,2269.940757303887,unassigned,Kepler-1069,,,,Position candidates require review; component identity is preserved.
Kepler-107,4,unmatched_other,,,,1715.5727620987382,unassigned,Kepler-107,,,,Position candidates require review; component identity is preserved.
Kepler-1070,1,unmatched_other,,,,3062.611648323997,unassigned,Kepler-1070,,,,Position candidates require review; component identity is preserved.
Kepler-1071,1,unmatched_other,,,,3399.4300780283006,unassigned,Kepler-1071,,,,Position candidates require review; component identity is preserved.
Kepler-1072,1,unmatched_other,,,,3205.1909088428715,unassigned,Kepler-1072,,,,Position candidates require review; component identity is preserved.
Kepler-1073,3,unmatched_other,,,,2641.530718436573,unassigned,Kepler-1073,,,,Position candidates require review; component identity is preserved.
Kepler-1074,1,unmatched_other,,,,818.0556418978041,unassigned,Kepler-1074,,,,Position candidates require review; component identity is preserved.
Kepler-1075,1,unmatched_other,,,,950.011989194444,unassigned,Kepler-1075,,,,Position candidates require review; component identity is preserved.
Kepler-1076,1,unmatched_other,,,,,unassigned,Kepler-1076,,,,Position candidates require review; component identity is preserved.
Kepler-1077,1,unmatched_other,,,,3592.3515754477544,unassigned,Kepler-1077,,,,Position candidates require review; component identity is preserved.
Kepler-1078,1,unmatched_other,,,,8094.255441434191,unassigned,Kepler-1078,,,,Position candidates require review; component identity is preserved.
Kepler-1079,1,unmatched_other,,,,1927.9038255561154,unassigned,Kepler-1079,,,,Position candidates require review; component identity is preserved.
Kepler-108,2,unmatched_other,,,,1104.7960213674792,unassigned,Kepler-108,,,,Position candidates require review; component identity is preserved.
Kepler-1080,1,unmatched_other,,,,4510.15562234267,unassigned,Kepler-1080,,,,Position candidates require review; component identity is preserved.
Kepler-1081,1,unmatched_other,,,,1370.5580226224129,unassigned,Kepler-1081,,,,Position candidates require review; component identity is preserved.
Kepler-1082,1,unmatched_other,,,,2412.1123223506156,unassigned,Kepler-1082,,,,Position candidates require review; component identity is preserved.
Kepler-1083,1,unmatched_other,,,,2943.9950968759717,unassigned,Kepler-1083,,,,Position candidates require review; component identity is preserved.
Kepler-1084,1,unmatched_other,,,,1322.6717432460407,unassigned,Kepler-1084,,,,Position candidates require review; component identity is preserved.
Kepler-1085,2,unmatched_other,,,,4450.501620858277,unassigned,Kepler-1085,,,,Position candidates require review; component identity is preserved.
Kepler-1086,2,unmatched_other,,,,1520.162691517306,unassigned,Kepler-1086,,,,Position candidates require review; component identity is preserved.
Kepler-1087,1,unmatched_other,,,,1182.718041567786,unassigned,Kepler-1087,,,,Position candidates require review; component identity is preserved.
Kepler-1088,1,unmatched_other,,,,915.2893812227197,unassigned,Kepler-1088,,,,Position candidates require review; component identity is preserved.
Kepler-1089,1,unmatched_other,,,,845.8148112052761,unassigned,Kepler-1089,,,,Position candidates require review; component identity is preserved.
Kepler-109,2,unmatched_other,,,,1548.7894367895044,unassigned,Kepler-109,,,,Position candidates require review; component identity is preserved.
Kepler-1090,2,unmatched_other,,,,2800.933124918077,unassigned,Kepler-1090,,,,Position candidates require review; component identity is preserved.
Kepler-1091,1,unmatched_other,,,,2982.044499900407,unassigned,Kepler-1091,,,,Position candidates require review; component identity is preserved.
Kepler-1092,1,unmatched_other,,,,3200.354009761332,unassigned,Kepler-1092,,,,Position candidates require review; component identity is preserved.
Kepler-1093,2,unmatched_other,,,,3499.266545247396,unassigned,Kepler-1093,,,,Position candidates require review; component identity is preserved.
Kepler-1094,1,unmatched_other,,,,4210.711451960928,unassigned,Kepler-1094,,,,Position candidates require review; component identity is preserved.
Kepler-1095,1,unmatched_other,,,,2584.8610478082887,unassigned,Kepler-1095,,,,Position candidates require review; component identity is preserved.
Kepler-1096,1,unmatched_other,,,,1232.7928302386379,unassigned,Kepler-1096,,,,Position candidates require review; component identity is preserved.
Kepler-1097,1,unmatched_other,,,,2347.680129932673,unassigned,Kepler-1097,,,,Position candidates require review; component identity is preserved.
Kepler-1098,1,unmatched_other,,,,3422.0000993662993,unassigned,Kepler-1098,,,,Position candidates require review; component identity is preserved.
Kepler-1099,1,unmatched_other,,,,3335.9274312868506,unassigned,Kepler-1099,,,,Position candidates require review; component identity is preserved.
Kepler-11,6,unmatched_other,,,,2108.098701117062,unassigned,Kepler-11,,,,Position candidates require review; component identity is preserved.
Kepler-110,2,unmatched_other,,,,1913.0082637857915,unassigned,Kepler-110,,,,Position candidates require review; component identity is preserved.
Kepler-1100,1,unmatched_other,,,,2262.2793439913207,unassigned,Kepler-1100,,,,Position candidates require review; component identity is preserved.
Kepler-1101,1,unmatched_other,,,,2421.6230423248358,unassigned,Kepler-1101,,,,Position candidates require review; component identity is preserved.
Kepler-1102,1,unmatched_other,,,,4064.07154453948,unassigned,Kepler-1102,,,,Position candidates require review; component identity is preserved.
Kepler-1103,1,unmatched_other,,,,4344.142026084848,unassigned,Kepler-1103,,,,Position candidates require review; component identity is preserved.
Kepler-1104,1,unmatched_other,,,,1730.7749108641158,unassigned,Kepler-1104,,,,Position candidates require review; component identity is preserved.
Kepler-1105,1,unmatched_other,,,,1037.1903273943526,unassigned,Kepler-1105,,,,Position candidates require review; component identity is preserved.
Kepler-1106,1,unmatched_other,,,,3557.3876117565196,unassigned,Kepler-1106,,,,Position candidates require review; component identity is preserved.
Kepler-1107,1,unmatched_other,,,,1398.552024521841,unassigned,Kepler-1107,,,,Position candidates require review; component identity is preserved.
Kepler-1108,1,unmatched_other,,,,2503.9057732952156,unassigned,Kepler-1108,,,,Position candidates require review; component identity is preserved.
Kepler-1109,1,unmatched_other,,,,2234.4549434083056,unassigned,Kepler-1109,,,,Position candidates require review; component identity is preserved.
Kepler-111,2,unmatched_other,,,,2143.574730321312,unassigned,Kepler-111,,,,Position candidates require review; component identity is preserved.
Kepler-1110,1,unmatched_other,,,,2370.5958770310513,unassigned,Kepler-1110,,,,Position candidates require review; component identity is preserved.
Kepler-1111,1,unmatched_other,,,,2744.723334782373,unassigned,Kepler-1111,,,,Position candidates require review; component identity is preserved.
Kepler-1112,1,unmatched_other,,,,5450.9863095043875,unassigned,Kepler-1112,,,,Position candidates require review; component identity is preserved.
Kepler-1113,1,unmatched_other,,,,3502.5281090245635,unassigned,Kepler-1113,,,,Position candidates require review; component identity is preserved.
Kepler-1114,1,unmatched_other,,,,1364.6937309510658,unassigned,Kepler-1114,,,,Position candidates require review; component identity is preserved.
Kepler-1115,1,unmatched_other,,,,3206.916276080993,unassigned,Kepler-1115,,,,Position candidates require review; component identity is preserved.
Kepler-1116,1,unmatched_other,,,,3289.5153787377585,unassigned,Kepler-1116,,,,Position candidates require review; component identity is preserved.
Kepler-1117,1,unmatched_other,,,,1854.1566069905825,unassigned,Kepler-1117,,,,Position candidates require review; component identity is preserved.
Kepler-1118,1,unmatched_other,,,,2897.3286423522604,unassigned,Kepler-1118,,,,Position candidates require review; component identity is preserved.
Kepler-1119,1,unmatched_other,,,,5731.317716151929,unassigned,Kepler-1119,,,,Position candidates require review; component identity is preserved.
Kepler-112,2,unmatched_other,,,,1673.8540998249898,unassigned,Kepler-112,,,,Position candidates require review; component identity is preserved.
Kepler-1120,1,unmatched_other,,,,2006.6151441904972,unassigned,Kepler-1120,,,,Position candidates require review; component identity is preserved.
Kepler-1121,1,unmatched_other,,,,1572.2270340922298,unassigned,Kepler-1121,,,,Position candidates require review; component identity is preserved.
Kepler-1122,1,unmatched_other,,,,4013.0933027023534,unassigned,Kepler-1122,,,,Position candidates require review; component identity is preserved.
Kepler-1123,1,unmatched_other,,,,2297.194384225898,unassigned,Kepler-1123,,,,Position candidates require review; component identity is preserved.
Kepler-1124,1,unmatched_other,,,,945.5240774370617,unassigned,Kepler-1124,,,,Position candidates require review; component identity is preserved.
Kepler-1125,1,unmatched_other,,,,6560.3419970323475,unassigned,Kepler-1125,,,,Position candidates require review; component identity is preserved.
Kepler-1126,2,unmatched_other,,,,2073.4935094413154,unassigned,Kepler-1126,,,,Position candidates require review; component identity is preserved.
Kepler-1127,1,unmatched_other,,,,2747.7337581486986,unassigned,Kepler-1127,,,,Position candidates require review; component identity is preserved.
Kepler-1128,1,unmatched_other,,,,3533.610811820969,unassigned,Kepler-1128,,,,Position candidates require review; component identity is preserved.
Kepler-1129,2,unmatched_other,,,,3861.3001245129813,unassigned,Kepler-1129,,,,Position candidates require review; component identity is preserved.
Kepler-113,2,unmatched_other,,,,855.6745185036533,unassigned,Kepler-113,,,,Position candidates require review; component identity is preserved.
Kepler-1130,3,unmatched_other,,,,813.2480968902593,unassigned,Kepler-1130,,,,Position candidates require review; component identity is preserved.
Kepler-1131,1,unmatched_other,,,,3361.693785126474,unassigned,Kepler-1131,,,,Position candidates require review; component identity is preserved.
Kepler-1132,1,unmatched_other,,,,2830.8123106807075,unassigned,Kepler-1132,,,,Position candidates require review; component identity is preserved.
Kepler-1133,1,unmatched_other,,,,2456.397835316995,unassigned,Kepler-1133,,,,Position candidates require review; component identity is preserved.
Kepler-1134,1,unmatched_other,,,,3080.3676015268966,unassigned,Kepler-1134,,,,Position candidates require review; component identity is preserved.
Kepler-1135,1,unmatched_other,,,,4287.782204015395,unassigned,Kepler-1135,,,,Position candidates require review; component identity is preserved.
Kepler-1136,1,unmatched_other,,,,1602.7520094827398,unassigned,Kepler-1136,,,,Position candidates require review; component identity is preserved.
Kepler-1137,1,unmatched_other,,,,3006.4377353898426,unassigned,Kepler-1137,,,,Position candidates require review; component identity is preserved.
Kepler-1138,1,unmatched_other,,,,2845.1534066089125,unassigned,Kepler-1138,,,,Position candidates require review; component identity is preserved.
Kepler-1139,1,unmatched_other,,,,1614.9828736471177,unassigned,Kepler-1139,,,,Position candidates require review; component identity is preserved.
Kepler-114,3,unmatched_other,,,,846.4834317795955,unassigned,Kepler-114,,,,Position candidates require review; component identity is preserved.
Kepler-1140,1,unmatched_other,,,,2141.1513884348765,unassigned,Kepler-1140,,,,Position candidates require review; component identity is preserved.
Kepler-1141,1,unmatched_other,,,,1283.8884883717428,unassigned,Kepler-1141,,,,Position candidates require review; component identity is preserved.
Kepler-1142,1,unmatched_other,,,,4153.634085860498,unassigned,Kepler-1142,,,,Position candidates require review; component identity is preserved.
Kepler-1143,2,unmatched_other,,,,1810.78433188181,unassigned,Kepler-1143,,,,Position candidates require review; component identity is preserved.
Kepler-1144,1,unmatched_other,,,,3720.041797323859,unassigned,Kepler-1144,,,,Position candidates require review; component identity is preserved.
Kepler-1145,1,unmatched_other,,,,2256.8749328125546,unassigned,Kepler-1145,,,,Position candidates require review; component identity is preserved.
Kepler-1146,1,unmatched_other,,,,2293.003274772238,unassigned,Kepler-1146,,,,Position candidates require review; component identity is preserved.
Kepler-1147,1,unmatched_other,,,,5405.585341726217,unassigned,Kepler-1147,,,,Position candidates require review; component identity is preserved.
Kepler-1148,1,unmatched_other,,,,2040.7343628634458,unassigned,Kepler-1148,,,,Position candidates require review; component identity is preserved.
Kepler-1149,1,unmatched_other,,,,3971.7040583700987,unassigned,Kepler-1149,,,,Position candidates require review; component identity is preserved.
Kepler-115,2,unmatched_other,,,,2033.940525515606,unassigned,Kepler-115,,,,Position candidates require review; component identity is preserved.
Kepler-1150,1,unmatched_other,,,,1169.3293222625139,unassigned,Kepler-1150,,,,Position candidates require review; component identity is preserved.
Kepler-1151,1,unmatched_other,,,,2225.8085378350347,unassigned,Kepler-1151,,,,Position candidates require review; component identity is preserved.
Kepler-1152,1,unmatched_other,,,,701.9961564510781,unassigned,Kepler-1152,,,,Position candidates require review; component identity is preserved.
Kepler-1153,1,unmatched_other,,,,3651.28803290117,unassigned,Kepler-1153,,,,Position candidates require review; component identity is preserved.
Kepler-1154,2,unmatched_other,,,,4762.209271042169,unassigned,Kepler-1154,,,,Position candidates require review; component identity is preserved.
Kepler-1155,1,unmatched_other,,,,3681.3922665644254,unassigned,Kepler-1155,,,,Position candidates require review; component identity is preserved.
Kepler-1156,1,unmatched_other,,,,2254.820147632939,unassigned,Kepler-1156,,,,Position candidates require review; component identity is preserved.
Kepler-1157,1,unmatched_other,,,,1115.9244769751742,unassigned,Kepler-1157,,,,Position candidates require review; component identity is preserved.
Kepler-1158,1,unmatched_other,,,,4840.976036260763,unassigned,Kepler-1158,,,,Position candidates require review; component identity is preserved.
Kepler-1159,1,unmatched_other,,,,3958.5925719858856,unassigned,Kepler-1159,,,,Position candidates require review; component identity is preserved.
Kepler-116,2,unmatched_other,,,,3115.341349909463,unassigned,Kepler-116,,,,Position candidates require review; component identity is preserved.
Kepler-1160,1,unmatched_other,,,,3514.7589731889416,unassigned,Kepler-1160,,,,Position candidates require review; component identity is preserved.
Kepler-1161,1,unmatched_other,,,,1786.4432814128095,unassigned,Kepler-1161,,,,Position candidates require review; component identity is preserved.
Kepler-1162,2,unmatched_other,,,,3066.5581404943696,unassigned,Kepler-1162,,,,Position candidates require review; component identity is preserved.
Kepler-1163,1,unmatched_other,,,,1561.1377172498603,unassigned,Kepler-1163,,,,Position candidates require review; component identity is preserved.
Kepler-1164,1,unmatched_other,,,,1407.7626806285618,unassigned,Kepler-1164,,,,Position candidates require review; component identity is preserved.
Kepler-1165,2,unmatched_other,,,,5137.615261794141,unassigned,Kepler-1165,,,,Position candidates require review; component identity is preserved.
Kepler-1166,1,unmatched_other,,,,2070.786411506266,unassigned,Kepler-1166,,,,Position candidates require review; component identity is preserved.
Kepler-1167,1,unmatched_other,,,,2677.4340124956316,unassigned,Kepler-1167,,,,Position candidates require review; component identity is preserved.
Kepler-1168,1,unmatched_other,,,,2454.8681619055037,unassigned,Kepler-1168,,,,Position candidates require review; component identity is preserved.
Kepler-1169,1,unmatched_other,,,,1705.2205586700088,unassigned,Kepler-1169,,,,Position candidates require review; component identity is preserved.
Kepler-117,2,unmatched_other,,,,4747.4343871316005,unassigned,Kepler-117,,,,Position candidates require review; component identity is preserved.
Kepler-1170,1,unmatched_other,,,,3426.1096697255302,unassigned,Kepler-1170,,,,Position candidates require review; component identity is preserved.
Kepler-1171,1,unmatched_other,,,,1868.8760443169392,unassigned,Kepler-1171,,,,Position candidates require review; component identity is preserved.
Kepler-1172,1,unmatched_other,,,,4261.330921782566,unassigned,Kepler-1172,,,,Position candidates require review; component identity is preserved.
Kepler-1173,1,unmatched_other,,,,1229.8052378187524,unassigned,Kepler-1173,,,,Position candidates require review; component identity is preserved.
Kepler-1174,1,unmatched_other,,,,4594.7279710846215,unassigned,Kepler-1174,,,,Position candidates require review; component identity is preserved.
Kepler-1175,1,unmatched_other,,,,3659.115785966372,unassigned,Kepler-1175,,,,Position candidates require review; component identity is preserved.
Kepler-1176,1,unmatched_other,,,,2820.270936552902,unassigned,Kepler-1176,,,,Position candidates require review; component identity is preserved.
Kepler-1177,1,unmatched_other,,,,4239.9350634043485,unassigned,Kepler-1177,,,,Position candidates require review; component identity is preserved.
Kepler-1178,1,unmatched_other,,,,1573.00980939875,unassigned,Kepler-1178,,,,Position candidates require review; component identity is preserved.
Kepler-1179,1,unmatched_other,,,,1354.217588098804,unassigned,Kepler-1179,,,,Position candidates require review; component identity is preserved.
Kepler-118,2,unmatched_other,,,,1872.8812446353006,unassigned,Kepler-118,,,,Position candidates require review; component identity is preserved.
Kepler-1180,1,unmatched_other,,,,5208.065039380957,unassigned,Kepler-1180,,,,Position candidates require review; component identity is preserved.
Kepler-1181,2,unmatched_other,,,,3060.7068950781313,unassigned,Kepler-1181,,,,Position candidates require review; component identity is preserved.
Kepler-1182,1,unmatched_other,,,,5040.38804559678,unassigned,Kepler-1182,,,,Position candidates require review; component identity is preserved.
Kepler-1183,1,unmatched_other,,,,6259.560585501967,unassigned,Kepler-1183,,,,Position candidates require review; component identity is preserved.
Kepler-1184,1,unmatched_other,,,,3776.3690037555407,unassigned,Kepler-1184,,,,Position candidates require review; component identity is preserved.
Kepler-1185,1,unmatched_other,,,,1497.9481806310187,unassigned,Kepler-1185,,,,Position candidates require review; component identity is preserved.
Kepler-1186,1,unmatched_other,,,,4361.52616101715,unassigned,Kepler-1186,,,,Position candidates require review; component identity is preserved.
Kepler-1187,1,unmatched_other,,,,3328.5236815126805,unassigned,Kepler-1187,,,,Position candidates require review; component identity is preserved.
Kepler-1188,1,unmatched_other,,,,5601.670556009523,unassigned,Kepler-1188,,,,Position candidates require review; component identity is preserved.
Kepler-1189,1,unmatched_other,,,,2553.3217260830793,unassigned,Kepler-1189,,,,Position candidates require review; component identity is preserved.
Kepler-119,2,unmatched_other,,,,2289.6047253164293,unassigned,Kepler-119,,,,Position candidates require review; component identity is preserved.
Kepler-1190,1,unmatched_other,,,,1117.1149477538404,unassigned,Kepler-1190,,,,Position candidates require review; component identity is preserved.
Kepler-1191,1,unmatched_other,,,,3116.54160537946,unassigned,Kepler-1191,,,,Position candidates require review; component identity is preserved.
Kepler-1192,1,unmatched_other,,,,4253.698862543995,unassigned,Kepler-1192,,,,Position candidates require review; component identity is preserved.
Kepler-1193,1,unmatched_other,,,,2616.152490686433,unassigned,Kepler-1193,,,,Position candidates require review; component identity is preserved.
Kepler-1194,1,unmatched_other,,,,2470.249696678625,unassigned,Kepler-1194,,,,Position candidates require review; component identity is preserved.
Kepler-1195,1,unmatched_other,,,,2995.9615925375806,unassigned,Kepler-1195,,,,Position candidates require review; component identity is preserved.
Kepler-1196,1,unmatched_other,,,,3008.24790328617,unassigned,Kepler-1196,,,,Position candidates require review; component identity is preserved.
Kepler-1197,1,unmatched_other,,,,1588.18586565391,unassigned,Kepler-1197,,,,Position candidates require review; component identity is preserved.
Kepler-1198,1,unmatched_other,,,,2423.4397333487177,unassigned,Kepler-1198,,,,Position candidates require review; component identity is preserved.
Kepler-1199,1,unmatched_other,,,,1837.8683574874087,unassigned,Kepler-1199,,,,Position candidates require review; component identity is preserved.
Kepler-12,1,unmatched_other,,,,2874.6966513024954,unassigned,Kepler-12,,,,Position candidates require review; component identity is preserved.
Kepler-120,2,unmatched_other,,,,1267.5415307205797,unassigned,Kepler-120,,,,Position candidates require review; component identity is preserved.
Kepler-1200,1,unmatched_other,,,,1920.1315190751257,unassigned,Kepler-1200,,,,Position candidates require review; component identity is preserved.
Kepler-1201,1,unmatched_other,,,,3079.7022425163545,unassigned,Kepler-1201,,,,Position candidates require review; component identity is preserved.
Kepler-1202,1,unmatched_other,,,,3833.576832407058,unassigned,Kepler-1202,,,,Position candidates require review; component identity is preserved.
Kepler-1203,1,unmatched_other,,,,1033.987471765174,unassigned,Kepler-1203,,,,Position candidates require review; component identity is preserved.
Kepler-1204,1,unmatched_other,,,,3833.054982202711,unassigned,Kepler-1204,,,,Position candidates require review; component identity is preserved.
Kepler-1205,1,unmatched_other,,,,2278.1533748947945,unassigned,Kepler-1205,,,,Position candidates require review; component identity is preserved.
Kepler-1206,1,unmatched_other,,,,2485.37356791335,unassigned,Kepler-1206,,,,Position candidates require review; component identity is preserved.
Kepler-1207,1,unmatched_other,,,,5721.40256226934,unassigned,Kepler-1207,,,,Position candidates require review; component identity is preserved.
Kepler-1208,1,unmatched_other,,,,2691.3641513879143,unassigned,Kepler-1208,,,,Position candidates require review; component identity is preserved.
Kepler-1209,1,unmatched_other,,,,1648.8215978352298,unassigned,Kepler-1209,,,,Position candidates require review; component identity is preserved.
Kepler-121,2,unmatched_other,,,,1665.1033242108497,unassigned,Kepler-121,,,,Position candidates require review; component identity is preserved.
Kepler-1210,1,unmatched_other,,,,3837.3276307508004,unassigned,Kepler-1210,,,,Position candidates require review; component identity is preserved.
Kepler-1211,1,unmatched_other,,,,5957.344085909632,unassigned,Kepler-1211,,,,Position candidates require review; component identity is preserved.
Kepler-1212,1,unmatched_other,,,,4294.077022105327,unassigned,Kepler-1212,,,,Position candidates require review; component identity is preserved.
Kepler-1213,1,unmatched_other,,,,2634.7303579611785,unassigned,Kepler-1213,,,,Position candidates require review; component identity is preserved.
Kepler-1214,1,unmatched_other,,,,2378.420368532476,unassigned,Kepler-1214,,,,Position candidates require review; component identity is preserved.
Kepler-1215,1,unmatched_other,,,,2155.965411110771,unassigned,Kepler-1215,,,,Position candidates require review; component identity is preserved.
Kepler-1216,1,unmatched_other,,,,4104.221394636411,unassigned,Kepler-1216,,,,Position candidates require review; component identity is preserved.
Kepler-1217,1,unmatched_other,,,,4395.642118126321,unassigned,Kepler-1217,,,,Position candidates require review; component identity is preserved.
Kepler-1218,1,unmatched_other,,,,2741.3541394005592,unassigned,Kepler-1218,,,,Position candidates require review; component identity is preserved.
Kepler-1219,1,unmatched_other,,,,2873.095223487906,unassigned,Kepler-1219,,,,Position candidates require review; component identity is preserved.
Kepler-122,5,unmatched_other,,,,3351.0937028506796,unassigned,Kepler-122,,,,Position candidates require review; component identity is preserved.
Kepler-1220,1,unmatched_other,,,,3137.3210282037944,unassigned,Kepler-1220,,,,Position candidates require review; component identity is preserved.
Kepler-1221,1,unmatched_other,,,,2979.9277450090253,unassigned,Kepler-1221,,,,Position candidates require review; component identity is preserved.
Kepler-1222,1,unmatched_other,,,,1354.2599884279073,unassigned,Kepler-1222,,,,Position candidates require review; component identity is preserved.
Kepler-1223,1,unmatched_other,,,,1500.179090254601,unassigned,Kepler-1223,,,,Position candidates require review; component identity is preserved.
Kepler-1224,1,unmatched_other,,,,1825.1645665753413,unassigned,Kepler-1224,,,,Position candidates require review; component identity is preserved.
Kepler-1225,1,unmatched_other,,,,4395.02242100866,unassigned,Kepler-1225,,,,Position candidates require review; component identity is preserved.
Kepler-1226,1,unmatched_other,,,,3671.607575232923,unassigned,Kepler-1226,,,,Position candidates require review; component identity is preserved.
Kepler-1227,1,unmatched_other,,,,2034.2568972019913,unassigned,Kepler-1227,,,,Position candidates require review; component identity is preserved.
Kepler-1228,1,unmatched_other,,,,1681.1828336322849,unassigned,Kepler-1228,,,,Position candidates require review; component identity is preserved.
Kepler-1229,1,unmatched_other,,,,865.8864746899646,unassigned,Kepler-1229,,,,Position candidates require review; component identity is preserved.
Kepler-123,2,unmatched_other,,,,3332.20924858088,unassigned,Kepler-123,,,,Position candidates require review; component identity is preserved.
Kepler-1230,1,unmatched_other,,,,4449.490536087356,unassigned,Kepler-1230,,,,Position candidates require review; component identity is preserved.
Kepler-1231,1,unmatched_other,,,,3219.936438679445,unassigned,Kepler-1231,,,,Position candidates require review; component identity is preserved.
Kepler-1232,1,unmatched_other,,,,2064.1295598370675,unassigned,Kepler-1232,,,,Position candidates require review; component identity is preserved.
Kepler-1233,1,unmatched_other,,,,3844.4052241472536,unassigned,Kepler-1233,,,,Position candidates require review; component identity is preserved.
Kepler-1234,1,unmatched_other,,,,2990.0353311544673,unassigned,Kepler-1234,,,,Position candidates require review; component identity is preserved.
Kepler-1235,1,unmatched_other,,,,1763.2144241918231,unassigned,Kepler-1235,,,,Position candidates require review; component identity is preserved.
Kepler-1236,1,unmatched_other,,,,3260.389614207653,unassigned,Kepler-1236,,,,Position candidates require review; component identity is preserved.
Kepler-1237,1,unmatched_other,,,,3471.314943677071,unassigned,Kepler-1237,,,,Position candidates require review; component identity is preserved.
Kepler-1238,1,unmatched_other,,,,5323.296087628283,unassigned,Kepler-1238,,,,Position candidates require review; component identity is preserved.
Kepler-1239,1,unmatched_other,,,,6981.703421404607,unassigned,Kepler-1239,,,,Position candidates require review; component identity is preserved.
Kepler-124,3,unmatched_other,,,,1370.0068183440717,unassigned,Kepler-124,,,,Position candidates require review; component identity is preserved.
Kepler-1240,1,unmatched_other,,,,2812.074626780881,unassigned,Kepler-1240,,,,Position candidates require review; component identity is preserved.
Kepler-1241,1,unmatched_other,,,,3159.54858534519,unassigned,Kepler-1241,,,,Position candidates require review; component identity is preserved.
Kepler-1242,1,unmatched_other,,,,2242.7001766369845,unassigned,Kepler-1242,,,,Position candidates require review; component identity is preserved.
Kepler-1243,1,unmatched_other,,,,2472.8198089350326,unassigned,Kepler-1243,,,,Position candidates require review; component identity is preserved.
Kepler-1244,1,unmatched_other,,,,3508.8229271144965,unassigned,Kepler-1244,,,,Position candidates require review; component identity is preserved.
Kepler-1245,2,unmatched_other,,,,2628.6116643152127,unassigned,Kepler-1245,,,,Position candidates require review; component identity is preserved.
Kepler-1246,1,unmatched_other,,,,1423.6888965524704,unassigned,Kepler-1246,,,,Position candidates require review; component identity is preserved.
Kepler-1247,1,unmatched_other,,,,3411.334785814962,unassigned,Kepler-1247,,,,Position candidates require review; component identity is preserved.
Kepler-1248,1,unmatched_other,,,,1934.1921205184942,unassigned,Kepler-1248,,,,Position candidates require review; component identity is preserved.
Kepler-1249,1,unmatched_other,,,,6211.778676166463,unassigned,Kepler-1249,,,,Position candidates require review; component identity is preserved.
Kepler-125,2,unmatched_other,,,,598.0566420003064,unassigned,Kepler-125,,,,Position candidates require review; component identity is preserved.
Kepler-1250,1,unmatched_other,,,,6936.856919468555,unassigned,Kepler-1250,,,,Position candidates require review; component identity is preserved.
Kepler-1251,1,unmatched_other,,,,2942.595886015567,unassigned,Kepler-1251,,,,Position candidates require review; component identity is preserved.
Kepler-1252,1,unmatched_other,,,,2116.686398542344,unassigned,Kepler-1252,,,,Position candidates require review; component identity is preserved.
Kepler-1253,1,unmatched_other,,,,1678.1528408832964,unassigned,Kepler-1253,,,,Position candidates require review; component identity is preserved.
Kepler-1254,3,unmatched_other,,,,2031.3606285678663,unassigned,Kepler-1254,,,,Position candidates require review; component identity is preserved.
Kepler-1255,1,unmatched_other,,,,5274.176937144141,unassigned,Kepler-1255,,,,Position candidates require review; component identity is preserved.
Kepler-1256,1,unmatched_other,,,,2906.679545701399,unassigned,Kepler-1256,,,,Position candidates require review; component identity is preserved.
Kepler-1257,1,unmatched_other,,,,3607.126459358323,unassigned,Kepler-1257,,,,Position candidates require review; component identity is preserved.
Kepler-1258,1,unmatched_other,,,,2340.3513961253775,unassigned,Kepler-1258,,,,Position candidates require review; component identity is preserved.
Kepler-1259,1,unmatched_other,,,,2627.391839462552,unassigned,Kepler-1259,,,,Position candidates require review; component identity is preserved.
Kepler-126,3,unmatched_other,,,,774.2985022633259,unassigned,Kepler-126,,,,Position candidates require review; component identity is preserved.
Kepler-1260,1,unmatched_other,,,,5656.9540620325115,unassigned,Kepler-1260,,,,Position candidates require review; component identity is preserved.
Kepler-1261,1,unmatched_other,,,,2427.5623499630574,unassigned,Kepler-1261,,,,Position candidates require review; component identity is preserved.
Kepler-1262,1,unmatched_other,,,,3440.52578162061,unassigned,Kepler-1262,,,,Position candidates require review; component identity is preserved.
Kepler-1263,1,unmatched_other,,,,2168.3854459742247,unassigned,Kepler-1263,,,,Position candidates require review; component identity is preserved.
Kepler-1264,1,unmatched_other,,,,2615.7513183418414,unassigned,Kepler-1264,,,,Position candidates require review; component identity is preserved.
Kepler-1265,1,unmatched_other,,,,1903.5823444697778,unassigned,Kepler-1265,,,,Position candidates require review; component identity is preserved.
Kepler-1266,2,unmatched_other,,,,2770.0852547136274,unassigned,Kepler-1266,,,,Position candidates require review; component identity is preserved.
Kepler-1267,1,unmatched_other,,,,4499.098921138073,unassigned,Kepler-1267,,,,Position candidates require review; component identity is preserved.
Kepler-1268,1,unmatched_other,,,,6003.788754096496,unassigned,Kepler-1268,,,,Position candidates require review; component identity is preserved.
Kepler-1269,1,unmatched_other,,,,3578.6856232214227,unassigned,Kepler-1269,,,,Position candidates require review; component identity is preserved.
Kepler-127,3,unmatched_other,,,,1150.6601312020075,unassigned,Kepler-127,,,,Position candidates require review; component identity is preserved.
Kepler-1270,1,unmatched_other,,,,3571.5754141871976,unassigned,Kepler-1270,,,,Position candidates require review; component identity is preserved.
Kepler-1271,1,unmatched_other,,,,2713.59170852931,unassigned,Kepler-1271,,,,Position candidates require review; component identity is preserved.
Kepler-1272,1,unmatched_other,,,,3934.652693861476,unassigned,Kepler-1272,,,,Position candidates require review; component identity is preserved.
Kepler-1273,1,unmatched_other,,,,3634.1648230710407,unassigned,Kepler-1273,,,,Position candidates require review; component identity is preserved.
Kepler-1274,1,unmatched_other,,,,2004.7136525084086,unassigned,Kepler-1274,,,,Position candidates require review; component identity is preserved.
Kepler-1275,1,unmatched_other,,,,3763.7793675756748,unassigned,Kepler-1275,,,,Position candidates require review; component identity is preserved.
Kepler-1276,1,unmatched_other,,,,1756.2901242928967,unassigned,Kepler-1276,,,,Position candidates require review; component identity is preserved.
Kepler-1277,1,unmatched_other,,,,1817.3205056912536,unassigned,Kepler-1277,,,,Position candidates require review; component identity is preserved.
Kepler-1278,1,unmatched_other,,,,2900.9196240709216,unassigned,Kepler-1278,,,,Position candidates require review; component identity is preserved.
Kepler-1279,1,unmatched_other,,,,4873.493827119122,unassigned,Kepler-1279,,,,Position candidates require review; component identity is preserved.
Kepler-128,2,unmatched_other,,,,1292.8153884298501,unassigned,Kepler-128,,,,Position candidates require review; component identity is preserved.
Kepler-1280,1,unmatched_other,,,,4848.966867514823,unassigned,Kepler-1280,,,,Position candidates require review; component identity is preserved.
Kepler-1281,1,unmatched_other,,,,,unassigned,Kepler-1281,,,,Position candidates require review; component identity is preserved.
Kepler-1282,1,unmatched_other,,,,3598.4506997110575,unassigned,Kepler-1282,,,,Position candidates require review; component identity is preserved.
Kepler-1283,1,unmatched_other,,,,9530.256741245468,unassigned,Kepler-1283,,,,Position candidates require review; component identity is preserved.
Kepler-1284,1,unmatched_other,,,,2877.755998125478,unassigned,Kepler-1284,,,,Position candidates require review; component identity is preserved.
Kepler-1285,1,unmatched_other,,,,1377.257274620715,unassigned,Kepler-1285,,,,Position candidates require review; component identity is preserved.
Kepler-1286,1,unmatched_other,,,,4417.657673622201,unassigned,Kepler-1286,,,,Position candidates require review; component identity is preserved.
Kepler-1287,1,unmatched_other,,,,3272.196475080999,unassigned,Kepler-1287,,,,Position candidates require review; component identity is preserved.
Kepler-1288,1,unmatched_other,,,,2655.1673165889097,unassigned,Kepler-1288,,,,Position candidates require review; component identity is preserved.
Kepler-1289,1,unmatched_other,,,,3436.2857487102924,unassigned,Kepler-1289,,,,Position candidates require review; component identity is preserved.
Kepler-129,3,unmatched_other,,,,1333.4740424760193,unassigned,Kepler-129,,,,Position candidates require review; component identity is preserved.
Kepler-1290,1,unmatched_other,,,,5197.954191671739,unassigned,Kepler-1290,,,,Position candidates require review; component identity is preserved.
Kepler-1291,1,unmatched_other,,,,2926.7707785687503,unassigned,Kepler-1291,,,,Position candidates require review; component identity is preserved.
Kepler-1292,1,unmatched_other,,,,4870.9171917351605,unassigned,Kepler-1292,,,,Position candidates require review; component identity is preserved.
Kepler-1293,1,unmatched_other,,,,3353.4094131324687,unassigned,Kepler-1293,,,,Position candidates require review; component identity is preserved.
Kepler-1294,1,unmatched_other,,,,6052.483901289606,unassigned,Kepler-1294,,,,Position candidates require review; component identity is preserved.
Kepler-1295,1,unmatched_other,,,,3830.576193732064,unassigned,Kepler-1295,,,,Position candidates require review; component identity is preserved.
Kepler-1296,1,unmatched_other,,,,5060.446662826359,unassigned,Kepler-1296,,,,Position candidates require review; component identity is preserved.
Kepler-1297,1,unmatched_other,,,,4694.923210319205,unassigned,Kepler-1297,,,,Position candidates require review; component identity is preserved.
Kepler-1298,1,unmatched_other,,,,1774.822329674762,unassigned,Kepler-1298,,,,Position candidates require review; component identity is preserved.
Kepler-1299,1,unmatched_other,,,,4582.3014130936135,unassigned,Kepler-1299,,,,Position candidates require review; component identity is preserved.
Kepler-130,3,unmatched_other,,,,1032.816570369171,unassigned,Kepler-130,,,,Position candidates require review; component identity is preserved.
Kepler-1300,1,unmatched_other,,,,2534.3165939535247,unassigned,Kepler-1300,,,,Position candidates require review; component identity is preserved.
Kepler-1301,1,unmatched_other,,,,2786.288703558595,unassigned,Kepler-1301,,,,Position candidates require review; component identity is preserved.
Kepler-1302,1,unmatched_other,,,,2069.72314171491,unassigned,Kepler-1302,,,,Position candidates require review; component identity is preserved.
Kepler-1303,1,unmatched_other,,,,2928.17651255671,unassigned,Kepler-1303,,,,Position candidates require review; component identity is preserved.
Kepler-1304,1,unmatched_other,,,,7097.423704218508,unassigned,Kepler-1304,,,,Position candidates require review; component identity is preserved.
Kepler-1305,1,unmatched_other,,,,5137.713108707456,unassigned,Kepler-1305,,,,Position candidates require review; component identity is preserved.
Kepler-1306,1,unmatched_other,,,,3612.1818832129325,unassigned,Kepler-1306,,,,Position candidates require review; component identity is preserved.
Kepler-1307,1,unmatched_other,,,,3309.247839589621,unassigned,Kepler-1307,,,,Position candidates require review; component identity is preserved.
Kepler-1308,1,unmatched_other,,,,367.59454550565556,unassigned,Kepler-1308,,,,Position candidates require review; component identity is preserved.
Kepler-1309,1,unmatched_other,,,,,unassigned,Kepler-1309,,,,Position candidates require review; component identity is preserved.
Kepler-131,2,unmatched_other,,,,745.8478814350943,unassigned,Kepler-131,,,,Position candidates require review; component identity is preserved.
Kepler-1310,1,unmatched_other,,,,1856.4331785070453,unassigned,Kepler-1310,,,,Position candidates require review; component identity is preserved.
Kepler-1311,3,unmatched_other,,,,2825.59380863724,unassigned,Kepler-1311,,,,Position candidates require review; component identity is preserved.
Kepler-1312,2,unmatched_other,,,,975.5467720058879,unassigned,Kepler-1312,,,,Position candidates require review; component identity is preserved.
Kepler-1313,1,unmatched_other,,,,568.2753031509906,unassigned,Kepler-1313,,,,Position candidates require review; component identity is preserved.
Kepler-1314,1,unmatched_other,,,,,unassigned,Kepler-1314,,,,Position candidates require review; component identity is preserved.
Kepler-1315,2,unmatched_other,,,,1568.3849119627266,unassigned,Kepler-1315,,,,Position candidates require review; component identity is preserved.
Kepler-1316,1,unmatched_other,,,,2612.0918437838595,unassigned,Kepler-1316,,,,Position candidates require review; component identity is preserved.
Kepler-1317,1,unmatched_other,,,,2375.406683602373,unassigned,Kepler-1317,,,,Position candidates require review; component identity is preserved.
Kepler-1318,1,unmatched_other,,,,1550.0516619712682,unassigned,Kepler-1318,,,,Position candidates require review; component identity is preserved.
Kepler-1319,1,unmatched_other,,,,338.9319230319082,unassigned,Kepler-1319,,,,Position candidates require review; component identity is preserved.
Kepler-132,4,unmatched_other,,,,1140.076356745099,unassigned,Kepler-132,,,,Position candidates require review; component identity is preserved.
Kepler-1320,1,unmatched_other,,,,2111.6146668688484,unassigned,Kepler-1320,,,,Position candidates require review; component identity is preserved.
Kepler-1321,3,unmatched_other,,,,2508.6187329532227,unassigned,Kepler-1321,,,,Position candidates require review; component identity is preserved.
Kepler-1322,2,unmatched_other,,,,4404.154799584729,unassigned,Kepler-1322,,,,Position candidates require review; component identity is preserved.
Kepler-1323,1,unmatched_other,,,,1517.987228477935,unassigned,Kepler-1323,,,,Position candidates require review; component identity is preserved.
Kepler-1324,1,unmatched_other,,,,1570.987639856906,unassigned,Kepler-1324,,,,Position candidates require review; component identity is preserved.
Kepler-1325,1,unmatched_other,,,,3174.7018106539103,unassigned,Kepler-1325,,,,Position candidates require review; component identity is preserved.
Kepler-1326,1,unmatched_other,,,,2277.634786254225,unassigned,Kepler-1326,,,,Position candidates require review; component identity is preserved.
Kepler-1327,1,unmatched_other,,,,2211.5652888201444,unassigned,Kepler-1327,,,,Position candidates require review; component identity is preserved.
Kepler-1328,1,unmatched_other,,,,2653.4223799681254,unassigned,Kepler-1328,,,,Position candidates require review; component identity is preserved.
Kepler-1329,1,unmatched_other,,,,1917.9201788342061,unassigned,Kepler-1329,,,,Position candidates require review; component identity is preserved.
Kepler-133,2,unmatched_other,,,,2131.7580847566346,unassigned,Kepler-133,,,,Position candidates require review; component identity is preserved.
Kepler-1330,1,unmatched_other,,,,5611.455247341026,unassigned,Kepler-1330,,,,Position candidates require review; component identity is preserved.
Kepler-1331,1,unmatched_other,,,,1041.0813729805132,unassigned,Kepler-1331,,,,Position candidates require review; component identity is preserved.
Kepler-1332,1,unmatched_other,,,,1724.3398455317642,unassigned,Kepler-1332,,,,Position candidates require review; component identity is preserved.
Kepler-1333,1,unmatched_other,,,,3041.2320977646646,unassigned,Kepler-1333,,,,Position candidates require review; component identity is preserved.
Kepler-1334,1,unmatched_other,,,,3989.0229620268574,unassigned,Kepler-1334,,,,Position candidates require review; component identity is preserved.
Kepler-1335,1,unmatched_other,,,,2028.2132195228996,unassigned,Kepler-1335,,,,Position candidates require review; component identity is preserved.
Kepler-1336,2,unmatched_other,,,,3674.608213907917,unassigned,Kepler-1336,,,,Position candidates require review; component identity is preserved.
Kepler-1337,1,unmatched_other,,,,1962.2513536934657,unassigned,Kepler-1337,,,,Position candidates require review; component identity is preserved.
Kepler-1338,1,unmatched_other,,,,2456.805530789141,unassigned,Kepler-1338,,,,Position candidates require review; component identity is preserved.
Kepler-1339,1,unmatched_other,,,,1210.1999779541989,unassigned,Kepler-1339,,,,Position candidates require review; component identity is preserved.
Kepler-134,2,unmatched_other,,,,1091.9617679043251,unassigned,Kepler-134,,,,Position candidates require review; component identity is preserved.
Kepler-1340,1,unmatched_other,,,,3202.1348235836654,unassigned,Kepler-1340,,,,Position candidates require review; component identity is preserved.
Kepler-1341,1,unmatched_other,,,,1555.6256744664474,unassigned,Kepler-1341,,,,Position candidates require review; component identity is preserved.
Kepler-1342,1,unmatched_other,,,,2905.153133853685,unassigned,Kepler-1342,,,,Position candidates require review; component identity is preserved.
Kepler-1343,1,unmatched_other,,,,5729.621702987802,unassigned,Kepler-1343,,,,Position candidates require review; component identity is preserved.
Kepler-1344,1,unmatched_other,,,,2785.241741586124,unassigned,Kepler-1344,,,,Position candidates require review; component identity is preserved.
Kepler-1345,1,unmatched_other,,,,4419.484149337415,unassigned,Kepler-1345,,,,Position candidates require review; component identity is preserved.
Kepler-1346,1,unmatched_other,,,,2751.7846203599406,unassigned,Kepler-1346,,,,Position candidates require review; component identity is preserved.
Kepler-1347,1,unmatched_other,,,,,unassigned,Kepler-1347,,,,Position candidates require review; component identity is preserved.
Kepler-1348,1,unmatched_other,,,,3958.951344001374,unassigned,Kepler-1348,,,,Position candidates require review; component identity is preserved.
Kepler-1349,1,unmatched_other,,,,901.2450875982366,unassigned,Kepler-1349,,,,Position candidates require review; component identity is preserved.
Kepler-135,2,unmatched_other,,,,2028.2197426504542,unassigned,Kepler-135,,,,Position candidates require review; component identity is preserved.
Kepler-1350,2,unmatched_other,,,,1111.1854248069499,unassigned,Kepler-1350,,,,Position candidates require review; component identity is preserved.
Kepler-1351,1,unmatched_other,,,,661.3864258615665,unassigned,Kepler-1351,,,,Position candidates require review; component identity is preserved.
Kepler-1352,1,unmatched_other,,,,2187.9515670734518,unassigned,Kepler-1352,,,,Position candidates require review; component identity is preserved.
Kepler-1353,1,unmatched_other,,,,1935.3597603507203,unassigned,Kepler-1353,,,,Position candidates require review; component identity is preserved.
Kepler-1354,1,unmatched_other,,,,3651.1575703500835,unassigned,Kepler-1354,,,,Position candidates require review; component identity is preserved.
Kepler-1355,1,unmatched_other,,,,2972.16196165559,unassigned,Kepler-1355,,,,Position candidates require review; component identity is preserved.
Kepler-1356,1,unmatched_other,,,,2756.765028247675,unassigned,Kepler-1356,,,,Position candidates require review; component identity is preserved.
Kepler-1357,1,unmatched_other,,,,3312.7377128311905,unassigned,Kepler-1357,,,,Position candidates require review; component identity is preserved.
Kepler-1358,1,unmatched_other,,,,1784.0688629830317,unassigned,Kepler-1358,,,,Position candidates require review; component identity is preserved.
Kepler-1359,1,unmatched_other,,,,2005.401842465391,unassigned,Kepler-1359,,,,Position candidates require review; component identity is preserved.
Kepler-136,2,unmatched_other,,,,1372.524745580045,unassigned,Kepler-136,,,,Position candidates require review; component identity is preserved.
Kepler-1360,1,unmatched_other,,,,4945.411308405664,unassigned,Kepler-1360,,,,Position candidates require review; component identity is preserved.
Kepler-1361,1,unmatched_other,,,,1269.2147129382663,unassigned,Kepler-1361,,,,Position candidates require review; component identity is preserved.
Kepler-1362,1,unmatched_other,,,,2385.17506711499,unassigned,Kepler-1362,,,,Position candidates require review; component identity is preserved.
Kepler-1363,1,unmatched_other,,,,1766.8347599844792,unassigned,Kepler-1363,,,,Position candidates require review; component identity is preserved.
Kepler-1364,1,unmatched_other,,,,3447.1467560882606,unassigned,Kepler-1364,,,,Position candidates require review; component identity is preserved.
Kepler-1365,2,unmatched_other,,,,2740.1310529841217,unassigned,Kepler-1365,,,,Position candidates require review; component identity is preserved.
Kepler-1366,1,unmatched_other,,,,1519.3212080627968,unassigned,Kepler-1366,,,,Position candidates require review; component identity is preserved.
Kepler-1367,1,unmatched_other,,,,1309.4656715122896,unassigned,Kepler-1367,,,,Position candidates require review; component identity is preserved.
Kepler-1368,1,unmatched_other,,,,5335.3312579660305,unassigned,Kepler-1368,,,,Position candidates require review; component identity is preserved.
Kepler-1369,1,unmatched_other,,,,4033.1193042941613,unassigned,Kepler-1369,,,,Position candidates require review; component identity is preserved.
Kepler-137,2,unmatched_other,,,,988.1853316424117,unassigned,Kepler-137,,,,Position candidates require review; component identity is preserved.
Kepler-1370,2,unmatched_other,,,,3274.93618865382,unassigned,Kepler-1370,,,,Position candidates require review; component identity is preserved.
Kepler-1371,2,unmatched_other,,,,1680.794707542802,unassigned,Kepler-1371,,,,Position candidates require review; component identity is preserved.
Kepler-1372,1,unmatched_other,,,,4250.535145680143,unassigned,Kepler-1372,,,,Position candidates require review; component identity is preserved.
Kepler-1373,1,unmatched_other,,,,5542.897176744967,unassigned,Kepler-1373,,,,Position candidates require review; component identity is preserved.
Kepler-1374,1,unmatched_other,,,,3517.4660711239903,unassigned,Kepler-1374,,,,Position candidates require review; component identity is preserved.
Kepler-1375,1,unmatched_other,,,,4666.77591492225,unassigned,Kepler-1375,,,,Position candidates require review; component identity is preserved.
Kepler-1376,1,unmatched_other,,,,2831.220006152854,unassigned,Kepler-1376,,,,Position candidates require review; component identity is preserved.
Kepler-1377,1,unmatched_other,,,,3738.078245011595,unassigned,Kepler-1377,,,,Position candidates require review; component identity is preserved.
Kepler-1378,1,unmatched_other,,,,1651.766789926012,unassigned,Kepler-1378,,,,Position candidates require review; component identity is preserved.
Kepler-1379,1,unmatched_other,,,,3168.0384358571573,unassigned,Kepler-1379,,,,Position candidates require review; component identity is preserved.
Kepler-138,4,unmatched_other,,,,218.07598189447978,unassigned,Kepler-138,,,,Position candidates require review; component identity is preserved.
Kepler-1380,1,unmatched_other,,,,8033.035889336758,unassigned,Kepler-1380,,,,Position candidates require review; component identity is preserved.
Kepler-1381,1,unmatched_other,,,,3904.2223038205043,unassigned,Kepler-1381,,,,Position candidates require review; component identity is preserved.
Kepler-1382,1,unmatched_other,,,,2407.8853356954064,unassigned,Kepler-1382,,,,Position candidates require review; component identity is preserved.
Kepler-1383,1,unmatched_other,,,,3350.3109275441593,unassigned,Kepler-1383,,,,Position candidates require review; component identity is preserved.
Kepler-1384,1,unmatched_other,,,,,unassigned,Kepler-1384,,,,Position candidates require review; component identity is preserved.
Kepler-1385,1,unmatched_other,,,,2246.5488218940422,unassigned,Kepler-1385,,,,Position candidates require review; component identity is preserved.
Kepler-1386,1,unmatched_other,,,,2726.2824531862684,unassigned,Kepler-1386,,,,Position candidates require review; component identity is preserved.
Kepler-1387,1,unmatched_other,,,,1485.1791584434081,unassigned,Kepler-1387,,,,Position candidates require review; component identity is preserved.
Kepler-1388,4,unmatched_other,,,,1480.0813342596955,unassigned,Kepler-1388,,,,Position candidates require review; component identity is preserved.
Kepler-1389,1,unmatched_other,,,,1621.300522683491,unassigned,Kepler-1389,,,,Position candidates require review; component identity is preserved.
Kepler-139,5,unmatched_other,,,,1275.3953762959989,unassigned,Kepler-139,,,,Position candidates require review; component identity is preserved.
Kepler-1390,1,unmatched_other,,,,2359.5163448800135,unassigned,Kepler-1390,,,,Position candidates require review; component identity is preserved.
Kepler-1391,1,unmatched_other,,,,3386.644748021804,unassigned,Kepler-1391,,,,Position candidates require review; component identity is preserved.
Kepler-1392,1,unmatched_other,,,,,unassigned,Kepler-1392,,,,Position candidates require review; component identity is preserved.
Kepler-1393,1,unmatched_other,,,,1775.777967861472,unassigned,Kepler-1393,,,,Position candidates require review; component identity is preserved.
Kepler-1394,1,unmatched_other,,,,2088.7347969720186,unassigned,Kepler-1394,,,,Position candidates require review; component identity is preserved.
Kepler-1395,1,unmatched_other,,,,1607.6052163831648,unassigned,Kepler-1395,,,,Position candidates require review; component identity is preserved.
Kepler-1396,1,unmatched_other,,,,3478.327305797981,unassigned,Kepler-1396,,,,Position candidates require review; component identity is preserved.
Kepler-1397,1,unmatched_other,,,,3908.168795990877,unassigned,Kepler-1397,,,,Position candidates require review; component identity is preserved.
Kepler-1398,2,unmatched_other,,,,2779.517697157195,unassigned,Kepler-1398,,,,Position candidates require review; component identity is preserved.
Kepler-1399,1,unmatched_other,,,,4519.548926020912,unassigned,Kepler-1399,,,,Position candidates require review; component identity is preserved.
Kepler-14,1,unmatched_other,,,,,unassigned,Kepler-14,,,,Position candidates require review; component identity is preserved.
Kepler-140,2,unmatched_other,,,,1904.2933653732005,unassigned,Kepler-140,,,,Position candidates require review; component identity is preserved.
Kepler-1400,1,unmatched_other,,,,2453.4689510450985,unassigned,Kepler-1400,,,,Position candidates require review; component identity is preserved.
Kepler-1401,1,unmatched_other,,,,4649.130854887775,unassigned,Kepler-1401,,,,Position candidates require review; component identity is preserved.
Kepler-1402,1,unmatched_other,,,,4871.602120128366,unassigned,Kepler-1402,,,,Position candidates require review; component identity is preserved.
Kepler-1403,1,unmatched_other,,,,7057.697857412609,unassigned,Kepler-1403,,,,Position candidates require review; component identity is preserved.
Kepler-1404,1,unmatched_other,,,,3138.2212198062925,unassigned,Kepler-1404,,,,Position candidates require review; component identity is preserved.
Kepler-1405,1,unmatched_other,,,,4991.171048199323,unassigned,Kepler-1405,,,,Position candidates require review; component identity is preserved.
Kepler-1406,1,unmatched_other,,,,1866.9288907419705,unassigned,Kepler-1406,,,,Position candidates require review; component identity is preserved.
Kepler-1407,1,unmatched_other,,,,4554.480274074376,unassigned,Kepler-1407,,,,Position candidates require review; component identity is preserved.
Kepler-1408,1,unmatched_other,,,,1745.0931758458808,unassigned,Kepler-1408,,,,Position candidates require review; component identity is preserved.
Kepler-1409,1,unmatched_other,,,,2266.4280531158774,unassigned,Kepler-1409,,,,Position candidates require review; component identity is preserved.
Kepler-141,2,unmatched_other,,,,982.3275630986191,unassigned,Kepler-141,,,,Position candidates require review; component identity is preserved.
Kepler-1410,1,unmatched_other,,,,,unassigned,Kepler-1410,,,,Position candidates require review; component identity is preserved.
Kepler-1411,1,unmatched_other,,,,5415.76142071098,unassigned,Kepler-1411,,,,Position candidates require review; component identity is preserved.
Kepler-1412,1,unmatched_other,,,,2464.6919920023315,unassigned,Kepler-1412,,,,Position candidates require review; component identity is preserved.
Kepler-1413,1,unmatched_other,,,,3807.843094205207,unassigned,Kepler-1413,,,,Position candidates require review; component identity is preserved.
Kepler-1414,1,unmatched_other,,,,1861.8147587393719,unassigned,Kepler-1414,,,,Position candidates require review; component identity is preserved.
Kepler-1415,1,unmatched_other,,,,3403.6374953008467,unassigned,Kepler-1415,,,,Position candidates require review; component identity is preserved.
Kepler-1416,1,unmatched_other,,,,3097.148347160423,unassigned,Kepler-1416,,,,Position candidates require review; component identity is preserved.
Kepler-1417,1,unmatched_other,,,,3234.965724564633,unassigned,Kepler-1417,,,,Position candidates require review; component identity is preserved.
Kepler-1418,1,unmatched_other,,,,,unassigned,Kepler-1418,,,,Position candidates require review; component identity is preserved.
Kepler-1419,1,unmatched_other,,,,4887.714245187572,unassigned,Kepler-1419,,,,Position candidates require review; component identity is preserved.
Kepler-142,3,unmatched_other,,,,1789.5743826388905,unassigned,Kepler-142,,,,Position candidates require review; component identity is preserved.
Kepler-1420,1,unmatched_other,,,,3438.8949997320265,unassigned,Kepler-1420,,,,Position candidates require review; component identity is preserved.
Kepler-1421,1,unmatched_other,,,,2555.112324596744,unassigned,Kepler-1421,,,,Position candidates require review; component identity is preserved.
Kepler-1422,1,unmatched_other,,,,8042.494424290544,unassigned,Kepler-1422,,,,Position candidates require review; component identity is preserved.
Kepler-1423,1,unmatched_other,,,,,unassigned,Kepler-1423,,,,Position candidates require review; component identity is preserved.
Kepler-1424,1,unmatched_other,,,,2157.266775057861,unassigned,Kepler-1424,,,,Position candidates require review; component identity is preserved.
Kepler-1425,1,unmatched_other,,,,2817.576884872962,unassigned,Kepler-1425,,,,Position candidates require review; component identity is preserved.
Kepler-1426,1,unmatched_other,,,,5537.51559651264,unassigned,Kepler-1426,,,,Position candidates require review; component identity is preserved.
Kepler-1427,1,unmatched_other,,,,,unassigned,Kepler-1427,,,,Position candidates require review; component identity is preserved.
Kepler-1428,1,unmatched_other,,,,4991.236279474866,unassigned,Kepler-1428,,,,Position candidates require review; component identity is preserved.
Kepler-1429,1,unmatched_other,,,,3959.831966221209,unassigned,Kepler-1429,,,,Position candidates require review; component identity is preserved.
Kepler-143,2,unmatched_other,,,,2640.1282460123907,unassigned,Kepler-143,,,,Position candidates require review; component identity is preserved.
Kepler-1430,1,unmatched_other,,,,2855.5741028769626,unassigned,Kepler-1430,,,,Position candidates require review; component identity is preserved.
Kepler-1431,1,unmatched_other,,,,5294.300785649264,unassigned,Kepler-1431,,,,Position candidates require review; component identity is preserved.
Kepler-1432,1,unmatched_other,,,,7083.692520716633,unassigned,Kepler-1432,,,,Position candidates require review; component identity is preserved.
Kepler-1433,1,unmatched_other,,,,,unassigned,Kepler-1433,,,,Position candidates require review; component identity is preserved.
Kepler-1434,1,unmatched_other,,,,2529.4372945428822,unassigned,Kepler-1434,,,,Position candidates require review; component identity is preserved.
Kepler-1435,1,unmatched_other,,,,2296.8290890828553,unassigned,Kepler-1435,,,,Position candidates require review; component identity is preserved.
Kepler-1436,1,unmatched_other,,,,8253.77852577545,unassigned,Kepler-1436,,,,Position candidates require review; component identity is preserved.
Kepler-1437,1,unmatched_other,,,,6854.795974835023,unassigned,Kepler-1437,,,,Position candidates require review; component identity is preserved.
Kepler-1438,1,unmatched_other,,,,3764.26860214225,unassigned,Kepler-1438,,,,Position candidates require review; component identity is preserved.
Kepler-1439,1,unmatched_other,,,,735.1336444270993,unassigned,Kepler-1439,,,,Position candidates require review; component identity is preserved.
Kepler-144,2,unmatched_other,,,,1255.4313444159568,unassigned,Kepler-144,,,,Position candidates require review; component identity is preserved.
Kepler-1440,1,unmatched_other,,,,3637.7851588636963,unassigned,Kepler-1440,,,,Position candidates require review; component identity is preserved.
Kepler-1441,1,unmatched_other,,,,3621.901343268891,unassigned,Kepler-1441,,,,Position candidates require review; component identity is preserved.
Kepler-1442,1,unmatched_other,,,,1985.2486398862732,unassigned,Kepler-1442,,,,Position candidates require review; component identity is preserved.
Kepler-1443,1,unmatched_other,,,,1936.214290060338,unassigned,Kepler-1443,,,,Position candidates require review; component identity is preserved.
Kepler-1444,1,unmatched_other,,,,1042.6404004659992,unassigned,Kepler-1444,,,,Position candidates require review; component identity is preserved.
Kepler-1445,1,unmatched_other,,,,1651.51564951517,unassigned,Kepler-1445,,,,Position candidates require review; component identity is preserved.
Kepler-1446,1,unmatched_other,,,,496.00231141273736,unassigned,Kepler-1446,,,,Position candidates require review; component identity is preserved.
Kepler-1447,1,unmatched_other,,,,2903.7571845570574,unassigned,Kepler-1447,,,,Position candidates require review; component identity is preserved.
Kepler-1448,1,unmatched_other,,,,2507.826172955371,unassigned,Kepler-1448,,,,Position candidates require review; component identity is preserved.
Kepler-1449,1,unmatched_other,,,,6544.262487610911,unassigned,Kepler-1449,,,,Position candidates require review; component identity is preserved.
Kepler-145,2,unmatched_other,,,,1848.8174270873596,unassigned,Kepler-145,,,,Position candidates require review; component identity is preserved.
Kepler-1450,1,unmatched_other,,,,1649.7935438408256,unassigned,Kepler-1450,,,,Position candidates require review; component identity is preserved.
Kepler-1451,1,unmatched_other,,,,3453.082802162705,unassigned,Kepler-1451,,,,Position candidates require review; component identity is preserved.
Kepler-1452,1,unmatched_other,,,,3249.5612224674574,unassigned,Kepler-1452,,,,Position candidates require review; component identity is preserved.
Kepler-1453,1,unmatched_other,,,,3900.960740043337,unassigned,Kepler-1453,,,,Position candidates require review; component identity is preserved.
Kepler-1454,1,unmatched_other,,,,2545.8657912884746,unassigned,Kepler-1454,,,,Position candidates require review; component identity is preserved.
Kepler-1455,1,unmatched_other,,,,1166.4036995543945,unassigned,Kepler-1455,,,,Position candidates require review; component identity is preserved.
Kepler-1456,1,unmatched_other,,,,1207.7962054504267,unassigned,Kepler-1456,,,,Position candidates require review; component identity is preserved.
Kepler-1457,1,unmatched_other,,,,2902.4166818446415,unassigned,Kepler-1457,,,,Position candidates require review; component identity is preserved.
Kepler-1458,1,unmatched_other,,,,1775.758398478809,unassigned,Kepler-1458,,,,Position candidates require review; component identity is preserved.
Kepler-1459,1,unmatched_other,,,,1485.5738076604453,unassigned,Kepler-1459,,,,Position candidates require review; component identity is preserved.
Kepler-146,2,unmatched_other,,,,2337.879130782285,unassigned,Kepler-146,,,,Position candidates require review; component identity is preserved.
Kepler-1460,1,unmatched_other,,,,1804.355789677013,unassigned,Kepler-1460,,,,Position candidates require review; component identity is preserved.
Kepler-1461,1,unmatched_other,,,,2214.947530457067,unassigned,Kepler-1461,,,,Position candidates require review; component identity is preserved.
Kepler-1462,1,unmatched_other,,,,3319.684843676557,unassigned,Kepler-1462,,,,Position candidates require review; component identity is preserved.
Kepler-1463,1,unmatched_other,,,,5503.791027056729,unassigned,Kepler-1463,,,,Position candidates require review; component identity is preserved.
Kepler-1464,2,unmatched_other,,,,3756.440849077048,unassigned,Kepler-1464,,,,Position candidates require review; component identity is preserved.
Kepler-1465,1,unmatched_other,,,,1172.5223932003607,unassigned,Kepler-1465,,,,Position candidates require review; component identity is preserved.
Kepler-1466,1,unmatched_other,,,,2061.141967417182,unassigned,Kepler-1466,,,,Position candidates require review; component identity is preserved.
Kepler-1467,1,unmatched_other,,,,2781.748606780778,unassigned,Kepler-1467,,,,Position candidates require review; component identity is preserved.
Kepler-1468,3,unmatched_other,,,,6194.492388147476,unassigned,Kepler-1468,,,,Position candidates require review; component identity is preserved.
Kepler-1469,1,unmatched_other,,,,3781.1308868702054,unassigned,Kepler-1469,,,,Position candidates require review; component identity is preserved.
Kepler-147,2,unmatched_other,,,,3398.614687084009,unassigned,Kepler-147,,,,Position candidates require review; component identity is preserved.
Kepler-1470,1,unmatched_other,,,,1926.2828283588633,unassigned,Kepler-1470,,,,Position candidates require review; component identity is preserved.
Kepler-1471,2,unmatched_other,,,,3192.020714310669,unassigned,Kepler-1471,,,,Position candidates require review; component identity is preserved.
Kepler-1472,1,unmatched_other,,,,4824.309445359438,unassigned,Kepler-1472,,,,Position candidates require review; component identity is preserved.
Kepler-1473,1,unmatched_other,,,,2127.36475834879,unassigned,Kepler-1473,,,,Position candidates require review; component identity is preserved.
Kepler-1474,1,unmatched_other,,,,3851.580664457022,unassigned,Kepler-1474,,,,Position candidates require review; component identity is preserved.
Kepler-1475,1,unmatched_other,,,,5115.37139683386,unassigned,Kepler-1475,,,,Position candidates require review; component identity is preserved.
Kepler-1476,1,unmatched_other,,,,3270.500461916872,unassigned,Kepler-1476,,,,Position candidates require review; component identity is preserved.
Kepler-1477,1,unmatched_other,,,,2220.563943281349,unassigned,Kepler-1477,,,,Position candidates require review; component identity is preserved.
Kepler-1478,1,unmatched_other,,,,6019.4768758646715,unassigned,Kepler-1478,,,,Position candidates require review; component identity is preserved.
Kepler-1479,1,unmatched_other,,,,2376.597154381039,unassigned,Kepler-1479,,,,Position candidates require review; component identity is preserved.
Kepler-148,3,unmatched_other,,,,2580.428582635118,unassigned,Kepler-148,,,,Position candidates require review; component identity is preserved.
Kepler-1480,1,unmatched_other,,,,1633.69120347295,unassigned,Kepler-1480,,,,Position candidates require review; component identity is preserved.
Kepler-1481,1,unmatched_other,,,,1497.3056525669167,unassigned,Kepler-1481,,,,Position candidates require review; component identity is preserved.
Kepler-1482,1,unmatched_other,,,,1851.12009111404,unassigned,Kepler-1482,,,,Position candidates require review; component identity is preserved.
Kepler-1483,1,unmatched_other,,,,4154.514708080333,unassigned,Kepler-1483,,,,Position candidates require review; component identity is preserved.
Kepler-1484,1,unmatched_other,,,,9392.74921240009,unassigned,Kepler-1484,,,,Position candidates require review; component identity is preserved.
Kepler-1485,1,unmatched_other,,,,2008.014355050902,unassigned,Kepler-1485,,,,Position candidates require review; component identity is preserved.
Kepler-1486,1,unmatched_other,,,,5770.162940737993,unassigned,Kepler-1486,,,,Position candidates require review; component identity is preserved.
Kepler-1487,2,unmatched_other,,,,3309.247839589621,unassigned,Kepler-1487,,,,Position candidates require review; component identity is preserved.
Kepler-1488,2,unmatched_other,,,,2954.4060084526905,unassigned,Kepler-1488,,,,Position candidates require review; component identity is preserved.
Kepler-1489,2,unmatched_other,,,,4184.7494042946755,unassigned,Kepler-1489,,,,Position candidates require review; component identity is preserved.
Kepler-149,3,unmatched_other,,,,1862.463809931028,unassigned,Kepler-149,,,,Position candidates require review; component identity is preserved.
Kepler-1490,1,unmatched_other,,,,2814.4686145933215,unassigned,Kepler-1490,,,,Position candidates require review; component identity is preserved.
Kepler-1491,2,unmatched_other,,,,6737.053522479279,unassigned,Kepler-1491,,,,Position candidates require review; component identity is preserved.
Kepler-1492,1,unmatched_other,,,,1081.381255011194,unassigned,Kepler-1492,,,,Position candidates require review; component identity is preserved.
Kepler-1493,1,unmatched_other,,,,1810.3342360805611,unassigned,Kepler-1493,,,,Position candidates require review; component identity is preserved.
Kepler-1494,1,unmatched_other,,,,4192.675004273192,unassigned,Kepler-1494,,,,Position candidates require review; component identity is preserved.
Kepler-1495,1,unmatched_other,,,,4421.180162501542,unassigned,Kepler-1495,,,,Position candidates require review; component identity is preserved.
Kepler-1496,1,unmatched_other,,,,4265.016488850766,unassigned,Kepler-1496,,,,Position candidates require review; component identity is preserved.
Kepler-1497,1,unmatched_other,,,,,unassigned,Kepler-1497,,,,Position candidates require review; component identity is preserved.
Kepler-1498,1,unmatched_other,,,,,unassigned,Kepler-1498,,,,Position candidates require review; component identity is preserved.
Kepler-1499,1,unmatched_other,,,,1010.6575060670955,unassigned,Kepler-1499,,,,Position candidates require review; component identity is preserved.
Kepler-15,1,unmatched_other,,,,2411.6393956029265,unassigned,Kepler-15,,,,Position candidates require review; component identity is preserved.
Kepler-150,5,unmatched_other,,,,2906.353389323682,unassigned,Kepler-150,,,,Position candidates require review; component identity is preserved.
Kepler-1500,1,unmatched_other,,,,3971.997599110043,unassigned,Kepler-1500,,,,Position candidates require review; component identity is preserved.
Kepler-1501,1,unmatched_other,,,,2443.1069629250374,unassigned,Kepler-1501,,,,Position candidates require review; component identity is preserved.
Kepler-1502,1,unmatched_other,,,,4938.072789907037,unassigned,Kepler-1502,,,,Position candidates require review; component identity is preserved.
Kepler-1503,1,unmatched_other,,,,3997.274718383091,unassigned,Kepler-1503,,,,Position candidates require review; component identity is preserved.
Kepler-1504,1,unmatched_other,,,,7944.973667353238,unassigned,Kepler-1504,,,,Position candidates require review; component identity is preserved.
Kepler-1505,1,unmatched_other,,,,1614.9567811369004,unassigned,Kepler-1505,,,,Position candidates require review; component identity is preserved.
Kepler-1506,1,unmatched_other,,,,7716.92512805369,unassigned,Kepler-1506,,,,Position candidates require review; component identity is preserved.
Kepler-1507,1,unmatched_other,,,,1045.2594361790648,unassigned,Kepler-1507,,,,Position candidates require review; component identity is preserved.
Kepler-1508,1,unmatched_other,,,,4110.483597088572,unassigned,Kepler-1508,,,,Position candidates require review; component identity is preserved.
Kepler-1509,1,unmatched_other,,,,6532.781783115282,unassigned,Kepler-1509,,,,Position candidates require review; component identity is preserved.
Kepler-151,2,unmatched_other,,,,2119.752268492881,unassigned,Kepler-151,,,,Position candidates require review; component identity is preserved.
Kepler-1510,1,unmatched_other,,,,5532.427557020259,unassigned,Kepler-1510,,,,Position candidates require review; component identity is preserved.
Kepler-1511,1,unmatched_other,,,,4812.763509588264,unassigned,Kepler-1511,,,,Position candidates require review; component identity is preserved.
Kepler-1512,1,unmatched_other,,,,,unassigned,Kepler-1512,,,,Position candidates require review; component identity is preserved.
Kepler-1513,2,unmatched_other,,,,1139.0913644843947,unassigned,Kepler-1513,,,,Position candidates require review; component identity is preserved.
Kepler-1514,2,unmatched_other,,,,1295.7931961584038,unassigned,Kepler-1514,,,,Position candidates require review; component identity is preserved.
Kepler-1515,1,unmatched_other,,,,1759.0298378657174,unassigned,Kepler-1515,,,,Position candidates require review; component identity is preserved.
Kepler-1516,1,unmatched_other,,,,4432.302094981684,unassigned,Kepler-1516,,,,Position candidates require review; component identity is preserved.
Kepler-1517,1,unmatched_other,,,,2763.519726830189,unassigned,Kepler-1517,,,,Position candidates require review; component identity is preserved.
Kepler-1518,2,unmatched_other,,,,2946.8554883085476,unassigned,Kepler-1518,,,,Position candidates require review; component identity is preserved.
Kepler-1519,1,unmatched_other,,,,4701.968188077887,unassigned,Kepler-1519,,,,Position candidates require review; component identity is preserved.
Kepler-152,2,unmatched_other,,,,1438.6431664707832,unassigned,Kepler-152,,,,Position candidates require review; component identity is preserved.
Kepler-1520,1,unmatched_other,,,,1982.7600667242946,unassigned,Kepler-1520,,,,Position candidates require review; component identity is preserved.
Kepler-1521,1,unmatched_other,,,,675.0882552894468,unassigned,Kepler-1521,,,,Position candidates require review; component identity is preserved.
Kepler-1522,1,unmatched_other,,,,2655.320610086437,unassigned,Kepler-1522,,,,Position candidates require review; component identity is preserved.
Kepler-1523,1,unmatched_other,,,,2823.196559261022,unassigned,Kepler-1523,,,,Position candidates require review; component identity is preserved.
Kepler-1524,1,unmatched_other,,,,1245.1769879005426,unassigned,Kepler-1524,,,,Position candidates require review; component identity is preserved.
Kepler-1525,1,unmatched_other,,,,1249.143049453578,unassigned,Kepler-1525,,,,Position candidates require review; component identity is preserved.
Kepler-1526,1,unmatched_other,,,,1812.0400339360194,unassigned,Kepler-1526,,,,Position candidates require review; component identity is preserved.
Kepler-1527,1,unmatched_other,,,,6008.224480833444,unassigned,Kepler-1527,,,,Position candidates require review; component identity is preserved.
Kepler-1528,1,unmatched_other,,,,2666.4392810028003,unassigned,Kepler-1528,,,,Position candidates require review; component identity is preserved.
Kepler-1529,1,unmatched_other,,,,2155.9393186005536,unassigned,Kepler-1529,,,,Position candidates require review; component identity is preserved.
Kepler-153,2,unmatched_other,,,,1498.2580291898494,unassigned,Kepler-153,,,,Position candidates require review; component identity is preserved.
Kepler-1530,3,unmatched_other,,,,1597.7618169036734,unassigned,Kepler-1530,,,,Position candidates require review; component identity is preserved.
Kepler-1531,1,unmatched_other,,,,2173.290837895084,unassigned,Kepler-1531,,,,Position candidates require review; component identity is preserved.
Kepler-1532,1,unmatched_other,,,,2603.530238868795,unassigned,Kepler-1532,,,,Position candidates require review; component identity is preserved.
Kepler-1533,1,unmatched_other,,,,3153.283121329252,unassigned,Kepler-1533,,,,Position candidates require review; component identity is preserved.
Kepler-1534,1,unmatched_other,,,,,unassigned,Kepler-1534,,,,Position candidates require review; component identity is preserved.
Kepler-1535,1,unmatched_other,,,,2928.013434367851,unassigned,Kepler-1535,,,,Position candidates require review; component identity is preserved.
Kepler-1536,1,unmatched_other,,,,1263.0340495805342,unassigned,Kepler-1536,,,,Position candidates require review; component identity is preserved.
Kepler-1537,1,unmatched_other,,,,1687.180849418496,unassigned,Kepler-1537,,,,Position candidates require review; component identity is preserved.
Kepler-1538,1,unmatched_other,,,,3670.2377184465126,unassigned,Kepler-1538,,,,Position candidates require review; component identity is preserved.
Kepler-1539,1,unmatched_other,,,,2440.7129751125967,unassigned,Kepler-1539,,,,Position candidates require review; component identity is preserved.
Kepler-154,5,unmatched_other,,,,2985.022307628961,unassigned,Kepler-154,,,,Position candidates require review; component identity is preserved.
Kepler-1540,1,unmatched_other,,,,798.9526628549345,unassigned,Kepler-1540,,,,Position candidates require review; component identity is preserved.
Kepler-1541,1,unmatched_other,,,,1359.067533435452,unassigned,Kepler-1541,,,,Position candidates require review; component identity is preserved.
Kepler-1542,4,unmatched_other,,,,1301.7357653604029,unassigned,Kepler-1542,,,,Position candidates require review; component identity is preserved.
Kepler-1543,1,unmatched_other,,,,3006.4573047725053,unassigned,Kepler-1543,,,,Position candidates require review; component identity is preserved.
Kepler-1544,1,unmatched_other,,,,1092.9174060910352,unassigned,Kepler-1544,,,,Position candidates require review; component identity is preserved.
Kepler-1545,1,unmatched_other,,,,2380.8241410362484,unassigned,Kepler-1545,,,,Position candidates require review; component identity is preserved.
Kepler-1546,1,unmatched_other,,,,3039.6339315138525,unassigned,Kepler-1546,,,,Position candidates require review; component identity is preserved.
Kepler-1547,1,unmatched_other,,,,2200.5607726359817,unassigned,Kepler-1547,,,,Position candidates require review; component identity is preserved.
Kepler-1548,1,unmatched_other,,,,2844.9935899838315,unassigned,Kepler-1548,,,,Position candidates require review; component identity is preserved.
Kepler-1549,1,unmatched_other,,,,2619.2053143818616,unassigned,Kepler-1549,,,,Position candidates require review; component identity is preserved.
Kepler-155,2,unmatched_other,,,,957.2657070348646,unassigned,Kepler-155,,,,Position candidates require review; component identity is preserved.
Kepler-1550,1,unmatched_other,,,,3845.4163089181757,unassigned,Kepler-1550,,,,Position candidates require review; component identity is preserved.
Kepler-1551,1,unmatched_other,,,,4774.016131915516,unassigned,Kepler-1551,,,,Position candidates require review; component identity is preserved.
Kepler-1552,1,unmatched_other,,,,2508.455654764364,unassigned,Kepler-1552,,,,Position candidates require review; component identity is preserved.
Kepler-1553,1,unmatched_other,,,,2258.9395026835014,unassigned,Kepler-1553,,,,Position candidates require review; component identity is preserved.
Kepler-1554,1,unmatched_other,,,,3088.2018777196527,unassigned,Kepler-1554,,,,Position candidates require review; component identity is preserved.
Kepler-1555,1,unmatched_other,,,,6566.408505657879,unassigned,Kepler-1555,,,,Position candidates require review; component identity is preserved.
Kepler-1556,1,unmatched_other,,,,3080.6774500857273,unassigned,Kepler-1556,,,,Position candidates require review; component identity is preserved.
Kepler-1557,1,unmatched_other,,,,4501.479862695405,unassigned,Kepler-1557,,,,Position candidates require review; component identity is preserved.
Kepler-1558,1,unmatched_other,,,,1062.4120000831883,unassigned,Kepler-1558,,,,Position candidates require review; component identity is preserved.
Kepler-1559,1,unmatched_other,,,,2005.2974724245214,unassigned,Kepler-1559,,,,Position candidates require review; component identity is preserved.
Kepler-156,2,unmatched_other,,,,1446.4480885895448,unassigned,Kepler-156,,,,Position candidates require review; component identity is preserved.
Kepler-1560,1,unmatched_other,,,,1638.9260133353039,unassigned,Kepler-1560,,,,Position candidates require review; component identity is preserved.
Kepler-1561,1,unmatched_other,,,,2736.6998878905415,unassigned,Kepler-1561,,,,Position candidates require review; component identity is preserved.
Kepler-1562,1,unmatched_other,,,,6721.169706884472,unassigned,Kepler-1562,,,,Position candidates require review; component identity is preserved.
Kepler-1563,1,unmatched_other,,,,2011.3965966878245,unassigned,Kepler-1563,,,,Position candidates require review; component identity is preserved.
Kepler-1564,1,unmatched_other,,,,2964.125468508649,unassigned,Kepler-1564,,,,Position candidates require review; component identity is preserved.
Kepler-1565,1,unmatched_other,,,,2054.556870151081,unassigned,Kepler-1565,,,,Position candidates require review; component identity is preserved.
Kepler-1566,1,unmatched_other,,,,1521.799996533444,unassigned,Kepler-1566,,,,Position candidates require review; component identity is preserved.
Kepler-1567,1,unmatched_other,,,,3933.8046872794125,unassigned,Kepler-1567,,,,Position candidates require review; component identity is preserved.
Kepler-1568,1,unmatched_other,,,,2988.6132893476224,unassigned,Kepler-1568,,,,Position candidates require review; component identity is preserved.
Kepler-1569,1,unmatched_other,,,,3083.6585193780584,unassigned,Kepler-1569,,,,Position candidates require review; component identity is preserved.
Kepler-157,3,unmatched_other,,,,2523.5142947235463,unassigned,Kepler-157,,,,Position candidates require review; component identity is preserved.
Kepler-1570,1,unmatched_other,,,,2997.3608033979854,unassigned,Kepler-1570,,,,Position candidates require review; component identity is preserved.
Kepler-1571,1,unmatched_other,,,,2202.543803412499,unassigned,Kepler-1571,,,,Position candidates require review; component identity is preserved.
Kepler-1572,1,unmatched_other,,,,3087.4027945942466,unassigned,Kepler-1572,,,,Position candidates require review; component identity is preserved.
Kepler-1573,1,unmatched_other,,,,4746.749458738395,unassigned,Kepler-1573,,,,Position candidates require review; component identity is preserved.
Kepler-1574,1,unmatched_other,,,,4514.526117804075,unassigned,Kepler-1574,,,,Position candidates require review; component identity is preserved.
Kepler-1575,1,unmatched_other,,,,4066.909105025616,unassigned,Kepler-1575,,,,Position candidates require review; component identity is preserved.
Kepler-1576,1,unmatched_other,,,,1503.2873605342418,unassigned,Kepler-1576,,,,Position candidates require review; component identity is preserved.
Kepler-1577,1,unmatched_other,,,,1663.492111704929,unassigned,Kepler-1577,,,,Position candidates require review; component identity is preserved.
Kepler-1578,1,unmatched_other,,,,3470.4669370950073,unassigned,Kepler-1578,,,,Position candidates require review; component identity is preserved.
Kepler-1579,1,unmatched_other,,,,,unassigned,Kepler-1579,,,,Position candidates require review; component identity is preserved.
Kepler-158,3,unmatched_other,,,,1027.9698865963003,unassigned,Kepler-158,,,,Position candidates require review; component identity is preserved.
Kepler-1580,1,unmatched_other,,,,3268.1521359973112,unassigned,Kepler-1580,,,,Position candidates require review; component identity is preserved.
Kepler-1581,1,unmatched_other,,,,1608.5217158045489,unassigned,Kepler-1581,,,,Position candidates require review; component identity is preserved.
Kepler-1582,1,unmatched_other,,,,257.30672331900513,unassigned,Kepler-1582,,,,Position candidates require review; component identity is preserved.
Kepler-1583,1,unmatched_other,,,,1317.4532412025728,unassigned,Kepler-1583,,,,Position candidates require review; component identity is preserved.
Kepler-1584,1,unmatched_other,,,,4619.385393240007,unassigned,Kepler-1584,,,,Position candidates require review; component identity is preserved.
Kepler-1585,1,unmatched_other,,,,3080.43283280244,unassigned,Kepler-1585,,,,Position candidates require review; component identity is preserved.
Kepler-1586,1,unmatched_other,,,,1802.1770650738652,unassigned,Kepler-1586,,,,Position candidates require review; component identity is preserved.
Kepler-1587,1,unmatched_other,,,,3347.929985986827,unassigned,Kepler-1587,,,,Position candidates require review; component identity is preserved.
Kepler-1588,1,unmatched_other,,,,3014.1448105952886,unassigned,Kepler-1588,,,,Position candidates require review; component identity is preserved.
Kepler-1589,1,unmatched_other,,,,4935.20261378313,unassigned,Kepler-1589,,,,Position candidates require review; component identity is preserved.
Kepler-159,2,unmatched_other,,,,1218.9898923336652,unassigned,Kepler-159,,,,Position candidates require review; component identity is preserved.
Kepler-1590,1,unmatched_other,,,,2515.1614298902205,unassigned,Kepler-1590,,,,Position candidates require review; component identity is preserved.
Kepler-1591,1,unmatched_other,,,,4630.050706791345,unassigned,Kepler-1591,,,,Position candidates require review; component identity is preserved.
Kepler-1592,1,unmatched_other,,,,5347.235965752692,unassigned,Kepler-1592,,,,Position candidates require review; component identity is preserved.
Kepler-1593,1,unmatched_other,,,,2081.689819213337,unassigned,Kepler-1593,,,,Position candidates require review; component identity is preserved.
Kepler-1594,1,unmatched_other,,,,3186.1172838739963,unassigned,Kepler-1594,,,,Position candidates require review; component identity is preserved.
Kepler-1595,1,unmatched_other,,,,2756.093146109579,unassigned,Kepler-1595,,,,Position candidates require review; component identity is preserved.
Kepler-1596,1,unmatched_other,,,,7000.066025470061,unassigned,Kepler-1596,,,,Position candidates require review; component identity is preserved.
Kepler-1597,1,unmatched_other,,,,3982.532450110294,unassigned,Kepler-1597,,,,Position candidates require review; component identity is preserved.
Kepler-1598,1,unmatched_other,,,,2021.7194460425594,unassigned,Kepler-1598,,,,Position candidates require review; component identity is preserved.
Kepler-1599,1,unmatched_other,,,,4332.009008833785,unassigned,Kepler-1599,,,,Position candidates require review; component identity is preserved.
Kepler-16,1,unmatched_other,,,,244.89516852137217,unassigned,Kepler-16,,,,Position candidates require review; component identity is preserved.
Kepler-160,3,unmatched_other,,,,3056.127659534988,unassigned,Kepler-160,,,,Position candidates require review; component identity is preserved.
Kepler-1600,2,unmatched_other,,,,3362.0525571419616,unassigned,Kepler-1600,,,,Position candidates require review; component identity is preserved.
Kepler-1601,1,unmatched_other,,,,2101.9343455782155,unassigned,Kepler-1601,,,,Position candidates require review; component identity is preserved.
Kepler-1602,1,unmatched_other,,,,2054.1459131151582,unassigned,Kepler-1602,,,,Position candidates require review; component identity is preserved.
Kepler-1603,1,unmatched_other,,,,8847.252670668837,unassigned,Kepler-1603,,,,Position candidates require review; component identity is preserved.
Kepler-1604,1,unmatched_other,,,,1765.1224390014659,unassigned,Kepler-1604,,,,Position candidates require review; component identity is preserved.
Kepler-1605,1,unmatched_other,,,,1781.5639820021672,unassigned,Kepler-1605,,,,Position candidates require review; component identity is preserved.
Kepler-1606,1,unmatched_other,,,,2711.2955676301845,unassigned,Kepler-1606,,,,Position candidates require review; component identity is preserved.
Kepler-1607,1,unmatched_other,,,,4194.697173815036,unassigned,Kepler-1607,,,,Position candidates require review; component identity is preserved.
Kepler-1608,1,unmatched_other,,,,,unassigned,Kepler-1608,,,,Position candidates require review; component identity is preserved.
Kepler-1609,1,unmatched_other,,,,5955.74591965882,unassigned,Kepler-1609,,,,Position candidates require review; component identity is preserved.
Kepler-161,2,unmatched_other,,,,1417.579987597836,unassigned,Kepler-161,,,,Position candidates require review; component identity is preserved.
Kepler-1610,2,unmatched_other,,,,2819.0706810829047,unassigned,Kepler-1610,,,,Position candidates require review; component identity is preserved.
Kepler-1611,1,unmatched_other,,,,2962.9480439850918,unassigned,Kepler-1611,,,,Position candidates require review; component identity is preserved.
Kepler-1612,1,unmatched_other,,,,2494.2026210581425,unassigned,Kepler-1612,,,,Position candidates require review; component identity is preserved.
Kepler-1613,1,unmatched_other,,,,4919.514492014954,unassigned,Kepler-1613,,,,Position candidates require review; component identity is preserved.
Kepler-1614,1,unmatched_other,,,,3885.142155724075,unassigned,Kepler-1614,,,,Position candidates require review; component identity is preserved.
Kepler-1615,1,unmatched_other,,,,4546.065439529283,unassigned,Kepler-1615,,,,Position candidates require review; component identity is preserved.
Kepler-1616,1,unmatched_other,,,,3711.039881298877,unassigned,Kepler-1616,,,,Position candidates require review; component identity is preserved.
Kepler-1617,1,unmatched_other,,,,2929.8953566672767,unassigned,Kepler-1617,,,,Position candidates require review; component identity is preserved.
Kepler-1618,1,unmatched_other,,,,4009.2772730830675,unassigned,Kepler-1618,,,,Position candidates require review; component identity is preserved.
Kepler-1619,1,unmatched_other,,,,2396.7601416514885,unassigned,Kepler-1619,,,,Position candidates require review; component identity is preserved.
Kepler-162,2,unmatched_other,,,,2790.7276918593197,unassigned,Kepler-162,,,,Position candidates require review; component identity is preserved.
Kepler-1620,1,unmatched_other,,,,2919.3246284654774,unassigned,Kepler-1620,,,,Position candidates require review; component identity is preserved.
Kepler-1621,1,unmatched_other,,,,5321.763152653015,unassigned,Kepler-1621,,,,Position candidates require review; component identity is preserved.
Kepler-1622,1,unmatched_other,,,,2597.760532546986,unassigned,Kepler-1622,,,,Position candidates require review; component identity is preserved.
Kepler-1623,1,unmatched_other,,,,2731.497693665959,unassigned,Kepler-1623,,,,Position candidates require review; component identity is preserved.
Kepler-1624,1,unmatched_other,,,,844.6765254470447,unassigned,Kepler-1624,,,,Position candidates require review; component identity is preserved.
Kepler-1625,1,unmatched_other,,,,7534.57109727226,unassigned,Kepler-1625,,,,Position candidates require review; component identity is preserved.
Kepler-1626,1,unmatched_other,,,,4464.526345100097,unassigned,Kepler-1626,,,,Position candidates require review; component identity is preserved.
Kepler-1627,1,unmatched_other,,,,1035.3410207326986,unassigned,Kepler-1627,,,,Position candidates require review; component identity is preserved.
Kepler-1628,1,unmatched_other,,,,,unassigned,Kepler-1628,,,,Position candidates require review; component identity is preserved.
Kepler-1629,1,unmatched_other,,,,1096.1789698682026,unassigned,Kepler-1629,,,,Position candidates require review; component identity is preserved.
Kepler-163,2,unmatched_other,,,,2249.872355382976,unassigned,Kepler-163,,,,Position candidates require review; component identity is preserved.
Kepler-1630,1,unmatched_other,,,,1080.2723233269571,unassigned,Kepler-1630,,,,Position candidates require review; component identity is preserved.
Kepler-1631,1,unmatched_other,,,,4259.569677342896,unassigned,Kepler-1631,,,,Position candidates require review; component identity is preserved.
Kepler-1632,1,unmatched_other,,,,2337.7584529225296,unassigned,Kepler-1632,,,,Position candidates require review; component identity is preserved.
Kepler-1633,1,unmatched_other,,,,3636.350070801743,unassigned,Kepler-1633,,,,Position candidates require review; component identity is preserved.
Kepler-1634,1,unmatched_other,,,,2013.4905206327662,unassigned,Kepler-1634,,,,Position candidates require review; component identity is preserved.
Kepler-1635,1,unmatched_other,,,,3488.0793814917115,unassigned,Kepler-1635,,,,Position candidates require review; component identity is preserved.
Kepler-1636,1,unmatched_other,,,,6352.025918584663,unassigned,Kepler-1636,,,,Position candidates require review; component identity is preserved.
Kepler-1637,1,unmatched_other,,,,1849.916574080265,unassigned,Kepler-1637,,,,Position candidates require review; component identity is preserved.
Kepler-1638,1,unmatched_other,,,,4975.580773344463,unassigned,Kepler-1638,,,,Position candidates require review; component identity is preserved.
Kepler-1639,1,unmatched_other,,,,3363.6833390305455,unassigned,Kepler-1639,,,,Position candidates require review; component identity is preserved.
Kepler-164,4,unmatched_other,,,,2905.2640270221086,unassigned,Kepler-164,,,,Position candidates require review; component identity is preserved.
Kepler-1640,1,unmatched_other,,,,6065.791081500449,unassigned,Kepler-1640,,,,Position candidates require review; component identity is preserved.
Kepler-1641,2,unmatched_other,,,,2806.1516269615445,unassigned,Kepler-1641,,,,Position candidates require review; component identity is preserved.
Kepler-1642,2,unmatched_other,,,,1349.873185147617,unassigned,Kepler-1642,,,,Position candidates require review; component identity is preserved.
Kepler-1643,1,unmatched_other,,,,1114.7176983776224,unassigned,Kepler-1643,,,,Position candidates require review; component identity is preserved.
Kepler-1644,1,unmatched_other,,,,2052.404238058151,unassigned,Kepler-1644,,,,Position candidates require review; component identity is preserved.
Kepler-1645,1,unmatched_other,,,,3921.9325951305236,unassigned,Kepler-1645,,,,Position candidates require review; component identity is preserved.
Kepler-1646,1,unmatched_other,,,,416.14618389257,unassigned,Kepler-1646,,,,Position candidates require review; component identity is preserved.
Kepler-1647,1,unmatched_other,,,,3954.4830016266546,unassigned,Kepler-1647,,,,Position candidates require review; component identity is preserved.
Kepler-1649,2,unmatched_other,,,,300.687804649976,unassigned,Kepler-1649,,,,Position candidates require review; component identity is preserved.
Kepler-165,2,unmatched_other,,,,1829.3621991565558,unassigned,Kepler-165,,,,Position candidates require review; component identity is preserved.
Kepler-1650,1,unmatched_other,,,,438.34438695997153,unassigned,Kepler-1650,,,,Position candidates require review; component identity is preserved.
Kepler-1651,1,unmatched_other,,,,216.59197037586858,unassigned,Kepler-1651,,,,Position candidates require review; component identity is preserved.
Kepler-1652,1,unmatched_other,,,,,unassigned,Kepler-1652,,,,Position candidates require review; component identity is preserved.
Kepler-1653,1,unmatched_other,,,,,unassigned,Kepler-1653,,,,Position candidates require review; component identity is preserved.
Kepler-1654,1,unmatched_other,,,,1852.9498283930307,unassigned,Kepler-1654,,,,Position candidates require review; component identity is preserved.
Kepler-1655,1,unmatched_other,,,,695.5610911187268,unassigned,Kepler-1655,,,,Position candidates require review; component identity is preserved.
Kepler-1656,2,unmatched_other,,,,606.2431670809966,unassigned,Kepler-1656,,,,Position candidates require review; component identity is preserved.
Kepler-166,3,unmatched_other,,,,1968.451586433861,unassigned,Kepler-166,,,,Position candidates require review; component identity is preserved.
Kepler-1660 A,1,unmatched_other,,,,3876.4990117145812,unassigned,Kepler-1660 A,,,,Position candidates require review; component identity is preserved.
Kepler-1661,1,unmatched_other,,,,1339.2209178513883,unassigned,Kepler-1661,,,,Position candidates require review; component identity is preserved.
Kepler-1663,1,unmatched_other,,,,1102.167200963082,unassigned,Kepler-1663,,,,Position candidates require review; component identity is preserved.
Kepler-1664,1,unmatched_other,,,,2043.9926650768361,unassigned,Kepler-1664,,,,Position candidates require review; component identity is preserved.
Kepler-1665,1,unmatched_other,,,,1094.3035706963312,unassigned,Kepler-1665,,,,Position candidates require review; component identity is preserved.
Kepler-1666,2,unmatched_other,,,,4498.903227311442,unassigned,Kepler-1666,,,,Position candidates require review; component identity is preserved.
Kepler-1667,1,unmatched_other,,,,2044.4101452403133,unassigned,Kepler-1667,,,,Position candidates require review; component identity is preserved.
Kepler-1668,1,unmatched_other,,,,4356.275043335911,unassigned,Kepler-1668,,,,Position candidates require review; component identity is preserved.
Kepler-1669,3,unmatched_other,,,,1772.4772653189784,unassigned,Kepler-1669,,,,Position candidates require review; component identity is preserved.
Kepler-167,4,unmatched_other,,,,1115.154747923763,unassigned,Kepler-167,,,,Position candidates require review; component identity is preserved.
Kepler-1670,1,unmatched_other,,,,6738.325532352374,unassigned,Kepler-1670,,,,Position candidates require review; component identity is preserved.
Kepler-1671,1,unmatched_other,,,,1164.5707007116266,unassigned,Kepler-1671,,,,Position candidates require review; component identity is preserved.
Kepler-1672,1,unmatched_other,,,,1275.8617799161336,unassigned,Kepler-1672,,,,Position candidates require review; component identity is preserved.
Kepler-1673,1,unmatched_other,,,,2371.7667784270543,unassigned,Kepler-1673,,,,Position candidates require review; component identity is preserved.
Kepler-1674,1,unmatched_other,,,,3302.268093106483,unassigned,Kepler-1674,,,,Position candidates require review; component identity is preserved.
Kepler-1675,1,unmatched_other,,,,2123.6596218979275,unassigned,Kepler-1675,,,,Position candidates require review; component identity is preserved.
Kepler-1676,1,unmatched_other,,,,,unassigned,Kepler-1676,,,,Position candidates require review; component identity is preserved.
Kepler-1677,1,unmatched_other,,,,2398.4528932518383,unassigned,Kepler-1677,,,,Position candidates require review; component identity is preserved.
Kepler-1678,1,unmatched_other,,,,2763.650189381276,unassigned,Kepler-1678,,,,Position candidates require review; component identity is preserved.
Kepler-1679,1,unmatched_other,,,,2965.6747113028036,unassigned,Kepler-1679,,,,Position candidates require review; component identity is preserved.
Kepler-168,2,unmatched_other,,,,4382.237091002163,unassigned,Kepler-168,,,,Position candidates require review; component identity is preserved.
Kepler-1680,1,unmatched_other,,,,1012.1121635117121,unassigned,Kepler-1680,,,,Position candidates require review; component identity is preserved.
Kepler-1681,1,unmatched_other,,,,2473.2438122260646,unassigned,Kepler-1681,,,,Position candidates require review; component identity is preserved.
Kepler-1682,1,unmatched_other,,,,3782.9247469476472,unassigned,Kepler-1682,,,,Position candidates require review; component identity is preserved.
Kepler-1683,1,unmatched_other,,,,2391.1926522838635,unassigned,Kepler-1683,,,,Position candidates require review; component identity is preserved.
Kepler-1684,1,unmatched_other,,,,2028.6796231430349,unassigned,Kepler-1684,,,,Position candidates require review; component identity is preserved.
Kepler-1685,1,unmatched_other,,,,3724.347061509721,unassigned,Kepler-1685,,,,Position candidates require review; component identity is preserved.
Kepler-1686,1,unmatched_other,,,,2380.3642605436676,unassigned,Kepler-1686,,,,Position candidates require review; component identity is preserved.
Kepler-1687,1,unmatched_other,,,,1360.1177569717001,unassigned,Kepler-1687,,,,Position candidates require review; component identity is preserved.
Kepler-1688,1,unmatched_other,,,,,unassigned,Kepler-1688,,,,Position candidates require review; component identity is preserved.
Kepler-1689,1,unmatched_other,,,,959.2976612680399,unassigned,Kepler-1689,,,,Position candidates require review; component identity is preserved.
Kepler-169,5,unmatched_other,,,,1325.9202607680995,unassigned,Kepler-169,,,,Position candidates require review; component identity is preserved.
Kepler-1690,1,unmatched_other,,,,2295.4527091688906,unassigned,Kepler-1690,,,,Position candidates require review; component identity is preserved.
Kepler-1691,1,unmatched_other,,,,4134.58655340184,unassigned,Kepler-1691,,,,Position candidates require review; component identity is preserved.
Kepler-1692,1,unmatched_other,,,,1927.6461620177192,unassigned,Kepler-1692,,,,Position candidates require review; component identity is preserved.
Kepler-1693,2,unmatched_other,,,,2479.000472292765,unassigned,Kepler-1693,,,,Position candidates require review; component identity is preserved.
Kepler-1694,1,unmatched_other,,,,1674.2552721695813,unassigned,Kepler-1694,,,,Position candidates require review; component identity is preserved.
Kepler-1695,1,unmatched_other,,,,2580.4677214004437,unassigned,Kepler-1695,,,,Position candidates require review; component identity is preserved.
Kepler-1696,1,unmatched_other,,,,4913.089211373935,unassigned,Kepler-1696,,,,Position candidates require review; component identity is preserved.
Kepler-1697,1,unmatched_other,,,,808.120918632552,unassigned,Kepler-1697,,,,Position candidates require review; component identity is preserved.
Kepler-1698,1,unmatched_other,,,,725.192398034293,unassigned,Kepler-1698,,,,Position candidates require review; component identity is preserved.
Kepler-1699,1,unmatched_other,,,,2670.4346966298303,unassigned,Kepler-1699,,,,Position candidates require review; component identity is preserved.
Kepler-17,1,unmatched_other,,,,2350.7818770847593,unassigned,Kepler-17,,,,Position candidates require review; component identity is preserved.
Kepler-170,2,unmatched_other,,,,2409.1769149511647,unassigned,Kepler-170,,,,Position candidates require review; component identity is preserved.
Kepler-1700,1,unmatched_other,,,,2340.4883818040184,unassigned,Kepler-1700,,,,Position candidates require review; component identity is preserved.
Kepler-1701,1,unmatched_other,,,,1905.216387922139,unassigned,Kepler-1701,,,,Position candidates require review; component identity is preserved.
Kepler-1702,1,unmatched_other,,,,2795.6167759612936,unassigned,Kepler-1702,,,,Position candidates require review; component identity is preserved.
Kepler-1704,1,unmatched_other,,,,2724.889765453418,unassigned,Kepler-1704,,,,Position candidates require review; component identity is preserved.
Kepler-1705,2,unmatched_other,,,,5327.731814365231,unassigned,Kepler-1705,,,,Position candidates require review; component identity is preserved.
Kepler-1708,1,unmatched_other,,,,5436.015731767189,unassigned,Kepler-1708,,,,Position candidates require review; component identity is preserved.
Kepler-1709,1,unmatched_other,,,,893.4923504999098,unassigned,Kepler-1709,,,,Position candidates require review; component identity is preserved.
Kepler-171,3,unmatched_other,,,,2817.5181767249733,unassigned,Kepler-171,,,,Position candidates require review; component identity is preserved.
Kepler-1710,1,unmatched_other,,,,995.4064338450604,unassigned,Kepler-1710,,,,Position candidates require review; component identity is preserved.
Kepler-1711,1,unmatched_other,,,,1925.1967276210667,unassigned,Kepler-1711,,,,Position candidates require review; component identity is preserved.
Kepler-1712,1,unmatched_other,,,,509.66500207529185,unassigned,Kepler-1712,,,,Position candidates require review; component identity is preserved.
Kepler-1713,1,unmatched_other,,,,963.1169524511029,unassigned,Kepler-1713,,,,Position candidates require review; component identity is preserved.
Kepler-1714,1,unmatched_other,,,,1335.4799041989772,unassigned,Kepler-1714,,,,Position candidates require review; component identity is preserved.
Kepler-1715,1,unmatched_other,,,,1704.5095377665866,unassigned,Kepler-1715,,,,Position candidates require review; component identity is preserved.
Kepler-1716,1,unmatched_other,,,,637.436763045826,unassigned,Kepler-1716,,,,Position candidates require review; component identity is preserved.
Kepler-1717,1,unmatched_other,,,,3290.232922768735,unassigned,Kepler-1717,,,,Position candidates require review; component identity is preserved.
Kepler-1718,1,unmatched_other,,,,1224.7889527294687,unassigned,Kepler-1718,,,,Position candidates require review; component identity is preserved.
Kepler-1719,1,unmatched_other,,,,2953.039413230057,unassigned,Kepler-1719,,,,Position candidates require review; component identity is preserved.
Kepler-172,4,unmatched_other,,,,2702.505653250718,unassigned,Kepler-172,,,,Position candidates require review; component identity is preserved.
Kepler-1720,1,unmatched_other,,,,2052.975011719155,unassigned,Kepler-1720,,,,Position candidates require review; component identity is preserved.
Kepler-1721,1,unmatched_other,,,,2091.8822060169855,unassigned,Kepler-1721,,,,Position candidates require review; component identity is preserved.
Kepler-1722,1,unmatched_other,,,,2518.850258522197,unassigned,Kepler-1722,,,,Position candidates require review; component identity is preserved.
Kepler-1723,1,unmatched_other,,,,2646.034938012841,unassigned,Kepler-1723,,,,Position candidates require review; component identity is preserved.
Kepler-1724,1,unmatched_other,,,,3459.769007905898,unassigned,Kepler-1724,,,,Position candidates require review; component identity is preserved.
Kepler-1725,1,unmatched_other,,,,1822.079127242141,unassigned,Kepler-1725,,,,Position candidates require review; component identity is preserved.
Kepler-1726,1,unmatched_other,,,,1273.8102563002956,unassigned,Kepler-1726,,,,Position candidates require review; component identity is preserved.
Kepler-1727,1,unmatched_other,,,,2916.447929214016,unassigned,Kepler-1727,,,,Position candidates require review; component identity is preserved.
Kepler-1728,1,unmatched_other,,,,2125.8318233735213,unassigned,Kepler-1728,,,,Position candidates require review; component identity is preserved.
Kepler-1729,1,unmatched_other,,,,1879.251078692109,unassigned,Kepler-1729,,,,Position candidates require review; component identity is preserved.
Kepler-173,2,unmatched_other,,,,2717.4207844037046,unassigned,Kepler-173,,,,Position candidates require review; component identity is preserved.
Kepler-1730,1,unmatched_other,,,,4654.5124351201,unassigned,Kepler-1730,,,,Position candidates require review; component identity is preserved.
Kepler-1731,1,unmatched_other,,,,554.296240802051,unassigned,Kepler-1731,,,,Position candidates require review; component identity is preserved.
Kepler-1732,1,unmatched_other,,,,4205.4929499174605,unassigned,Kepler-1732,,,,Position candidates require review; component identity is preserved.
Kepler-1733,1,unmatched_other,,,,6785.716054034618,unassigned,Kepler-1733,,,,Position candidates require review; component identity is preserved.
Kepler-1734,1,unmatched_other,,,,4836.344615697185,unassigned,Kepler-1734,,,,Position candidates require review; component identity is preserved.
Kepler-1735,1,unmatched_other,,,,800.0713792305029,unassigned,Kepler-1735,,,,Position candidates require review; component identity is preserved.
Kepler-1736,1,unmatched_other,,,,4664.03620134943,unassigned,Kepler-1736,,,,Position candidates require review; component identity is preserved.
Kepler-1737,1,unmatched_other,,,,,unassigned,Kepler-1737,,,,Position candidates require review; component identity is preserved.
Kepler-1738,1,unmatched_other,,,,4249.393598358133,unassigned,Kepler-1738,,,,Position candidates require review; component identity is preserved.
Kepler-1739,1,unmatched_other,,,,2555.976638997694,unassigned,Kepler-1739,,,,Position candidates require review; component identity is preserved.
Kepler-174,3,unmatched_other,,,,1254.90949421161,unassigned,Kepler-174,,,,Position candidates require review; component identity is preserved.
Kepler-1740,1,unmatched_other,,,,3463.030571683066,unassigned,Kepler-1740,,,,Position candidates require review; component identity is preserved.
Kepler-1741,1,unmatched_other,,,,883.0325154665336,unassigned,Kepler-1741,,,,Position candidates require review; component identity is preserved.
Kepler-1742,1,unmatched_other,,,,2183.8550429693296,unassigned,Kepler-1742,,,,Position candidates require review; component identity is preserved.
Kepler-1743,1,unmatched_other,,,,1757.3533940842533,unassigned,Kepler-1743,,,,Position candidates require review; component identity is preserved.
Kepler-1744,1,unmatched_other,,,,3560.4208660692857,unassigned,Kepler-1744,,,,Position candidates require review; component identity is preserved.
Kepler-1745,1,unmatched_other,,,,3248.859986255366,unassigned,Kepler-1745,,,,Position candidates require review; component identity is preserved.
Kepler-1746,1,unmatched_other,,,,3194.8354438503648,unassigned,Kepler-1746,,,,Position candidates require review; component identity is preserved.
Kepler-1747,1,unmatched_other,,,,4309.765143873504,unassigned,Kepler-1747,,,,Position candidates require review; component identity is preserved.
Kepler-1748,1,unmatched_other,,,,3533.186808529937,unassigned,Kepler-1748,,,,Position candidates require review; component identity is preserved.
Kepler-1749,1,unmatched_other,,,,874.7514050363055,unassigned,Kepler-1749,,,,Position candidates require review; component identity is preserved.
Kepler-175,2,unmatched_other,,,,4280.280607327909,unassigned,Kepler-175,,,,Position candidates require review; component identity is preserved.
Kepler-1750,1,unmatched_other,,,,4883.637290466113,unassigned,Kepler-1750,,,,Position candidates require review; component identity is preserved.
Kepler-1751,1,unmatched_other,,,,4212.211771298425,unassigned,Kepler-1751,,,,Position candidates require review; component identity is preserved.
Kepler-1752,1,unmatched_other,,,,3140.5206222691954,unassigned,Kepler-1752,,,,Position candidates require review; component identity is preserved.
Kepler-1753,1,unmatched_other,,,,2308.1695463360666,unassigned,Kepler-1753,,,,Position candidates require review; component identity is preserved.
Kepler-1754,1,unmatched_other,,,,2344.8849697756405,unassigned,Kepler-1754,,,,Position candidates require review; component identity is preserved.
Kepler-1755,1,unmatched_other,,,,3204.104808105075,unassigned,Kepler-1755,,,,Position candidates require review; component identity is preserved.
Kepler-1756,1,unmatched_other,,,,,unassigned,Kepler-1756,,,,Position candidates require review; component identity is preserved.
Kepler-1757,1,unmatched_other,,,,2633.0865298174863,unassigned,Kepler-1757,,,,Position candidates require review; component identity is preserved.
Kepler-1758,1,unmatched_other,,,,5180.700519290523,unassigned,Kepler-1758,,,,Position candidates require review; component identity is preserved.
Kepler-1759,1,unmatched_other,,,,1256.8370784039162,unassigned,Kepler-1759,,,,Position candidates require review; component identity is preserved.
Kepler-176,4,unmatched_other,,,,1719.8910725397081,unassigned,Kepler-176,,,,Position candidates require review; component identity is preserved.
Kepler-1760,1,unmatched_other,,,,,unassigned,Kepler-1760,,,,Position candidates require review; component identity is preserved.
Kepler-1761,1,unmatched_other,,,,721.4122456165559,unassigned,Kepler-1761,,,,Position candidates require review; component identity is preserved.
Kepler-1762,1,unmatched_other,,,,5426.394118624546,unassigned,Kepler-1762,,,,Position candidates require review; component identity is preserved.
Kepler-1763,1,unmatched_other,,,,2467.327335534283,unassigned,Kepler-1763,,,,Position candidates require review; component identity is preserved.
Kepler-1764,1,unmatched_other,,,,5030.896895005222,unassigned,Kepler-1764,,,,Position candidates require review; component identity is preserved.
Kepler-1765,1,unmatched_other,,,,2493.3219988383075,unassigned,Kepler-1765,,,,Position candidates require review; component identity is preserved.
Kepler-1766,1,unmatched_other,,,,1634.7903504658555,unassigned,Kepler-1766,,,,Position candidates require review; component identity is preserved.
Kepler-1767,1,unmatched_other,,,,2676.132648548542,unassigned,Kepler-1767,,,,Position candidates require review; component identity is preserved.
Kepler-1768,1,unmatched_other,,,,2063.806665023128,unassigned,Kepler-1768,,,,Position candidates require review; component identity is preserved.
Kepler-1769,1,unmatched_other,,,,1429.9086986755287,unassigned,Kepler-1769,,,,Position candidates require review; component identity is preserved.
Kepler-177,2,unmatched_other,,,,4681.779108297221,unassigned,Kepler-177,,,,Position candidates require review; component identity is preserved.
Kepler-1770,1,unmatched_other,,,,1901.3025113895378,unassigned,Kepler-1770,,,,Position candidates require review; component identity is preserved.
Kepler-1771,1,unmatched_other,,,,1845.2362300600296,unassigned,Kepler-1771,,,,Position candidates require review; component identity is preserved.
Kepler-1772,1,unmatched_other,,,,2842.6615718831567,unassigned,Kepler-1772,,,,Position candidates require review; component identity is preserved.
Kepler-1773,1,unmatched_other,,,,2221.9566310142,unassigned,Kepler-1773,,,,Position candidates require review; component identity is preserved.
Kepler-1774,1,unmatched_other,,,,2663.3668879247084,unassigned,Kepler-1774,,,,Position candidates require review; component identity is preserved.
Kepler-1775,1,unmatched_other,,,,2142.9224175658787,unassigned,Kepler-1775,,,,Position candidates require review; component identity is preserved.
Kepler-1776,1,unmatched_other,,,,2251.5748916746575,unassigned,Kepler-1776,,,,Position candidates require review; component identity is preserved.
Kepler-1777,1,unmatched_other,,,,2019.3841663781075,unassigned,Kepler-1777,,,,Position candidates require review; component identity is preserved.
Kepler-1778,1,unmatched_other,,,,4162.701233161023,unassigned,Kepler-1778,,,,Position candidates require review; component identity is preserved.
Kepler-1779,1,unmatched_other,,,,2963.1339531203903,unassigned,Kepler-1779,,,,Position candidates require review; component identity is preserved.
Kepler-178,3,unmatched_other,,,,2335.3612035463116,unassigned,Kepler-178,,,,Position candidates require review; component identity is preserved.
Kepler-1780,1,unmatched_other,,,,2578.3183508712905,unassigned,Kepler-1780,,,,Position candidates require review; component identity is preserved.
Kepler-1781,1,unmatched_other,,,,3139.679138814686,unassigned,Kepler-1781,,,,Position candidates require review; component identity is preserved.
Kepler-1782,1,unmatched_other,,,,997.3601105475836,unassigned,Kepler-1782,,,,Position candidates require review; component identity is preserved.
Kepler-1783,1,unmatched_other,,,,861.3072391468214,unassigned,Kepler-1783,,,,Position candidates require review; component identity is preserved.
Kepler-1784,1,unmatched_other,,,,2880.107585608816,unassigned,Kepler-1784,,,,Position candidates require review; component identity is preserved.
Kepler-1785,1,unmatched_other,,,,2432.278571184842,unassigned,Kepler-1785,,,,Position candidates require review; component identity is preserved.
Kepler-1786,1,unmatched_other,,,,2817.69430116894,unassigned,Kepler-1786,,,,Position candidates require review; component identity is preserved.
Kepler-1787,1,unmatched_other,,,,2539.4600800301178,unassigned,Kepler-1787,,,,Position candidates require review; component identity is preserved.
Kepler-1788,1,unmatched_other,,,,1827.9271110946024,unassigned,Kepler-1788,,,,Position candidates require review; component identity is preserved.
Kepler-1789,1,unmatched_other,,,,1994.319048750576,unassigned,Kepler-1789,,,,Position candidates require review; component identity is preserved.
Kepler-179,2,unmatched_other,,,,1975.463948554771,unassigned,Kepler-179,,,,Position candidates require review; component identity is preserved.
Kepler-1790,1,unmatched_other,,,,3490.4277074112724,unassigned,Kepler-1790,,,,Position candidates require review; component identity is preserved.
Kepler-1791,1,unmatched_other,,,,1964.1724147582172,unassigned,Kepler-1791,,,,Position candidates require review; component identity is preserved.
Kepler-1792,1,unmatched_other,,,,1960.2944154271652,unassigned,Kepler-1792,,,,Position candidates require review; component identity is preserved.
Kepler-1793,1,unmatched_other,,,,3880.8695071759857,unassigned,Kepler-1793,,,,Position candidates require review; component identity is preserved.
Kepler-1794,1,unmatched_other,,,,1830.4841770959015,unassigned,Kepler-1794,,,,Position candidates require review; component identity is preserved.
Kepler-1795,1,unmatched_other,,,,,unassigned,Kepler-1795,,,,Position candidates require review; component identity is preserved.
Kepler-1796,1,unmatched_other,,,,2693.6700769783715,unassigned,Kepler-1796,,,,Position candidates require review; component identity is preserved.
Kepler-1797,1,unmatched_other,,,,4365.570500100838,unassigned,Kepler-1797,,,,Position candidates require review; component identity is preserved.
Kepler-1798,1,unmatched_other,,,,1288.956958481461,unassigned,Kepler-1798,,,,Position candidates require review; component identity is preserved.
Kepler-1799,1,unmatched_other,,,,7353.81523274164,unassigned,Kepler-1799,,,,Position candidates require review; component identity is preserved.
Kepler-18,3,unmatched_other,,,,1412.4104090110256,unassigned,Kepler-18,,,,Position candidates require review; component identity is preserved.
Kepler-180,2,unmatched_other,,,,2268.906841586525,unassigned,Kepler-180,,,,Position candidates require review; component identity is preserved.
Kepler-1800,1,unmatched_other,,,,1143.0313335272128,unassigned,Kepler-1800,,,,Position candidates require review; component identity is preserved.
Kepler-1801,2,unmatched_other,,,,2737.534848217496,unassigned,Kepler-1801,,,,Position candidates require review; component identity is preserved.
Kepler-1802,2,unmatched_other,,,,2076.618087539842,unassigned,Kepler-1802,,,,Position candidates require review; component identity is preserved.
Kepler-1804,1,unmatched_other,,,,1417.0059523730545,unassigned,Kepler-1804,,,,Position candidates require review; component identity is preserved.
Kepler-1805,1,unmatched_other,,,,722.8897340076128,unassigned,Kepler-1805,,,,Position candidates require review; component identity is preserved.
Kepler-1806,1,unmatched_other,,,,3190.024637279043,unassigned,Kepler-1806,,,,Position candidates require review; component identity is preserved.
Kepler-1807,1,unmatched_other,,,,4237.815046949189,unassigned,Kepler-1807,,,,Position candidates require review; component identity is preserved.
Kepler-1808,1,unmatched_other,,,,3333.3507959028884,unassigned,Kepler-1808,,,,Position candidates require review; component identity is preserved.
Kepler-1809,1,unmatched_other,,,,1335.9430462553348,unassigned,Kepler-1809,,,,Position candidates require review; component identity is preserved.
Kepler-181,2,unmatched_other,,,,1987.2153628439053,unassigned,Kepler-181,,,,Position candidates require review; component identity is preserved.
Kepler-1810,1,unmatched_other,,,,3293.755411648076,unassigned,Kepler-1810,,,,Position candidates require review; component identity is preserved.
Kepler-1811,1,unmatched_other,,,,4535.400125977946,unassigned,Kepler-1811,,,,Position candidates require review; component identity is preserved.
Kepler-1812,1,unmatched_other,,,,4596.1630591465755,unassigned,Kepler-1812,,,,Position candidates require review; component identity is preserved.
Kepler-1813,1,unmatched_other,,,,,unassigned,Kepler-1813,,,,Position candidates require review; component identity is preserved.
Kepler-1814,2,unmatched_other,,,,2369.0238032904567,unassigned,Kepler-1814,,,,Position candidates require review; component identity is preserved.
Kepler-1815,1,unmatched_other,,,,3283.187945010053,unassigned,Kepler-1815,,,,Position candidates require review; component identity is preserved.
Kepler-1816,1,unmatched_other,,,,1427.987637610777,unassigned,Kepler-1816,,,,Position candidates require review; component identity is preserved.
Kepler-1817,1,unmatched_other,,,,2441.5055351104484,unassigned,Kepler-1817,,,,Position candidates require review; component identity is preserved.
Kepler-1818,1,unmatched_other,,,,3374.3812682196544,unassigned,Kepler-1818,,,,Position candidates require review; component identity is preserved.
Kepler-1819,1,unmatched_other,,,,4446.131125396873,unassigned,Kepler-1819,,,,Position candidates require review; component identity is preserved.
Kepler-182,2,unmatched_other,,,,5052.455831572299,unassigned,Kepler-182,,,,Position candidates require review; component identity is preserved.
Kepler-1820,1,unmatched_other,,,,4649.0003923366885,unassigned,Kepler-1820,,,,Position candidates require review; component identity is preserved.
Kepler-1821,1,unmatched_other,,,,2608.2692910370192,unassigned,Kepler-1821,,,,Position candidates require review; component identity is preserved.
Kepler-1822,1,unmatched_other,,,,2927.5698616941568,unassigned,Kepler-1822,,,,Position candidates require review; component identity is preserved.
Kepler-1823,1,unmatched_other,,,,2364.5391530968514,unassigned,Kepler-1823,,,,Position candidates require review; component identity is preserved.
Kepler-1824,1,unmatched_other,,,,3392.352484631847,unassigned,Kepler-1824,,,,Position candidates require review; component identity is preserved.
Kepler-1825,1,unmatched_other,,,,1403.300861381397,unassigned,Kepler-1825,,,,Position candidates require review; component identity is preserved.
Kepler-1826,1,unmatched_other,,,,1098.990437844121,unassigned,Kepler-1826,,,,Position candidates require review; component identity is preserved.
Kepler-1827,1,unmatched_other,,,,2238.9363320381335,unassigned,Kepler-1827,,,,Position candidates require review; component identity is preserved.
Kepler-1828,1,unmatched_other,,,,2843.4639165723397,unassigned,Kepler-1828,,,,Position candidates require review; component identity is preserved.
Kepler-1829,1,unmatched_other,,,,2217.6057049354586,unassigned,Kepler-1829,,,,Position candidates require review; component identity is preserved.
Kepler-183,2,unmatched_other,,,,3426.7293668431926,unassigned,Kepler-183,,,,Position candidates require review; component identity is preserved.
Kepler-1830,1,unmatched_other,,,,3447.0815248127174,unassigned,Kepler-1830,,,,Position candidates require review; component identity is preserved.
Kepler-1831,1,unmatched_other,,,,3436.0248236081193,unassigned,Kepler-1831,,,,Position candidates require review; component identity is preserved.
Kepler-1832,1,unmatched_other,,,,1585.6875078005996,unassigned,Kepler-1832,,,,Position candidates require review; component identity is preserved.
Kepler-1833,1,unmatched_other,,,,1929.5476536998078,unassigned,Kepler-1833,,,,Position candidates require review; component identity is preserved.
Kepler-1834,2,unmatched_other,,,,1632.0702062756977,unassigned,Kepler-1834,,,,Position candidates require review; component identity is preserved.
Kepler-1835,1,unmatched_other,,,,4580.474937378401,unassigned,Kepler-1835,,,,Position candidates require review; component identity is preserved.
Kepler-1836,1,unmatched_other,,,,4803.0440495323055,unassigned,Kepler-1836,,,,Position candidates require review; component identity is preserved.
Kepler-1837,1,unmatched_other,,,,4009.0489636186658,unassigned,Kepler-1837,,,,Position candidates require review; component identity is preserved.
Kepler-1838,1,unmatched_other,,,,1471.754561936587,unassigned,Kepler-1838,,,,Position candidates require review; component identity is preserved.
Kepler-1839,1,unmatched_other,,,,3707.0933891285044,unassigned,Kepler-1839,,,,Position candidates require review; component identity is preserved.
Kepler-184,3,unmatched_other,,,,1990.617173863491,unassigned,Kepler-184,,,,Position candidates require review; component identity is preserved.
Kepler-1840,1,unmatched_other,,,,1673.5312050110501,unassigned,Kepler-1840,,,,Position candidates require review; component identity is preserved.
Kepler-1841,1,unmatched_other,,,,2060.3298380366678,unassigned,Kepler-1841,,,,Position candidates require review; component identity is preserved.
Kepler-1842,1,unmatched_other,,,,3012.22048796676,unassigned,Kepler-1842,,,,Position candidates require review; component identity is preserved.
Kepler-1843,1,unmatched_other,,,,2559.1044786599973,unassigned,Kepler-1843,,,,Position candidates require review; component identity is preserved.
Kepler-1844,1,unmatched_other,,,,5885.03521696983,unassigned,Kepler-1844,,,,Position candidates require review; component identity is preserved.
Kepler-1845,1,unmatched_other,,,,2318.071653963547,unassigned,Kepler-1845,,,,Position candidates require review; component identity is preserved.
Kepler-1846,1,unmatched_other,,,,1221.830714383578,unassigned,Kepler-1846,,,,Position candidates require review; component identity is preserved.
Kepler-1847,1,unmatched_other,,,,5524.632419592828,unassigned,Kepler-1847,,,,Position candidates require review; component identity is preserved.
Kepler-1848,1,unmatched_other,,,,1010.0932555336456,unassigned,Kepler-1848,,,,Position candidates require review; component identity is preserved.
Kepler-1849,1,unmatched_other,,,,2060.9299657716665,unassigned,Kepler-1849,,,,Position candidates require review; component identity is preserved.
Kepler-185,2,unmatched_other,,,,1522.285969536242,unassigned,Kepler-185,,,,Position candidates require review; component identity is preserved.
Kepler-1850,1,unmatched_other,,,,816.0399954835146,unassigned,Kepler-1850,,,,Position candidates require review; component identity is preserved.
Kepler-1851,1,unmatched_other,,,,5185.266708578557,unassigned,Kepler-1851,,,,Position candidates require review; component identity is preserved.
Kepler-1852,1,unmatched_other,,,,2519.496048150076,unassigned,Kepler-1852,,,,Position candidates require review; component identity is preserved.
Kepler-1853,1,unmatched_other,,,,1834.1338669625516,unassigned,Kepler-1853,,,,Position candidates require review; component identity is preserved.
Kepler-1854,1,unmatched_other,,,,1380.7765019362787,unassigned,Kepler-1854,,,,Position candidates require review; component identity is preserved.
Kepler-1855,1,unmatched_other,,,,,unassigned,Kepler-1855,,,,Position candidates require review; component identity is preserved.
Kepler-1856,1,unmatched_other,,,,2768.2848715086307,unassigned,Kepler-1856,,,,Position candidates require review; component identity is preserved.
Kepler-1857,1,unmatched_other,,,,2783.0108319625415,unassigned,Kepler-1857,,,,Position candidates require review; component identity is preserved.
Kepler-1858,1,unmatched_other,,,,2717.062012388216,unassigned,Kepler-1858,,,,Position candidates require review; component identity is preserved.
Kepler-1859,2,unmatched_other,,,,4341.956778354145,unassigned,Kepler-1859,,,,Position candidates require review; component identity is preserved.
Kepler-186,5,unmatched_other,,,,579.2341574422732,unassigned,Kepler-186,,,,Position candidates require review; component identity is preserved.
Kepler-1860,1,unmatched_other,,,,1430.8578137346844,unassigned,Kepler-1860,,,,Position candidates require review; component identity is preserved.
Kepler-1861,1,unmatched_other,,,,2707.049011592312,unassigned,Kepler-1861,,,,Position candidates require review; component identity is preserved.
Kepler-1862,1,unmatched_other,,,,4018.8662705879397,unassigned,Kepler-1862,,,,Position candidates require review; component identity is preserved.
Kepler-1863,1,unmatched_other,,,,2823.0334810721633,unassigned,Kepler-1863,,,,Position candidates require review; component identity is preserved.
Kepler-1864,1,unmatched_other,,,,974.8618436126828,unassigned,Kepler-1864,,,,Position candidates require review; component identity is preserved.
Kepler-1865,1,unmatched_other,,,,3007.993501311551,unassigned,Kepler-1865,,,,Position candidates require review; component identity is preserved.
Kepler-1866,1,unmatched_other,,,,3185.6900190191873,unassigned,Kepler-1866,,,,Position candidates require review; component identity is preserved.
Kepler-1867,1,unmatched_other,,,,2219.764860155943,unassigned,Kepler-1867,,,,Position candidates require review; component identity is preserved.
Kepler-1868,1,unmatched_other,,,,894.2555564237668,unassigned,Kepler-1868,,,,Position candidates require review; component identity is preserved.
Kepler-1869,2,unmatched_other,,,,368.63824591434917,unassigned,Kepler-1869,,,,Position candidates require review; component identity is preserved.
Kepler-187,2,unmatched_other,,,,3727.9673973023764,unassigned,Kepler-187,,,,Position candidates require review; component identity is preserved.
Kepler-1870,1,unmatched_other,,,,1328.1609550830135,unassigned,Kepler-1870,,,,Position candidates require review; component identity is preserved.
Kepler-1871,1,unmatched_other,,,,2787.4074199341635,unassigned,Kepler-1871,,,,Position candidates require review; component identity is preserved.
Kepler-1872,1,unmatched_other,,,,2740.3071774280884,unassigned,Kepler-1872,,,,Position candidates require review; component identity is preserved.
Kepler-1873,1,unmatched_other,,,,2677.6036138120444,unassigned,Kepler-1873,,,,Position candidates require review; component identity is preserved.
Kepler-1874,1,unmatched_other,,,,1330.7408520307529,unassigned,Kepler-1874,,,,Position candidates require review; component identity is preserved.
Kepler-1875,1,unmatched_other,,,,5415.663573797665,unassigned,Kepler-1875,,,,Position candidates require review; component identity is preserved.
Kepler-1876,1,unmatched_other,,,,847.7945804180168,unassigned,Kepler-1876,,,,Position candidates require review; component identity is preserved.
Kepler-1877,1,unmatched_other,,,,930.5632843911948,unassigned,Kepler-1877,,,,Position candidates require review; component identity is preserved.
Kepler-1878,1,unmatched_other,,,,4873.754752221295,unassigned,Kepler-1878,,,,Position candidates require review; component identity is preserved.
Kepler-1879,1,unmatched_other,,,,2045.5582156898765,unassigned,Kepler-1879,,,,Position candidates require review; component identity is preserved.
Kepler-188,2,unmatched_other,,,,3158.9680269928544,unassigned,Kepler-188,,,,Position candidates require review; component identity is preserved.
Kepler-1880,1,unmatched_other,,,,1992.9491919641657,unassigned,Kepler-1880,,,,Position candidates require review; component identity is preserved.
Kepler-1881,1,unmatched_other,,,,3448.157840859182,unassigned,Kepler-1881,,,,Position candidates require review; component identity is preserved.
Kepler-1882,1,unmatched_other,,,,1446.082793446502,unassigned,Kepler-1882,,,,Position candidates require review; component identity is preserved.
Kepler-1883,1,unmatched_other,,,,4493.162875063627,unassigned,Kepler-1883,,,,Position candidates require review; component identity is preserved.
Kepler-1884,1,unmatched_other,,,,4706.730071192551,unassigned,Kepler-1884,,,,Position candidates require review; component identity is preserved.
Kepler-1885,1,unmatched_other,,,,2669.5312434635553,unassigned,Kepler-1885,,,,Position candidates require review; component identity is preserved.
Kepler-1886,1,unmatched_other,,,,3455.659437546667,unassigned,Kepler-1886,,,,Position candidates require review; component identity is preserved.
Kepler-1887,1,unmatched_other,,,,4455.883201090604,unassigned,Kepler-1887,,,,Position candidates require review; component identity is preserved.
Kepler-1888,1,unmatched_other,,,,1314.2373393182856,unassigned,Kepler-1888,,,,Position candidates require review; component identity is preserved.
Kepler-1889,1,unmatched_other,,,,4550.3054724396015,unassigned,Kepler-1889,,,,Position candidates require review; component identity is preserved.
Kepler-189,2,unmatched_other,,,,1929.3258673629605,unassigned,Kepler-189,,,,Position candidates require review; component identity is preserved.
Kepler-1890,1,unmatched_other,,,,1727.311130132764,unassigned,Kepler-1890,,,,Position candidates require review; component identity is preserved.
Kepler-1891,1,unmatched_other,,,,1944.6747864983104,unassigned,Kepler-1891,,,,Position candidates require review; component identity is preserved.
Kepler-1892,1,unmatched_other,,,,2777.5314048169002,unassigned,Kepler-1892,,,,Position candidates require review; component identity is preserved.
Kepler-1893,1,unmatched_other,,,,3426.9902919453657,unassigned,Kepler-1893,,,,Position candidates require review; component identity is preserved.
Kepler-1894,2,unmatched_other,,,,3050.185090332989,unassigned,Kepler-1894,,,,Position candidates require review; component identity is preserved.
Kepler-1895,1,unmatched_other,,,,3209.9886691590846,unassigned,Kepler-1895,,,,Position candidates require review; component identity is preserved.
Kepler-1896,1,unmatched_other,,,,5651.996485091217,unassigned,Kepler-1896,,,,Position candidates require review; component identity is preserved.
Kepler-1897,1,unmatched_other,,,,3206.684705052814,unassigned,Kepler-1897,,,,Position candidates require review; component identity is preserved.
Kepler-1898,1,unmatched_other,,,,1177.1668600190471,unassigned,Kepler-1898,,,,Position candidates require review; component identity is preserved.
Kepler-1899,1,unmatched_other,,,,2320.6319815286233,unassigned,Kepler-1899,,,,Position candidates require review; component identity is preserved.
Kepler-19,3,unmatched_other,,,,712.8539022652686,unassigned,Kepler-19,,,,Position candidates require review; component identity is preserved.
Kepler-190,2,unmatched_other,,,,1413.5193406952624,unassigned,Kepler-190,,,,Position candidates require review; component identity is preserved.
Kepler-1900,1,unmatched_other,,,,5024.2106892620295,unassigned,Kepler-1900,,,,Position candidates require review; component identity is preserved.
Kepler-1901,1,unmatched_other,,,,3354.094341525673,unassigned,Kepler-1901,,,,Position candidates require review; component identity is preserved.
Kepler-1902,1,unmatched_other,,,,1123.0770863385023,unassigned,Kepler-1902,,,,Position candidates require review; component identity is preserved.
Kepler-1903,1,unmatched_other,,,,5790.710792534148,unassigned,Kepler-1903,,,,Position candidates require review; component identity is preserved.
Kepler-1904,1,unmatched_other,,,,883.4075953009079,unassigned,Kepler-1904,,,,Position candidates require review; component identity is preserved.
Kepler-1905,1,unmatched_other,,,,3429.632158604871,unassigned,Kepler-1905,,,,Position candidates require review; component identity is preserved.
Kepler-1906,1,unmatched_other,,,,4437.781522127325,unassigned,Kepler-1906,,,,Position candidates require review; component identity is preserved.
Kepler-1907,2,unmatched_other,,,,952.7386565121561,unassigned,Kepler-1907,,,,Position candidates require review; component identity is preserved.
Kepler-1909,1,unmatched_other,,,,2490.7323171992366,unassigned,Kepler-1909,,,,Position candidates require review; component identity is preserved.
Kepler-191,3,unmatched_other,,,,1938.8822492300612,unassigned,Kepler-191,,,,Position candidates require review; component identity is preserved.
Kepler-1910,1,unmatched_other,,,,,unassigned,Kepler-1910,,,,Position candidates require review; component identity is preserved.
Kepler-1911,1,unmatched_other,,,,880.3352022228162,unassigned,Kepler-1911,,,,Position candidates require review; component identity is preserved.
Kepler-1912,1,unmatched_other,,,,968.7398884029395,unassigned,Kepler-1912,,,,Position candidates require review; component identity is preserved.
Kepler-1913,1,unmatched_other,,,,2858.1083379318216,unassigned,Kepler-1913,,,,Position candidates require review; component identity is preserved.
Kepler-1914,1,unmatched_other,,,,5288.821358503623,unassigned,Kepler-1914,,,,Position candidates require review; component identity is preserved.
Kepler-1915,1,unmatched_other,,,,4940.160190724425,unassigned,Kepler-1915,,,,Position candidates require review; component identity is preserved.
Kepler-1916,1,unmatched_other,,,,6705.188044376353,unassigned,Kepler-1916,,,,Position candidates require review; component identity is preserved.
Kepler-1917,1,unmatched_other,,,,2964.882151304952,unassigned,Kepler-1917,,,,Position candidates require review; component identity is preserved.
Kepler-1918,1,unmatched_other,,,,3359.7694624979445,unassigned,Kepler-1918,,,,Position candidates require review; component identity is preserved.
Kepler-1919,1,unmatched_other,,,,3840.5891945279677,unassigned,Kepler-1919,,,,Position candidates require review; component identity is preserved.
Kepler-192,3,unmatched_other,,,,2125.47631292181,unassigned,Kepler-192,,,,Position candidates require review; component identity is preserved.
Kepler-1920,1,unmatched_other,,,,2889.4617505217325,unassigned,Kepler-1920,,,,Position candidates require review; component identity is preserved.
Kepler-1921,2,unmatched_other,,,,3029.956871786997,unassigned,Kepler-1921,,,,Position candidates require review; component identity is preserved.
Kepler-1922,1,unmatched_other,,,,4384.4875700084085,unassigned,Kepler-1922,,,,Position candidates require review; component identity is preserved.
Kepler-1923,1,unmatched_other,,,,3231.681329841025,unassigned,Kepler-1923,,,,Position candidates require review; component identity is preserved.
Kepler-1924,1,unmatched_other,,,,6232.098218498217,unassigned,Kepler-1924,,,,Position candidates require review; component identity is preserved.
Kepler-1925,1,unmatched_other,,,,5777.240534134446,unassigned,Kepler-1925,,,,Position candidates require review; component identity is preserved.
Kepler-1926,1,unmatched_other,,,,2176.7839727004307,unassigned,Kepler-1926,,,,Position candidates require review; component identity is preserved.
Kepler-1927,1,unmatched_other,,,,3558.36608088967,unassigned,Kepler-1927,,,,Position candidates require review; component identity is preserved.
Kepler-1928,1,unmatched_other,,,,1064.4504774439179,unassigned,Kepler-1928,,,,Position candidates require review; component identity is preserved.
Kepler-1929,1,unmatched_other,,,,1657.5299731202667,unassigned,Kepler-1929,,,,Position candidates require review; component identity is preserved.
Kepler-193,2,unmatched_other,,,,3291.244007539657,unassigned,Kepler-193,,,,Position candidates require review; component identity is preserved.
Kepler-1930,1,unmatched_other,,,,899.1935639823984,unassigned,Kepler-1930,,,,Position candidates require review; component identity is preserved.
Kepler-1931,1,unmatched_other,,,,2022.466344147531,unassigned,Kepler-1931,,,,Position candidates require review; component identity is preserved.
Kepler-1932,1,unmatched_other,,,,2327.8856993690433,unassigned,Kepler-1932,,,,Position candidates require review; component identity is preserved.
Kepler-1933,1,unmatched_other,,,,1069.8157498573582,unassigned,Kepler-1933,,,,Position candidates require review; component identity is preserved.
Kepler-1934,1,unmatched_other,,,,1397.6257404091255,unassigned,Kepler-1934,,,,Position candidates require review; component identity is preserved.
Kepler-1935,1,unmatched_other,,,,2950.743272330931,unassigned,Kepler-1935,,,,Position candidates require review; component identity is preserved.
Kepler-1936,1,unmatched_other,,,,2841.1351600354424,unassigned,Kepler-1936,,,,Position candidates require review; component identity is preserved.
Kepler-1937,1,unmatched_other,,,,2951.9402662371517,unassigned,Kepler-1937,,,,Position candidates require review; component identity is preserved.
Kepler-1938,1,unmatched_other,,,,1373.6141078816188,unassigned,Kepler-1938,,,,Position candidates require review; component identity is preserved.
Kepler-1939,1,unmatched_other,,,,619.1524365110254,unassigned,Kepler-1939,,,,Position candidates require review; component identity is preserved.
Kepler-194,3,unmatched_other,,,,3581.099180416527,unassigned,Kepler-194,,,,Position candidates require review; component identity is preserved.
Kepler-1940,1,unmatched_other,,,,2604.6685246270263,unassigned,Kepler-1940,,,,Position candidates require review; component identity is preserved.
Kepler-1941,1,unmatched_other,,,,4874.048292961241,unassigned,Kepler-1941,,,,Position candidates require review; component identity is preserved.
Kepler-1942,1,unmatched_other,,,,2747.841389753345,unassigned,Kepler-1942,,,,Position candidates require review; component identity is preserved.
Kepler-1943,1,unmatched_other,,,,3276.403892353545,unassigned,Kepler-1943,,,,Position candidates require review; component identity is preserved.
Kepler-1944,1,unmatched_other,,,,3511.0081748451985,unassigned,Kepler-1944,,,,Position candidates require review; component identity is preserved.
Kepler-1945,1,unmatched_other,,,,,unassigned,Kepler-1945,,,,Position candidates require review; component identity is preserved.
Kepler-1946,1,unmatched_other,,,,3268.478292375028,unassigned,Kepler-1946,,,,Position candidates require review; component identity is preserved.
Kepler-1947,1,unmatched_other,,,,1528.926513386555,unassigned,Kepler-1947,,,,Position candidates require review; component identity is preserved.
Kepler-1948,1,unmatched_other,,,,632.4270010840968,unassigned,Kepler-1948,,,,Position candidates require review; component identity is preserved.
Kepler-1949,1,unmatched_other,,,,8536.653952169181,unassigned,Kepler-1949,,,,Position candidates require review; component identity is preserved.
Kepler-195,2,unmatched_other,,,,2126.7059224658024,unassigned,Kepler-195,,,,Position candidates require review; component identity is preserved.
Kepler-1950,1,unmatched_other,,,,2274.1351283213244,unassigned,Kepler-1950,,,,Position candidates require review; component identity is preserved.
Kepler-1951,1,unmatched_other,,,,4166.060643851506,unassigned,Kepler-1951,,,,Position candidates require review; component identity is preserved.
Kepler-1952,1,unmatched_other,,,,2779.0545551008377,unassigned,Kepler-1952,,,,Position candidates require review; component identity is preserved.
Kepler-1953,1,unmatched_other,,,,1975.3041319296897,unassigned,Kepler-1953,,,,Position candidates require review; component identity is preserved.
Kepler-1954,1,unmatched_other,,,,4480.8341639859345,unassigned,Kepler-1954,,,,Position candidates require review; component identity is preserved.
Kepler-1955,1,unmatched_other,,,,1465.5869448339633,unassigned,Kepler-1955,,,,Position candidates require review; component identity is preserved.
Kepler-1956,1,unmatched_other,,,,1175.6893716279903,unassigned,Kepler-1956,,,,Position candidates require review; component identity is preserved.
Kepler-1957,1,unmatched_other,,,,1503.251483332693,unassigned,Kepler-1957,,,,Position candidates require review; component identity is preserved.
Kepler-1958,1,unmatched_other,,,,4306.503580096336,unassigned,Kepler-1958,,,,Position candidates require review; component identity is preserved.
Kepler-1959,1,unmatched_other,,,,1563.1468405365954,unassigned,Kepler-1959,,,,Position candidates require review; component identity is preserved.
Kepler-196,3,unmatched_other,,,,1471.9828714009886,unassigned,Kepler-196,,,,Position candidates require review; component identity is preserved.
Kepler-1960,1,unmatched_other,,,,4982.234363449884,unassigned,Kepler-1960,,,,Position candidates require review; component identity is preserved.
Kepler-1961,1,unmatched_other,,,,3400.017159508191,unassigned,Kepler-1961,,,,Position candidates require review; component identity is preserved.
Kepler-1962,1,unmatched_other,,,,2827.2082827069376,unassigned,Kepler-1962,,,,Position candidates require review; component identity is preserved.
Kepler-1963,1,unmatched_other,,,,1607.451922885638,unassigned,Kepler-1963,,,,Position candidates require review; component identity is preserved.
Kepler-1964,1,unmatched_other,,,,,unassigned,Kepler-1964,,,,Position candidates require review; component identity is preserved.
Kepler-1965,1,unmatched_other,,,,1701.8546248519724,unassigned,Kepler-1965,,,,Position candidates require review; component identity is preserved.
Kepler-1966,1,unmatched_other,,,,1580.5570679791153,unassigned,Kepler-1966,,,,Position candidates require review; component identity is preserved.
Kepler-1967,1,unmatched_other,,,,812.462060019962,unassigned,Kepler-1967,,,,Position candidates require review; component identity is preserved.
Kepler-1968,1,unmatched_other,,,,2449.2060871883405,unassigned,Kepler-1968,,,,Position candidates require review; component identity is preserved.
Kepler-1969,1,unmatched_other,,,,3928.68403214926,unassigned,Kepler-1969,,,,Position candidates require review; component identity is preserved.
Kepler-197,4,unmatched_other,,,,1078.1914456371242,unassigned,Kepler-197,,,,Position candidates require review; component identity is preserved.
Kepler-1972,2,unmatched_other,,,,937.1744741675132,unassigned,Kepler-1972,,,,Position candidates require review; component identity is preserved.
Kepler-1976,1,unmatched_other,,,,4287.358200724363,unassigned,Kepler-1976,,,,Position candidates require review; component identity is preserved.
Kepler-1977,1,unmatched_other,,,,1933.1647279286865,unassigned,Kepler-1977,,,,Position candidates require review; component identity is preserved.
Kepler-1978,1,unmatched_other,,,,2822.9225879037394,unassigned,Kepler-1978,,,,Position candidates require review; component identity is preserved.
Kepler-1979,1,unmatched_other,,,,3510.3232464519933,unassigned,Kepler-1979,,,,Position candidates require review; component identity is preserved.
Kepler-198,3,unmatched_other,,,,1615.6417095301053,unassigned,Kepler-198,,,,Position candidates require review; component identity is preserved.
Kepler-1980,1,unmatched_other,,,,5575.317120690011,unassigned,Kepler-1980,,,,Position candidates require review; component identity is preserved.
Kepler-1981,1,unmatched_other,,,,2150.6588468453197,unassigned,Kepler-1981,,,,Position candidates require review; component identity is preserved.
Kepler-1982,1,unmatched_other,,,,1822.741224688906,unassigned,Kepler-1982,,,,Position candidates require review; component identity is preserved.
Kepler-1983,1,unmatched_other,,,,1384.2989908156194,unassigned,Kepler-1983,,,,Position candidates require review; component identity is preserved.
Kepler-1984,1,unmatched_other,,,,,unassigned,Kepler-1984,,,,Position candidates require review; component identity is preserved.
Kepler-1985,1,unmatched_other,,,,,unassigned,Kepler-1985,,,,Position candidates require review; component identity is preserved.
Kepler-1986,1,unmatched_other,,,,2974.8233976977585,unassigned,Kepler-1986,,,,Position candidates require review; component identity is preserved.
Kepler-1987,4,unmatched_other,,,,1942.8580954744282,unassigned,Kepler-1987,,,,Position candidates require review; component identity is preserved.
Kepler-1988,1,unmatched_other,,,,1674.5716438559668,unassigned,Kepler-1988,,,,Position candidates require review; component identity is preserved.
Kepler-1989,1,unmatched_other,,,,4083.9018523046584,unassigned,Kepler-1989,,,,Position candidates require review; component identity is preserved.
Kepler-199,2,unmatched_other,,,,1699.4508523481998,unassigned,Kepler-199,,,,Position candidates require review; component identity is preserved.
Kepler-1990,2,unmatched_other,,,,1280.9432962809606,unassigned,Kepler-1990,,,,Position candidates require review; component identity is preserved.
Kepler-1991,2,unmatched_other,,,,2791.311511775433,unassigned,Kepler-1991,,,,Position candidates require review; component identity is preserved.
Kepler-1992,1,unmatched_other,,,,1738.2667228602695,unassigned,Kepler-1992,,,,Position candidates require review; component identity is preserved.
Kepler-1993,1,unmatched_other,,,,3365.6402772968463,unassigned,Kepler-1993,,,,Position candidates require review; component identity is preserved.
Kepler-1994,1,unmatched_other,,,,789.2690800005244,unassigned,Kepler-1994,,,,Position candidates require review; component identity is preserved.
Kepler-1995,1,unmatched_other,,,,1941.7100250248652,unassigned,Kepler-1995,,,,Position candidates require review; component identity is preserved.
Kepler-1996,2,unmatched_other,,,,1436.9177992326615,unassigned,Kepler-1996,,,,Position candidates require review; component identity is preserved.
Kepler-1997,1,unmatched_other,,,,4899.9777249897215,unassigned,Kepler-1997,,,,Position candidates require review; component identity is preserved.
Kepler-1998,1,unmatched_other,,,,1112.0790932818938,unassigned,Kepler-1998,,,,Position candidates require review; component identity is preserved.
Kepler-1999,1,unmatched_other,,,,2287.1879065575486,unassigned,Kepler-1999,,,,Position candidates require review; component identity is preserved.
Kepler-20,6,unmatched_other,,,,921.5972455677614,unassigned,Kepler-20,,,,Position candidates require review; component identity is preserved.
Kepler-200,2,unmatched_other,,,,2171.91445798112,unassigned,Kepler-200,,,,Position candidates require review; component identity is preserved.
Kepler-2000,2,unmatched_other,,,,1045.618208194553,unassigned,Kepler-2000,,,,Position candidates require review; component identity is preserved.
Kepler-2001,2,unmatched_other,,,,2532.7673511593703,unassigned,Kepler-2001,,,,Position candidates require review; component identity is preserved.
Kepler-201,2,unmatched_other,,,,2075.805958159327,unassigned,Kepler-201,,,,Position candidates require review; component identity is preserved.
Kepler-202,2,unmatched_other,,,,929.9077100719841,unassigned,Kepler-202,,,,Position candidates require review; component identity is preserved.
Kepler-203,3,unmatched_other,,,,2293.8643276094103,unassigned,Kepler-203,,,,Position candidates require review; component identity is preserved.
Kepler-204,2,unmatched_other,,,,2239.790861747751,unassigned,Kepler-204,,,,Position candidates require review; component identity is preserved.
Kepler-205,2,unmatched_other,,,,520.9369664891824,unassigned,Kepler-205,,,,Position candidates require review; component identity is preserved.
Kepler-206,3,unmatched_other,,,,1938.8268026458493,unassigned,Kepler-206,,,,Position candidates require review; component identity is preserved.
Kepler-207,3,unmatched_other,,,,2855.561056621854,unassigned,Kepler-207,,,,Position candidates require review; component identity is preserved.
Kepler-208,4,unmatched_other,,,,2528.7817202236715,unassigned,Kepler-208,,,,Position candidates require review; component identity is preserved.
Kepler-209,2,unmatched_other,,,,1881.746174981642,unassigned,Kepler-209,,,,Position candidates require review; component identity is preserved.
Kepler-21,1,unmatched_other,,,,353.9514242257642,unassigned,Kepler-21,,,,Position candidates require review; component identity is preserved.
Kepler-210,2,unmatched_other,,,,759.1289691357201,unassigned,Kepler-210,,,,Position candidates require review; component identity is preserved.
Kepler-211,2,unmatched_other,,,,1008.974539158077,unassigned,Kepler-211,,,,Position candidates require review; component identity is preserved.
Kepler-212,2,unmatched_other,,,,2241.327058286797,unassigned,Kepler-212,,,,Position candidates require review; component identity is preserved.
Kepler-213,2,unmatched_other,,,,2070.8940431109127,unassigned,Kepler-213,,,,Position candidates require review; component identity is preserved.
Kepler-214,2,unmatched_other,,,,3941.4041308802134,unassigned,Kepler-214,,,,Position candidates require review; component identity is preserved.
Kepler-215,4,unmatched_other,,,,1585.1102110120412,unassigned,Kepler-215,,,,Position candidates require review; component identity is preserved.
Kepler-216,2,unmatched_other,,,,3873.009138473012,unassigned,Kepler-216,,,,Position candidates require review; component identity is preserved.
Kepler-217,3,unmatched_other,,,,3602.853810810234,unassigned,Kepler-217,,,,Position candidates require review; component identity is preserved.
Kepler-218,3,unmatched_other,,,,2140.82523205716,unassigned,Kepler-218,,,,Position candidates require review; component identity is preserved.
Kepler-219,3,unmatched_other,,,,2567.0790020951717,unassigned,Kepler-219,,,,Position candidates require review; component identity is preserved.
Kepler-22,1,unmatched_other,,,,634.8372967154236,unassigned,Kepler-22,,,,Position candidates require review; component identity is preserved.
Kepler-220,4,unmatched_other,,,,558.0829163473423,unassigned,Kepler-220,,,,Position candidates require review; component identity is preserved.
Kepler-221,4,unmatched_other,,,,1256.4554754419876,unassigned,Kepler-221,,,,Position candidates require review; component identity is preserved.
Kepler-222,3,unmatched_other,,,,2475.0507185586157,unassigned,Kepler-222,,,,Position candidates require review; component identity is preserved.
Kepler-223,4,unmatched_other,,,,6065.562772036047,unassigned,Kepler-223,,,,Position candidates require review; component identity is preserved.
Kepler-224,4,unmatched_other,,,,2550.8298913573235,unassigned,Kepler-224,,,,Position candidates require review; component identity is preserved.
Kepler-225,2,unmatched_other,,,,1830.066696932424,unassigned,Kepler-225,,,,Position candidates require review; component identity is preserved.
Kepler-226,3,unmatched_other,,,,3196.7825974253337,unassigned,Kepler-226,,,,Position candidates require review; component identity is preserved.
Kepler-227,2,unmatched_other,,,,3532.46926449896,unassigned,Kepler-227,,,,Position candidates require review; component identity is preserved.
Kepler-228,3,unmatched_other,,,,5364.000403567332,unassigned,Kepler-228,,,,Position candidates require review; component identity is preserved.
Kepler-229,3,unmatched_other,,,,2694.915994341249,unassigned,Kepler-229,,,,Position candidates require review; component identity is preserved.
Kepler-23,3,unmatched_other,,,,2725.871496150345,unassigned,Kepler-23,,,,Position candidates require review; component identity is preserved.
Kepler-230,2,unmatched_other,,,,2416.016414191885,unassigned,Kepler-230,,,,Position candidates require review; component identity is preserved.
Kepler-231,2,unmatched_other,,,,1032.6697999991984,unassigned,Kepler-231,,,,Position candidates require review; component identity is preserved.
Kepler-232,2,unmatched_other,,,,4400.273538689899,unassigned,Kepler-232,,,,Position candidates require review; component identity is preserved.
Kepler-233,2,unmatched_other,,,,2793.2586653504018,unassigned,Kepler-233,,,,Position candidates require review; component identity is preserved.
Kepler-234,2,unmatched_other,,,,5652.616182208878,unassigned,Kepler-234,,,,Position candidates require review; component identity is preserved.
Kepler-235,4,unmatched_other,,,,1396.0080047756503,unassigned,Kepler-235,,,,Position candidates require review; component identity is preserved.
Kepler-236,2,unmatched_other,,,,941.8189409861994,unassigned,Kepler-236,,,,Position candidates require review; component identity is preserved.
Kepler-237,2,unmatched_other,,,,2145.5284070238354,unassigned,Kepler-237,,,,Position candidates require review; component identity is preserved.
Kepler-238,5,unmatched_other,,,,5866.737844179921,unassigned,Kepler-238,,,,Position candidates require review; component identity is preserved.
Kepler-239,2,unmatched_other,,,,2113.848838056208,unassigned,Kepler-239,,,,Position candidates require review; component identity is preserved.
Kepler-24,4,unmatched_other,,,,3773.009593065058,unassigned,Kepler-24,,,,Position candidates require review; component identity is preserved.
Kepler-240,2,unmatched_other,,,,2436.1500473883393,unassigned,Kepler-240,,,,Position candidates require review; component identity is preserved.
Kepler-241,2,unmatched_other,,,,,unassigned,Kepler-241,,,,Position candidates require review; component identity is preserved.
Kepler-242,2,unmatched_other,,,,1957.7243031707574,unassigned,Kepler-242,,,,Position candidates require review; component identity is preserved.
Kepler-243,2,unmatched_other,,,,2263.0686424253954,unassigned,Kepler-243,,,,Position candidates require review; component identity is preserved.
Kepler-244,3,unmatched_other,,,,3380.578239396273,unassigned,Kepler-244,,,,Position candidates require review; component identity is preserved.
Kepler-245,4,unmatched_other,,,,2809.9252562517277,unassigned,Kepler-245,,,,Position candidates require review; component identity is preserved.
Kepler-246,2,unmatched_other,,,,2041.9933264814322,unassigned,Kepler-246,,,,Position candidates require review; component identity is preserved.
Kepler-247,4,unmatched_other,,,,2164.735756107574,unassigned,Kepler-247,,,,Position candidates require review; component identity is preserved.
Kepler-248,2,unmatched_other,,,,2409.6172260610824,unassigned,Kepler-248,,,,Position candidates require review; component identity is preserved.
Kepler-249,3,unmatched_other,,,,621.0050047364565,unassigned,Kepler-249,,,,Position candidates require review; component identity is preserved.
Kepler-25,3,unmatched_other,,,,793.3721272322009,unassigned,Kepler-25,,,,Position candidates require review; component identity is preserved.
Kepler-250,3,unmatched_other,,,,2480.6964854568923,unassigned,Kepler-250,,,,Position candidates require review; component identity is preserved.
Kepler-251,4,unmatched_other,,,,3015.723407463438,unassigned,Kepler-251,,,,Position candidates require review; component identity is preserved.
Kepler-252,2,unmatched_other,,,,1237.515574587976,unassigned,Kepler-252,,,,Position candidates require review; component identity is preserved.
Kepler-253,3,unmatched_other,,,,2735.131075713724,unassigned,Kepler-253,,,,Position candidates require review; component identity is preserved.
Kepler-254,3,unmatched_other,,,,4531.877637098605,unassigned,Kepler-254,,,,Position candidates require review; component identity is preserved.
Kepler-255,3,unmatched_other,,,,3432.8937223820385,unassigned,Kepler-255,,,,Position candidates require review; component identity is preserved.
Kepler-256,4,unmatched_other,,,,3347.7669077979685,unassigned,Kepler-256,,,,Position candidates require review; component identity is preserved.
Kepler-257,3,unmatched_other,,,,2544.8547065175526,unassigned,Kepler-257,,,,Position candidates require review; component identity is preserved.
Kepler-258,2,unmatched_other,,,,1878.6215968831157,unassigned,Kepler-258,,,,Position candidates require review; component identity is preserved.
Kepler-259,2,unmatched_other,,,,3268.5435236505714,unassigned,Kepler-259,,,,Position candidates require review; component identity is preserved.
Kepler-26,4,unmatched_other,,,,1093.6251654306807,unassigned,Kepler-26,,,,Position candidates require review; component identity is preserved.
Kepler-260,2,unmatched_other,,,,2046.190959062647,unassigned,Kepler-260,,,,Position candidates require review; component identity is preserved.
Kepler-261,2,unmatched_other,,,,1035.543237686883,unassigned,Kepler-261,,,,Position candidates require review; component identity is preserved.
Kepler-262,2,unmatched_other,,,,1999.7593371308913,unassigned,Kepler-262,,,,Position candidates require review; component identity is preserved.
Kepler-263,2,unmatched_other,,,,2461.6554761257885,unassigned,Kepler-263,,,,Position candidates require review; component identity is preserved.
Kepler-264,2,unmatched_other,,,,3072.957328625172,unassigned,Kepler-264,,,,Position candidates require review; component identity is preserved.
Kepler-265,4,unmatched_other,,,,4175.617025718607,unassigned,Kepler-265,,,,Position candidates require review; component identity is preserved.
Kepler-266,2,unmatched_other,,,,4470.9190101033455,unassigned,Kepler-266,,,,Position candidates require review; component identity is preserved.
Kepler-267,3,unmatched_other,,,,864.2915700029297,unassigned,Kepler-267,,,,Position candidates require review; component identity is preserved.
Kepler-268,2,unmatched_other,,,,2778.4283348556214,unassigned,Kepler-268,,,,Position candidates require review; component identity is preserved.
Kepler-269,2,unmatched_other,,,,7362.393145475591,unassigned,Kepler-269,,,,Position candidates require review; component identity is preserved.
Kepler-27,3,unmatched_other,,,,3406.2467463225803,unassigned,Kepler-27,,,,Position candidates require review; component identity is preserved.
Kepler-270,2,unmatched_other,,,,3094.5097420646944,unassigned,Kepler-270,,,,Position candidates require review; component identity is preserved.
Kepler-271,3,unmatched_other,,,,1319.4395335428678,unassigned,Kepler-271,,,,Position candidates require review; component identity is preserved.
Kepler-272,3,unmatched_other,,,,2901.513228678366,unassigned,Kepler-272,,,,Position candidates require review; component identity is preserved.
Kepler-273,2,unmatched_other,,,,2328.6391206015696,unassigned,Kepler-273,,,,Position candidates require review; component identity is preserved.
Kepler-274,2,unmatched_other,,,,4349.686684506032,unassigned,Kepler-274,,,,Position candidates require review; component identity is preserved.
Kepler-275,3,unmatched_other,,,,6634.836113702851,unassigned,Kepler-275,,,,Position candidates require review; component identity is preserved.
Kepler-276,3,unmatched_other,,,,3734.033905927907,unassigned,Kepler-276,,,,Position candidates require review; component identity is preserved.
Kepler-277,2,unmatched_other,,,,3185.3834320241335,unassigned,Kepler-277,,,,Position candidates require review; component identity is preserved.
Kepler-278,2,unmatched_other,,,,1444.9706001984878,unassigned,Kepler-278,,,,Position candidates require review; component identity is preserved.
Kepler-279,4,unmatched_other,,,,3383.5462624334955,unassigned,Kepler-279,,,,Position candidates require review; component identity is preserved.
Kepler-28,2,unmatched_other,,,,1429.7358357953387,unassigned,Kepler-28,,,,Position candidates require review; component identity is preserved.
Kepler-280,2,unmatched_other,,,,2545.197170714155,unassigned,Kepler-280,,,,Position candidates require review; component identity is preserved.
Kepler-281,3,unmatched_other,,,,5692.896494856896,unassigned,Kepler-281,,,,Position candidates require review; component identity is preserved.
Kepler-282,4,unmatched_other,,,,4362.70032397693,unassigned,Kepler-282,,,,Position candidates require review; component identity is preserved.
Kepler-283,2,unmatched_other,,,,1526.7184347094126,unassigned,Kepler-283,,,,Position candidates require review; component identity is preserved.
Kepler-284,2,unmatched_other,,,,3365.770739847933,unassigned,Kepler-284,,,,Position candidates require review; component identity is preserved.
Kepler-285,2,unmatched_other,,,,2688.539637156887,unassigned,Kepler-285,,,,Position candidates require review; component identity is preserved.
Kepler-286,4,unmatched_other,,,,4001.4495200178653,unassigned,Kepler-286,,,,Position candidates require review; component identity is preserved.
Kepler-287,2,unmatched_other,,,,2726.2106987831708,unassigned,Kepler-287,,,,Position candidates require review; component identity is preserved.
Kepler-288,3,unmatched_other,,,,3894.7963845044906,unassigned,Kepler-288,,,,Position candidates require review; component identity is preserved.
Kepler-289,4,unmatched_other,,,,2297.5694640602724,unassigned,Kepler-289,,,,Position candidates require review; component identity is preserved.
Kepler-29,2,unmatched_other,,,,2715.356214532758,unassigned,Kepler-29,,,,Position candidates require review; component identity is preserved.
Kepler-290,3,unmatched_other,,,,2265.5702618424825,unassigned,Kepler-290,,,,Position candidates require review; component identity is preserved.
Kepler-291,2,unmatched_other,,,,5826.718456634077,unassigned,Kepler-291,,,,Position candidates require review; component identity is preserved.
Kepler-292,5,unmatched_other,,,,3445.77689930185,unassigned,Kepler-292,,,,Position candidates require review; component identity is preserved.
Kepler-293,2,unmatched_other,,,,3178.827688832027,unassigned,Kepler-293,,,,Position candidates require review; component identity is preserved.
Kepler-294,2,unmatched_other,,,,4425.974661253978,unassigned,Kepler-294,,,,Position candidates require review; component identity is preserved.
Kepler-295,3,unmatched_other,,,,5542.016554525131,unassigned,Kepler-295,,,,Position candidates require review; component identity is preserved.
Kepler-296,5,unmatched_other,,,,,unassigned,Kepler-296,,,,Position candidates require review; component identity is preserved.
Kepler-297,3,unmatched_other,,,,2257.458752728667,unassigned,Kepler-297,,,,Position candidates require review; component identity is preserved.
Kepler-298,3,unmatched_other,,,,1690.1553955832724,unassigned,Kepler-298,,,,Position candidates require review; component identity is preserved.
Kepler-299,4,unmatched_other,,,,3431.94786888666,unassigned,Kepler-299,,,,Position candidates require review; component identity is preserved.
Kepler-30,3,unmatched_other,,,,2981.790097925788,unassigned,Kepler-30,,,,Position candidates require review; component identity is preserved.
Kepler-300,2,unmatched_other,,,,3582.664731029567,unassigned,Kepler-300,,,,Position candidates require review; component identity is preserved.
Kepler-301,3,unmatched_other,,,,2345.6057753703944,unassigned,Kepler-301,,,,Position candidates require review; component identity is preserved.
Kepler-302,2,unmatched_other,,,,4574.604122579498,unassigned,Kepler-302,,,,Position candidates require review; component identity is preserved.
Kepler-303,2,unmatched_other,,,,684.0738634955432,unassigned,Kepler-303,,,,Position candidates require review; component identity is preserved.
Kepler-304,4,unmatched_other,,,,1417.7495889142488,unassigned,Kepler-304,,,,Position candidates require review; component identity is preserved.
Kepler-305,4,unmatched_other,,,,2832.593124503041,unassigned,Kepler-305,,,,Position candidates require review; component identity is preserved.
Kepler-306,4,unmatched_other,,,,2529.9265291094575,unassigned,Kepler-306,,,,Position candidates require review; component identity is preserved.
Kepler-307,2,unmatched_other,,,,1877.2941404258086,unassigned,Kepler-307,,,,Position candidates require review; component identity is preserved.
Kepler-308,2,unmatched_other,,,,4357.1882811935175,unassigned,Kepler-308,,,,Position candidates require review; component identity is preserved.
Kepler-309,2,unmatched_other,,,,1776.1432630045147,unassigned,Kepler-309,,,,Position candidates require review; component identity is preserved.
Kepler-31,3,unmatched_other,,,,5429.329526023997,unassigned,Kepler-31,,,,Position candidates require review; component identity is preserved.
Kepler-310,3,unmatched_other,,,,1964.3354929470759,unassigned,Kepler-310,,,,Position candidates require review; component identity is preserved.
Kepler-311,3,unmatched_other,,,,2539.6296813465306,unassigned,Kepler-311,,,,Position candidates require review; component identity is preserved.
Kepler-312,2,unmatched_other,,,,2601.814656322005,unassigned,Kepler-312,,,,Position candidates require review; component identity is preserved.
Kepler-313,2,unmatched_other,,,,,unassigned,Kepler-313,,,,Position candidates require review; component identity is preserved.
Kepler-314,2,unmatched_other,,,,876.9725299685565,unassigned,Kepler-314,,,,Position candidates require review; component identity is preserved.
Kepler-315,2,unmatched_other,,,,3785.4687666938385,unassigned,Kepler-315,,,,Position candidates require review; component identity is preserved.
Kepler-316,2,unmatched_other,,,,1255.4998372552775,unassigned,Kepler-316,,,,Position candidates require review; component identity is preserved.
Kepler-317,2,unmatched_other,,,,3067.774703783253,unassigned,Kepler-317,,,,Position candidates require review; component identity is preserved.
Kepler-318,2,unmatched_other,,,,1595.3645675274556,unassigned,Kepler-318,,,,Position candidates require review; component identity is preserved.
Kepler-319,3,unmatched_other,,,,1641.988621722064,unassigned,Kepler-319,,,,Position candidates require review; component identity is preserved.
Kepler-32,5,unmatched_other,,,,1056.2476445443417,unassigned,Kepler-32,,,,Position candidates require review; component identity is preserved.
Kepler-320,2,unmatched_other,,,,2696.051018535704,unassigned,Kepler-320,,,,Position candidates require review; component identity is preserved.
Kepler-321,2,unmatched_other,,,,1254.208257999519,unassigned,Kepler-321,,,,Position candidates require review; component identity is preserved.
Kepler-322,2,unmatched_other,,,,1306.1910614800138,unassigned,Kepler-322,,,,Position candidates require review; component identity is preserved.
Kepler-323,2,unmatched_other,,,,1483.6299156492535,unassigned,Kepler-323,,,,Position candidates require review; component identity is preserved.
Kepler-324,4,unmatched_other,,,,1635.915589968978,unassigned,Kepler-324,,,,Position candidates require review; component identity is preserved.
Kepler-325,3,unmatched_other,,,,2685.056287042872,unassigned,Kepler-325,,,,Position candidates require review; component identity is preserved.
Kepler-326,3,unmatched_other,,,,1590.583115030128,unassigned,Kepler-326,,,,Position candidates require review; component identity is preserved.
Kepler-327,3,unmatched_other,,,,789.2560337454156,unassigned,Kepler-327,,,,Position candidates require review; component identity is preserved.
Kepler-328,2,unmatched_other,,,,7218.460335989192,unassigned,Kepler-328,,,,Position candidates require review; component identity is preserved.
Kepler-329,2,unmatched_other,,,,1434.1715625322865,unassigned,Kepler-329,,,,Position candidates require review; component identity is preserved.
Kepler-33,5,unmatched_other,,,,3943.752456799774,unassigned,Kepler-33,,,,Position candidates require review; component identity is preserved.
Kepler-330,2,unmatched_other,,,,2340.260072339617,unassigned,Kepler-330,,,,Position candidates require review; component identity is preserved.
Kepler-331,3,unmatched_other,,,,1892.0951168465942,unassigned,Kepler-331,,,,Position candidates require review; component identity is preserved.
Kepler-332,3,unmatched_other,,,,1122.5976364632588,unassigned,Kepler-332,,,,Position candidates require review; component identity is preserved.
Kepler-333,2,unmatched_other,,,,1058.0936896422186,unassigned,Kepler-333,,,,Position candidates require review; component identity is preserved.
Kepler-334,3,unmatched_other,,,,1391.3504917018554,unassigned,Kepler-334,,,,Position candidates require review; component identity is preserved.
Kepler-335,2,unmatched_other,,,,4171.442224083832,unassigned,Kepler-335,,,,Position candidates require review; component identity is preserved.
Kepler-336,3,unmatched_other,,,,2507.6859257129527,unassigned,Kepler-336,,,,Position candidates require review; component identity is preserved.
Kepler-337,2,unmatched_other,,,,2211.2587018250906,unassigned,Kepler-337,,,,Position candidates require review; component identity is preserved.
Kepler-338,4,unmatched_other,,,,1802.9859328906027,unassigned,Kepler-338,,,,Position candidates require review; component identity is preserved.
Kepler-339,3,unmatched_other,,,,2011.2009028611944,unassigned,Kepler-339,,,,Position candidates require review; component identity is preserved.
Kepler-34,1,unmatched_other,,,,5873.489281198657,unassigned,Kepler-34,,,,Position candidates require review; component identity is preserved.
Kepler-340,2,unmatched_other,,,,2637.8288435494874,unassigned,Kepler-340,,,,Position candidates require review; component identity is preserved.
Kepler-341,4,unmatched_other,,,,3414.9551216076175,unassigned,Kepler-341,,,,Position candidates require review; component identity is preserved.
Kepler-342,4,unmatched_other,,,,2549.2741254356147,unassigned,Kepler-342,,,,Position candidates require review; component identity is preserved.
Kepler-343,2,unmatched_other,,,,3024.099103243204,unassigned,Kepler-343,,,,Position candidates require review; component identity is preserved.
Kepler-344,2,unmatched_other,,,,3271.152774672306,unassigned,Kepler-344,,,,Position candidates require review; component identity is preserved.
Kepler-345,2,unmatched_other,,,,,unassigned,Kepler-345,,,,Position candidates require review; component identity is preserved.
Kepler-346,2,unmatched_other,,,,3209.721220929357,unassigned,Kepler-346,,,,Position candidates require review; component identity is preserved.
Kepler-347,3,unmatched_other,,,,4236.379958887236,unassigned,Kepler-347,,,,Position candidates require review; component identity is preserved.
Kepler-348,2,unmatched_other,,,,1861.645157422959,unassigned,Kepler-348,,,,Position candidates require review; component identity is preserved.
Kepler-349,2,unmatched_other,,,,3068.2313227120567,unassigned,Kepler-349,,,,Position candidates require review; component identity is preserved.
Kepler-35,1,unmatched_other,,,,5933.33897650968,unassigned,Kepler-35,,,,Position candidates require review; component identity is preserved.
Kepler-350,3,unmatched_other,,,,3120.856654256653,unassigned,Kepler-350,,,,Position candidates require review; component identity is preserved.
Kepler-351,3,unmatched_other,,,,3535.241593709553,unassigned,Kepler-351,,,,Position candidates require review; component identity is preserved.
Kepler-352,3,unmatched_other,,,,824.3047980948569,unassigned,Kepler-352,,,,Position candidates require review; component identity is preserved.
Kepler-353,2,unmatched_other,,,,1254.7040156936487,unassigned,Kepler-353,,,,Position candidates require review; component identity is preserved.
Kepler-354,3,unmatched_other,,,,1807.1150726324965,unassigned,Kepler-354,,,,Position candidates require review; component identity is preserved.
Kepler-355,2,unmatched_other,,,,4671.113794745883,unassigned,Kepler-355,,,,Position candidates require review; component identity is preserved.
Kepler-356,2,unmatched_other,,,,2307.748804608812,unassigned,Kepler-356,,,,Position candidates require review; component identity is preserved.
Kepler-357,3,unmatched_other,,,,2245.824754735511,unassigned,Kepler-357,,,,Position candidates require review; component identity is preserved.
Kepler-358,2,unmatched_other,,,,3591.3078750390605,unassigned,Kepler-358,,,,Position candidates require review; component identity is preserved.
Kepler-359,3,unmatched_other,,,,4707.1214588458115,unassigned,Kepler-359,,,,Position candidates require review; component identity is preserved.
Kepler-36,2,unmatched_other,,,,1721.9621655382095,unassigned,Kepler-36,,,,Position candidates require review; component identity is preserved.
Kepler-360,2,unmatched_other,,,,2857.2733776048667,unassigned,Kepler-360,,,,Position candidates require review; component identity is preserved.
Kepler-361,2,unmatched_other,,,,3034.2980131744066,unassigned,Kepler-361,,,,Position candidates require review; component identity is preserved.
Kepler-362,2,unmatched_other,,,,3556.7679146388577,unassigned,Kepler-362,,,,Position candidates require review; component identity is preserved.
Kepler-363,3,unmatched_other,,,,2487.255490212776,unassigned,Kepler-363,,,,Position candidates require review; component identity is preserved.
Kepler-364,2,unmatched_other,,,,2907.5601679212346,unassigned,Kepler-364,,,,Position candidates require review; component identity is preserved.
Kepler-365,2,unmatched_other,,,,3388.7321488391917,unassigned,Kepler-365,,,,Position candidates require review; component identity is preserved.
Kepler-366,2,unmatched_other,,,,6054.375608280363,unassigned,Kepler-366,,,,Position candidates require review; component identity is preserved.
Kepler-367,2,unmatched_other,,,,613.262052329461,unassigned,Kepler-367,,,,Position candidates require review; component identity is preserved.
Kepler-368,2,unmatched_other,,,,2514.593917792993,unassigned,Kepler-368,,,,Position candidates require review; component identity is preserved.
Kepler-369,2,unmatched_other,,,,,unassigned,Kepler-369,,,,Position candidates require review; component identity is preserved.
Kepler-37,4,unmatched_other,,,,208.48143973118633,unassigned,Kepler-37,,,,Position candidates require review; component identity is preserved.
Kepler-370,2,unmatched_other,,,,3809.3107979049323,unassigned,Kepler-370,,,,Position candidates require review; component identity is preserved.
Kepler-371,2,unmatched_other,,,,2652.2775710823394,unassigned,Kepler-371,,,,Position candidates require review; component identity is preserved.
Kepler-372,3,unmatched_other,,,,4872.613204899287,unassigned,Kepler-372,,,,Position candidates require review; component identity is preserved.
Kepler-373,2,unmatched_other,,,,3556.572220812228,unassigned,Kepler-373,,,,Position candidates require review; component identity is preserved.
Kepler-374,3,unmatched_other,,,,4127.867732020875,unassigned,Kepler-374,,,,Position candidates require review; component identity is preserved.
Kepler-375,2,unmatched_other,,,,4040.4578227927877,unassigned,Kepler-375,,,,Position candidates require review; component identity is preserved.
Kepler-376,2,unmatched_other,,,,3010.6418910986113,unassigned,Kepler-376,,,,Position candidates require review; component identity is preserved.
Kepler-377,2,unmatched_other,,,,2686.88928588564,unassigned,Kepler-377,,,,Position candidates require review; component identity is preserved.
Kepler-378,2,unmatched_other,,,,496.06428112450357,unassigned,Kepler-378,,,,Position candidates require review; component identity is preserved.
Kepler-379,2,unmatched_other,,,,2385.096789584338,unassigned,Kepler-379,,,,Position candidates require review; component identity is preserved.
Kepler-38,1,unmatched_other,,,,3831.000197023095,unassigned,Kepler-38,,,,Position candidates require review; component identity is preserved.
Kepler-380,2,unmatched_other,,,,2653.9768458102435,unassigned,Kepler-380,,,,Position candidates require review; component identity is preserved.
Kepler-381,3,unmatched_other,,,,871.8910136037297,unassigned,Kepler-381,,,,Position candidates require review; component identity is preserved.
Kepler-382,2,unmatched_other,,,,3051.016789096167,unassigned,Kepler-382,,,,Position candidates require review; component identity is preserved.
Kepler-383,2,unmatched_other,,,,,unassigned,Kepler-383,,,,Position candidates require review; component identity is preserved.
Kepler-384,2,unmatched_other,,,,2921.310920805772,unassigned,Kepler-384,,,,Position candidates require review; component identity is preserved.
Kepler-385,3,unmatched_other,,,,4672.548882807836,unassigned,Kepler-385,,,,Position candidates require review; component identity is preserved.
Kepler-386,2,unmatched_other,,,,2878.2060939267276,unassigned,Kepler-386,,,,Position candidates require review; component identity is preserved.
Kepler-387,2,unmatched_other,,,,2612.682186827527,unassigned,Kepler-387,,,,Position candidates require review; component identity is preserved.
Kepler-388,2,unmatched_other,,,,,unassigned,Kepler-388,,,,Position candidates require review; component identity is preserved.
Kepler-389,2,unmatched_other,,,,2663.259256320062,unassigned,Kepler-389,,,,Position candidates require review; component identity is preserved.
Kepler-39,1,unmatched_other,,,,3448.810153614616,unassigned,Kepler-39,,,,Position candidates require review; component identity is preserved.
Kepler-390,2,unmatched_other,,,,1419.6836962341088,unassigned,Kepler-390,,,,Position candidates require review; component identity is preserved.
Kepler-391,2,unmatched_other,,,,2835.068651409911,unassigned,Kepler-391,,,,Position candidates require review; component identity is preserved.
Kepler-392,2,unmatched_other,,,,2222.52088154765,unassigned,Kepler-392,,,,Position candidates require review; component identity is preserved.
Kepler-393,2,unmatched_other,,,,2874.7553594504843,unassigned,Kepler-393,,,,Position candidates require review; component identity is preserved.
Kepler-394,3,unmatched_other,,,,3453.082802162705,unassigned,Kepler-394,,,,Position candidates require review; component identity is preserved.
Kepler-395,2,unmatched_other,,,,1374.3642675503675,unassigned,Kepler-395,,,,Position candidates require review; component identity is preserved.
Kepler-396,2,unmatched_other,,,,729.7977260876534,unassigned,Kepler-396,,,,Position candidates require review; component identity is preserved.
Kepler-397,2,unmatched_other,,,,,unassigned,Kepler-397,,,,Position candidates require review; component identity is preserved.
Kepler-398,3,unmatched_other,,,,578.4546436995302,unassigned,Kepler-398,,,,Position candidates require review; component identity is preserved.
Kepler-399,3,unmatched_other,,,,2415.3086548522397,unassigned,Kepler-399,,,,Position candidates require review; component identity is preserved.
Kepler-4,1,unmatched_other,,,,1591.3691519004253,unassigned,Kepler-4,,,,Position candidates require review; component identity is preserved.
Kepler-40,1,unmatched_other,,,,7517.937122008706,unassigned,Kepler-40,,,,Position candidates require review; component identity is preserved.
Kepler-400,2,unmatched_other,,,,2759.185108570334,unassigned,Kepler-400,,,,Position candidates require review; component identity is preserved.
Kepler-401,3,unmatched_other,,,,3149.2355206817865,unassigned,Kepler-401,,,,Position candidates require review; component identity is preserved.
Kepler-402,4,unmatched_other,,,,2039.5830308501058,unassigned,Kepler-402,,,,Position candidates require review; component identity is preserved.
Kepler-403,3,unmatched_other,,,,2740.590933476702,unassigned,Kepler-403,,,,Position candidates require review; component identity is preserved.
Kepler-404,2,unmatched_other,,,,2650.0988464791917,unassigned,Kepler-404,,,,Position candidates require review; component identity is preserved.
Kepler-405,2,unmatched_other,,,,3473.82634778549,unassigned,Kepler-405,,,,Position candidates require review; component identity is preserved.
Kepler-406,2,unmatched_other,,,,1187.3070618022607,unassigned,Kepler-406,,,,Position candidates require review; component identity is preserved.
Kepler-407,2,unmatched_other,,,,1103.60881215259,unassigned,Kepler-407,,,,Position candidates require review; component identity is preserved.
Kepler-408,1,unmatched_other,,,,289.57206914101164,unassigned,Kepler-408,,,,Position candidates require review; component identity is preserved.
Kepler-409,1,unmatched_other,,,,222.35058738083544,unassigned,Kepler-409,,,,Position candidates require review; component identity is preserved.
Kepler-41,1,unmatched_other,,,,3565.1501335461776,unassigned,Kepler-41,,,,Position candidates require review; component identity is preserved.
Kepler-410 A,1,unmatched_other,,,,481.16871935417987,unassigned,Kepler-410 A,,,,Position candidates require review; component identity is preserved.
Kepler-411,4,unmatched_other,,,,501.2240750199824,unassigned,Kepler-411,,,,Position candidates require review; component identity is preserved.
Kepler-412,1,unmatched_other,,,,3542.841037310353,unassigned,Kepler-412,,,,Position candidates require review; component identity is preserved.
Kepler-413,1,unmatched_other,,,,2764.2927174453775,unassigned,Kepler-413,,,,Position candidates require review; component identity is preserved.
Kepler-414,2,unmatched_other,,,,1348.5261593076468,unassigned,Kepler-414,,,,Position candidates require review; component identity is preserved.
Kepler-415,2,unmatched_other,,,,1730.21718345822,unassigned,Kepler-415,,,,Position candidates require review; component identity is preserved.
Kepler-416,3,unmatched_other,,,,2253.150226979029,unassigned,Kepler-416,,,,Position candidates require review; component identity is preserved.
Kepler-417,2,unmatched_other,,,,3176.7272417595314,unassigned,Kepler-417,,,,Position candidates require review; component identity is preserved.
Kepler-418,2,unmatched_other,,,,3269.815533523667,unassigned,Kepler-418,,,,Position candidates require review; component identity is preserved.
Kepler-419,2,unmatched_other,,,,3298.6151416760554,unassigned,Kepler-419,,,,Position candidates require review; component identity is preserved.
Kepler-42,3,unmatched_other,,,,130.6566141314388,unassigned,Kepler-42,,,,Position candidates require review; component identity is preserved.
Kepler-421,1,unmatched_other,,,,1136.8441470419261,unassigned,Kepler-421,,,,Position candidates require review; component identity is preserved.
Kepler-422,1,unmatched_other,,,,2357.441990317735,unassigned,Kepler-422,,,,Position candidates require review; component identity is preserved.
Kepler-423,1,unmatched_other,,,,2474.721300617122,unassigned,Kepler-423,,,,Position candidates require review; component identity is preserved.
Kepler-424,2,unmatched_other,,,,2278.6784866629187,unassigned,Kepler-424,,,,Position candidates require review; component identity is preserved.
Kepler-425,1,unmatched_other,,,,2109.0804318139894,unassigned,Kepler-425,,,,Position candidates require review; component identity is preserved.
Kepler-426,1,unmatched_other,,,,2751.765050977278,unassigned,Kepler-426,,,,Position candidates require review; component identity is preserved.
Kepler-427,1,unmatched_other,,,,3319.6196124010135,unassigned,Kepler-427,,,,Position candidates require review; component identity is preserved.
Kepler-428,1,unmatched_other,,,,2238.359035249575,unassigned,Kepler-428,,,,Position candidates require review; component identity is preserved.
Kepler-43,1,unmatched_other,,,,3280.611309626091,unassigned,Kepler-43,,,,Position candidates require review; component identity is preserved.
Kepler-430,2,unmatched_other,,,,2992.409749584245,unassigned,Kepler-430,,,,Position candidates require review; component identity is preserved.
Kepler-431,3,unmatched_other,,,,1586.9008095257059,unassigned,Kepler-431,,,,Position candidates require review; component identity is preserved.
Kepler-432,2,unmatched_other,,,,2765.8810990048582,unassigned,Kepler-432,,,,Position candidates require review; component identity is preserved.
Kepler-433,1,unmatched_other,,,,6126.227858291361,unassigned,Kepler-433,,,,Position candidates require review; component identity is preserved.
Kepler-434,1,unmatched_other,,,,3987.392180138274,unassigned,Kepler-434,,,,Position candidates require review; component identity is preserved.
Kepler-435,1,unmatched_other,,,,4627.4088401318395,unassigned,Kepler-435,,,,Position candidates require review; component identity is preserved.
Kepler-436,2,unmatched_other,,,,1920.6272767692549,unassigned,Kepler-436,,,,Position candidates require review; component identity is preserved.
Kepler-437,1,unmatched_other,,,,,unassigned,Kepler-437,,,,Position candidates require review; component identity is preserved.
Kepler-438,1,unmatched_other,,,,,unassigned,Kepler-438,,,,Position candidates require review; component identity is preserved.
Kepler-439,1,unmatched_other,,,,2469.160334377051,unassigned,Kepler-439,,,,Position candidates require review; component identity is preserved.
Kepler-44,1,unmatched_other,,,,3874.7377672749108,unassigned,Kepler-44,,,,Position candidates require review; component identity is preserved.
Kepler-440,1,unmatched_other,,,,981.8285438407123,unassigned,Kepler-440,,,,Position candidates require review; component identity is preserved.
Kepler-441,1,unmatched_other,,,,874.1088769722036,unassigned,Kepler-441,,,,Position candidates require review; component identity is preserved.
Kepler-442,1,unmatched_other,,,,1193.6181877110796,unassigned,Kepler-442,,,,Position candidates require review; component identity is preserved.
Kepler-443,1,unmatched_other,,,,2616.658033071894,unassigned,Kepler-443,,,,Position candidates require review; component identity is preserved.
Kepler-444,5,unmatched_other,,,,118.8500794144704,unassigned,Kepler-444,,,,Position candidates require review; component identity is preserved.
Kepler-445,3,unmatched_other,,,,414.87417401947465,unassigned,Kepler-445,,,,Position candidates require review; component identity is preserved.
Kepler-446,3,unmatched_other,,,,314.21579272853336,unassigned,Kepler-446,,,,Position candidates require review; component identity is preserved.
Kepler-447,1,unmatched_other,,,,874.232816395736,unassigned,Kepler-447,,,,Position candidates require review; component identity is preserved.
Kepler-449,2,unmatched_other,,,,789.1320943218833,unassigned,Kepler-449,,,,Position candidates require review; component identity is preserved.
Kepler-45,1,unmatched_other,,,,1245.751023125324,unassigned,Kepler-45,,,,Position candidates require review; component identity is preserved.
Kepler-450,3,unmatched_other,,,,1487.2143742403607,unassigned,Kepler-450,,,,Position candidates require review; component identity is preserved.
Kepler-452,1,unmatched_other,,,,1799.4927980852565,unassigned,Kepler-452,,,,Position candidates require review; component identity is preserved.
Kepler-453,1,unmatched_other,,,,1444.3704724634893,unassigned,Kepler-453,,,,Position candidates require review; component identity is preserved.
Kepler-454,3,unmatched_other,,,,752.9939676708682,unassigned,Kepler-454,,,,Position candidates require review; component identity is preserved.
Kepler-46,3,unmatched_other,,,,2534.4307486857256,unassigned,Kepler-46,,,,Position candidates require review; component identity is preserved.
Kepler-461,1,unmatched_other,,,,2257.5174608766565,unassigned,Kepler-461,,,,Position candidates require review; component identity is preserved.
Kepler-462,2,unmatched_other,,,,1945.9304885525198,unassigned,Kepler-462,,,,Position candidates require review; component identity is preserved.
Kepler-463,1,unmatched_other,,,,1287.6784254808113,unassigned,Kepler-463,,,,Position candidates require review; component identity is preserved.
Kepler-464,1,unmatched_other,,,,2177.4330238920875,unassigned,Kepler-464,,,,Position candidates require review; component identity is preserved.
Kepler-465,1,unmatched_other,,,,1803.8959091844324,unassigned,Kepler-465,,,,Position candidates require review; component identity is preserved.
Kepler-466,2,unmatched_other,,,,1729.0267126795538,unassigned,Kepler-466,,,,Position candidates require review; component identity is preserved.
Kepler-467,1,unmatched_other,,,,1520.7530345609732,unassigned,Kepler-467,,,,Position candidates require review; component identity is preserved.
Kepler-468,1,unmatched_other,,,,1444.4520115579182,unassigned,Kepler-468,,,,Position candidates require review; component identity is preserved.
Kepler-47,3,unmatched_other,,,,3343.1681028721623,unassigned,Kepler-47,,,,Position candidates require review; component identity is preserved.
Kepler-471,1,unmatched_other,,,,4075.0303988307633,unassigned,Kepler-471,,,,Position candidates require review; component identity is preserved.
Kepler-472,1,unmatched_other,,,,1000.0019772070893,unassigned,Kepler-472,,,,Position candidates require review; component identity is preserved.
Kepler-473,1,unmatched_other,,,,2954.771303595733,unassigned,Kepler-473,,,,Position candidates require review; component identity is preserved.
Kepler-474,1,unmatched_other,,,,2744.5928722312865,unassigned,Kepler-474,,,,Position candidates require review; component identity is preserved.
Kepler-475,1,unmatched_other,,,,913.462905507506,unassigned,Kepler-475,,,,Position candidates require review; component identity is preserved.
Kepler-476,1,unmatched_other,,,,2653.396287457908,unassigned,Kepler-476,,,,Position candidates require review; component identity is preserved.
Kepler-477,1,unmatched_other,,,,,unassigned,Kepler-477,,,,Position candidates require review; component identity is preserved.
Kepler-478,1,unmatched_other,,,,,unassigned,Kepler-478,,,,Position candidates require review; component identity is preserved.
Kepler-479,1,unmatched_other,,,,1124.9166083088248,unassigned,Kepler-479,,,,Position candidates require review; component identity is preserved.
Kepler-48,5,unmatched_other,,,,1000.4455498807841,unassigned,Kepler-48,,,,Position candidates require review; component identity is preserved.
Kepler-480,1,unmatched_other,,,,2764.201393659617,unassigned,Kepler-480,,,,Position candidates require review; component identity is preserved.
Kepler-481,1,unmatched_other,,,,2654.012723011793,unassigned,Kepler-481,,,,Position candidates require review; component identity is preserved.
Kepler-482,1,unmatched_other,,,,1021.0912485902539,unassigned,Kepler-482,,,,Position candidates require review; component identity is preserved.
Kepler-483,1,unmatched_other,,,,2806.102703504887,unassigned,Kepler-483,,,,Position candidates require review; component identity is preserved.
Kepler-484,1,unmatched_other,,,,1246.3609355516544,unassigned,Kepler-484,,,,Position candidates require review; component identity is preserved.
Kepler-485,1,unmatched_other,,,,3721.2811915591833,unassigned,Kepler-485,,,,Position candidates require review; component identity is preserved.
Kepler-487,3,unmatched_other,,,,2845.20233006557,unassigned,Kepler-487,,,,Position candidates require review; component identity is preserved.
Kepler-489,1,unmatched_other,,,,1205.6207424110557,unassigned,Kepler-489,,,,Position candidates require review; component identity is preserved.
Kepler-49,4,unmatched_other,,,,1015.0704018576029,unassigned,Kepler-49,,,,Position candidates require review; component identity is preserved.
Kepler-490,1,unmatched_other,,,,4967.361632626001,unassigned,Kepler-490,,,,Position candidates require review; component identity is preserved.
Kepler-491,1,unmatched_other,,,,2057.3455071805593,unassigned,Kepler-491,,,,Position candidates require review; component identity is preserved.
Kepler-493,1,unmatched_other,,,,5693.94019526559,unassigned,Kepler-493,,,,Position candidates require review; component identity is preserved.
Kepler-495,2,unmatched_other,,,,2149.122650306274,unassigned,Kepler-495,,,,Position candidates require review; component identity is preserved.
Kepler-496,1,unmatched_other,,,,1974.139753661241,unassigned,Kepler-496,,,,Position candidates require review; component identity is preserved.
Kepler-497,1,unmatched_other,,,,4213.87516882478,unassigned,Kepler-497,,,,Position candidates require review; component identity is preserved.
Kepler-498,1,unmatched_other,,,,3062.0995828109817,unassigned,Kepler-498,,,,Position candidates require review; component identity is preserved.
Kepler-499,1,unmatched_other,,,,1815.7973554073164,unassigned,Kepler-499,,,,Position candidates require review; component identity is preserved.
Kepler-5,1,unmatched_other,,,,2934.680070728382,unassigned,Kepler-5,,,,Position candidates require review; component identity is preserved.
Kepler-50,2,unmatched_other,,,,815.7497163073468,unassigned,Kepler-50,,,,Position candidates require review; component identity is preserved.
Kepler-500,1,unmatched_other,,,,2633.6475187871592,unassigned,Kepler-500,,,,Position candidates require review; component identity is preserved.
Kepler-501,2,unmatched_other,,,,3670.042024619883,unassigned,Kepler-501,,,,Position candidates require review; component identity is preserved.
Kepler-502,1,unmatched_other,,,,5189.278432024473,unassigned,Kepler-502,,,,Position candidates require review; component identity is preserved.
Kepler-504,1,unmatched_other,,,,323.119209527445,unassigned,Kepler-504,,,,Position candidates require review; component identity is preserved.
Kepler-505,1,unmatched_other,,,,924.3597900870224,unassigned,Kepler-505,,,,Position candidates require review; component identity is preserved.
Kepler-506,1,unmatched_other,,,,745.0683676923512,unassigned,Kepler-506,,,,Position candidates require review; component identity is preserved.
Kepler-507,1,unmatched_other,,,,1277.3718839449623,unassigned,Kepler-507,,,,Position candidates require review; component identity is preserved.
Kepler-508,1,unmatched_other,,,,1058.7623102165378,unassigned,Kepler-508,,,,Position candidates require review; component identity is preserved.
Kepler-509,1,unmatched_other,,,,1084.284046772873,unassigned,Kepler-509,,,,Position candidates require review; component identity is preserved.
Kepler-51,4,unmatched_other,,,,2556.5147970209264,unassigned,Kepler-51,,,,Position candidates require review; component identity is preserved.
Kepler-510,1,unmatched_other,,,,1259.540914775188,unassigned,Kepler-510,,,,Position candidates require review; component identity is preserved.
Kepler-511,2,unmatched_other,,,,2126.5363211493896,unassigned,Kepler-511,,,,Position candidates require review; component identity is preserved.
Kepler-512,1,unmatched_other,,,,1524.373370353629,unassigned,Kepler-512,,,,Position candidates require review; component identity is preserved.
Kepler-513,1,unmatched_other,,,,1527.2533311688678,unassigned,Kepler-513,,,,Position candidates require review; component identity is preserved.
Kepler-514,1,unmatched_other,,,,1485.1074040403105,unassigned,Kepler-514,,,,Position candidates require review; component identity is preserved.
Kepler-515,1,unmatched_other,,,,,unassigned,Kepler-515,,,,Position candidates require review; component identity is preserved.
Kepler-516,1,unmatched_other,,,,2241.0009019090808,unassigned,Kepler-516,,,,Position candidates require review; component identity is preserved.
Kepler-517,1,unmatched_other,,,,945.5501699472791,unassigned,Kepler-517,,,,Position candidates require review; component identity is preserved.
Kepler-518,1,unmatched_other,,,,1102.085661868653,unassigned,Kepler-518,,,,Position candidates require review; component identity is preserved.
Kepler-519,1,unmatched_other,,,,804.3342430872608,unassigned,Kepler-519,,,,Position candidates require review; component identity is preserved.
Kepler-52,3,unmatched_other,,,,1048.7297400379707,unassigned,Kepler-52,,,,Position candidates require review; component identity is preserved.
Kepler-520,2,unmatched_other,,,,2034.8929021385386,unassigned,Kepler-520,,,,Position candidates require review; component identity is preserved.
Kepler-521,1,unmatched_other,,,,2709.1788127388027,unassigned,Kepler-521,,,,Position candidates require review; component identity is preserved.
Kepler-522,1,unmatched_other,,,,2084.918767352733,unassigned,Kepler-522,,,,Position candidates require review; component identity is preserved.
Kepler-523,1,unmatched_other,,,,826.137796937625,unassigned,Kepler-523,,,,Position candidates require review; component identity is preserved.
Kepler-524,2,unmatched_other,,,,3451.5172515496647,unassigned,Kepler-524,,,,Position candidates require review; component identity is preserved.
Kepler-525,1,unmatched_other,,,,3238.2501192882405,unassigned,Kepler-525,,,,Position candidates require review; component identity is preserved.
Kepler-526,1,unmatched_other,,,,2172.6776639049767,unassigned,Kepler-526,,,,Position candidates require review; component identity is preserved.
Kepler-527,1,unmatched_other,,,,2446.3032954266614,unassigned,Kepler-527,,,,Position candidates require review; component identity is preserved.
Kepler-528,1,unmatched_other,,,,2557.8161609680164,unassigned,Kepler-528,,,,Position candidates require review; component identity is preserved.
Kepler-529,3,unmatched_other,,,,2606.0155504669965,unassigned,Kepler-529,,,,Position candidates require review; component identity is preserved.
Kepler-53,3,unmatched_other,,,,4455.524429075115,unassigned,Kepler-53,,,,Position candidates require review; component identity is preserved.
Kepler-530,1,unmatched_other,,,,1492.8470948835288,unassigned,Kepler-530,,,,Position candidates require review; component identity is preserved.
Kepler-531,1,unmatched_other,,,,824.3993834443947,unassigned,Kepler-531,,,,Position candidates require review; component identity is preserved.
Kepler-532,1,unmatched_other,,,,1020.2106263704188,unassigned,Kepler-532,,,,Position candidates require review; component identity is preserved.
Kepler-533,1,unmatched_other,,,,988.1070541117597,unassigned,Kepler-533,,,,Position candidates require review; component identity is preserved.
Kepler-534,2,unmatched_other,,,,1861.2407235145902,unassigned,Kepler-534,,,,Position candidates require review; component identity is preserved.
Kepler-535,1,unmatched_other,,,,2236.1248640622152,unassigned,Kepler-535,,,,Position candidates require review; component identity is preserved.
Kepler-536,1,unmatched_other,,,,1507.8926885876022,unassigned,Kepler-536,,,,Position candidates require review; component identity is preserved.
Kepler-537,1,unmatched_other,,,,1433.13112368737,unassigned,Kepler-537,,,,Position candidates require review; component identity is preserved.
Kepler-538,1,unmatched_other,,,,508.6604404319242,unassigned,Kepler-538,,,,Position candidates require review; component identity is preserved.
Kepler-539,2,unmatched_other,,,,1002.3372568715412,unassigned,Kepler-539,,,,Position candidates require review; component identity is preserved.
Kepler-54,3,unmatched_other,,,,886.1701398201689,unassigned,Kepler-54,,,,Position candidates require review; component identity is preserved.
Kepler-540,1,unmatched_other,,,,1273.2296979479597,unassigned,Kepler-540,,,,Position candidates require review; component identity is preserved.
Kepler-541,1,unmatched_other,,,,3459.4754671659534,unassigned,Kepler-541,,,,Position candidates require review; component identity is preserved.
Kepler-542,1,unmatched_other,,,,1422.0939918654356,unassigned,Kepler-542,,,,Position candidates require review; component identity is preserved.
Kepler-543,1,unmatched_other,,,,723.4213689032911,unassigned,Kepler-543,,,,Position candidates require review; component identity is preserved.
Kepler-544,1,unmatched_other,,,,3141.472998892128,unassigned,Kepler-544,,,,Position candidates require review; component identity is preserved.
Kepler-545,1,unmatched_other,,,,2667.9624312867377,unassigned,Kepler-545,,,,Position candidates require review; component identity is preserved.
Kepler-546,1,unmatched_other,,,,3325.6535053887733,unassigned,Kepler-546,,,,Position candidates require review; component identity is preserved.
Kepler-547,1,unmatched_other,,,,1236.0413477606965,unassigned,Kepler-547,,,,Position candidates require review; component identity is preserved.
Kepler-548,1,unmatched_other,,,,2451.965370143824,unassigned,Kepler-548,,,,Position candidates require review; component identity is preserved.
Kepler-549,3,unmatched_other,,,,2071.5659252490095,unassigned,Kepler-549,,,,Position candidates require review; component identity is preserved.
Kepler-55,5,unmatched_other,,,,1887.780067969402,unassigned,Kepler-55,,,,Position candidates require review; component identity is preserved.
Kepler-550,1,unmatched_other,,,,1734.9692818815531,unassigned,Kepler-550,,,,Position candidates require review; component identity is preserved.
Kepler-551,1,unmatched_other,,,,1014.9171083600761,unassigned,Kepler-551,,,,Position candidates require review; component identity is preserved.
Kepler-552,1,unmatched_other,,,,2751.7454815946144,unassigned,Kepler-552,,,,Position candidates require review; component identity is preserved.
Kepler-553,2,unmatched_other,,,,2376.1307507609044,unassigned,Kepler-553,,,,Position candidates require review; component identity is preserved.
Kepler-554,1,unmatched_other,,,,2252.191327228542,unassigned,Kepler-554,,,,Position candidates require review; component identity is preserved.
Kepler-555,1,unmatched_other,,,,3173.89620440095,unassigned,Kepler-555,,,,Position candidates require review; component identity is preserved.
Kepler-556,1,unmatched_other,,,,2200.244400949596,unassigned,Kepler-556,,,,Position candidates require review; component identity is preserved.
Kepler-557,1,unmatched_other,,,,6839.890628373368,unassigned,Kepler-557,,,,Position candidates require review; component identity is preserved.
Kepler-558,1,unmatched_other,,,,2158.750786576472,unassigned,Kepler-558,,,,Position candidates require review; component identity is preserved.
Kepler-559,1,unmatched_other,,,,2533.2826782361626,unassigned,Kepler-559,,,,Position candidates require review; component identity is preserved.
Kepler-56,3,unmatched_other,,,,2977.7881591712035,unassigned,Kepler-56,,,,Position candidates require review; component identity is preserved.
Kepler-560,1,unmatched_other,,,,356.5150133546178,unassigned,Kepler-560,,,,Position candidates require review; component identity is preserved.
Kepler-561,2,unmatched_other,,,,2026.6639767287454,unassigned,Kepler-561,,,,Position candidates require review; component identity is preserved.
Kepler-562,1,unmatched_other,,,,3237.9794094947356,unassigned,Kepler-562,,,,Position candidates require review; component identity is preserved.
Kepler-563,1,unmatched_other,,,,1843.4586778014734,unassigned,Kepler-563,,,,Position candidates require review; component identity is preserved.
Kepler-564,1,unmatched_other,,,,2814.8502175552503,unassigned,Kepler-564,,,,Position candidates require review; component identity is preserved.
Kepler-565,1,unmatched_other,,,,,unassigned,Kepler-565,,,,Position candidates require review; component identity is preserved.
Kepler-566,1,unmatched_other,,,,1840.4254234887078,unassigned,Kepler-566,,,,Position candidates require review; component identity is preserved.
Kepler-567,1,unmatched_other,,,,1822.5944543189332,unassigned,Kepler-567,,,,Position candidates require review; component identity is preserved.
Kepler-568,1,unmatched_other,,,,426.10699966803935,unassigned,Kepler-568,,,,Position candidates require review; component identity is preserved.
Kepler-569,1,unmatched_other,,,,2081.85942052975,unassigned,Kepler-569,,,,Position candidates require review; component identity is preserved.
Kepler-57,2,unmatched_other,,,,2100.9036914246303,unassigned,Kepler-57,,,,Position candidates require review; component identity is preserved.
Kepler-570,1,unmatched_other,,,,1853.050936870123,unassigned,Kepler-570,,,,Position candidates require review; component identity is preserved.
Kepler-571,1,unmatched_other,,,,2360.964479197076,unassigned,Kepler-571,,,,Position candidates require review; component identity is preserved.
Kepler-572,1,unmatched_other,,,,1646.003606731757,unassigned,Kepler-572,,,,Position candidates require review; component identity is preserved.
Kepler-573,1,unmatched_other,,,,2516.201868735137,unassigned,Kepler-573,,,,Position candidates require review; component identity is preserved.
Kepler-574,1,unmatched_other,,,,2227.3088571725316,unassigned,Kepler-574,,,,Position candidates require review; component identity is preserved.
Kepler-575,1,unmatched_other,,,,2785.300449734113,unassigned,Kepler-575,,,,Position candidates require review; component identity is preserved.
Kepler-576,1,unmatched_other,,,,2014.1787105897483,unassigned,Kepler-576,,,,Position candidates require review; component identity is preserved.
Kepler-577,1,unmatched_other,,,,1709.8650254886952,unassigned,Kepler-577,,,,Position candidates require review; component identity is preserved.
Kepler-578,1,unmatched_other,,,,1765.9149989993177,unassigned,Kepler-578,,,,Position candidates require review; component identity is preserved.
Kepler-579,1,unmatched_other,,,,1731.1238981882727,unassigned,Kepler-579,,,,Position candidates require review; component identity is preserved.
Kepler-58,4,unmatched_other,,,,3161.2772141470887,unassigned,Kepler-58,,,,Position candidates require review; component identity is preserved.
Kepler-580,1,unmatched_other,,,,1056.4172458607545,unassigned,Kepler-580,,,,Position candidates require review; component identity is preserved.
Kepler-581,1,unmatched_other,,,,2295.3516006917985,unassigned,Kepler-581,,,,Position candidates require review; component identity is preserved.
Kepler-582,1,unmatched_other,,,,1999.9224153197495,unassigned,Kepler-582,,,,Position candidates require review; component identity is preserved.
Kepler-583,1,unmatched_other,,,,2828.659678587777,unassigned,Kepler-583,,,,Position candidates require review; component identity is preserved.
Kepler-584,1,unmatched_other,,,,6030.109573778237,unassigned,Kepler-584,,,,Position candidates require review; component identity is preserved.
Kepler-585,1,unmatched_other,,,,1908.6247220692787,unassigned,Kepler-585,,,,Position candidates require review; component identity is preserved.
Kepler-586,1,unmatched_other,,,,2262.762055430341,unassigned,Kepler-586,,,,Position candidates require review; component identity is preserved.
Kepler-587,1,unmatched_other,,,,2569.766530647558,unassigned,Kepler-587,,,,Position candidates require review; component identity is preserved.
Kepler-588,1,unmatched_other,,,,3944.535232106294,unassigned,Kepler-588,,,,Position candidates require review; component identity is preserved.
Kepler-589,2,unmatched_other,,,,1998.6960673395347,unassigned,Kepler-589,,,,Position candidates require review; component identity is preserved.
Kepler-59,2,unmatched_other,,,,3793.916216876702,unassigned,Kepler-59,,,,Position candidates require review; component identity is preserved.
Kepler-590,1,unmatched_other,,,,4637.3239940144285,unassigned,Kepler-590,,,,Position candidates require review; component identity is preserved.
Kepler-591,1,unmatched_other,,,,2560.774399313907,unassigned,Kepler-591,,,,Position candidates require review; component identity is preserved.
Kepler-592,1,unmatched_other,,,,3761.0070383650827,unassigned,Kepler-592,,,,Position candidates require review; component identity is preserved.
Kepler-593,1,unmatched_other,,,,3175.98034365456,unassigned,Kepler-593,,,,Position candidates require review; component identity is preserved.
Kepler-594,1,unmatched_other,,,,2508.79485739719,unassigned,Kepler-594,,,,Position candidates require review; component identity is preserved.
Kepler-595,2,unmatched_other,,,,2097.214862792654,unassigned,Kepler-595,,,,Position candidates require review; component identity is preserved.
Kepler-596,1,unmatched_other,,,,3339.352073252877,unassigned,Kepler-596,,,,Position candidates require review; component identity is preserved.
Kepler-597,1,unmatched_other,,,,2163.780117920864,unassigned,Kepler-597,,,,Position candidates require review; component identity is preserved.
Kepler-598,2,unmatched_other,,,,2221.4054267358583,unassigned,Kepler-598,,,,Position candidates require review; component identity is preserved.
Kepler-599,1,unmatched_other,,,,1821.6388161322236,unassigned,Kepler-599,,,,Position candidates require review; component identity is preserved.
Kepler-6,1,unmatched_other,,,,1914.665138184593,unassigned,Kepler-6,,,,Position candidates require review; component identity is preserved.
Kepler-60,3,unmatched_other,,,,3343.4290279743354,unassigned,Kepler-60,,,,Position candidates require review; component identity is preserved.
Kepler-600,1,unmatched_other,,,,2021.2660886775332,unassigned,Kepler-600,,,,Position candidates require review; component identity is preserved.
Kepler-601,1,unmatched_other,,,,1352.9781938634806,unassigned,Kepler-601,,,,Position candidates require review; component identity is preserved.
Kepler-602,1,unmatched_other,,,,3781.163502507977,unassigned,Kepler-602,,,,Position candidates require review; component identity is preserved.
Kepler-603,3,unmatched_other,,,,5021.6014382402955,unassigned,Kepler-603,,,,Position candidates require review; component identity is preserved.
Kepler-604,1,unmatched_other,,,,3347.962601624599,unassigned,Kepler-604,,,,Position candidates require review; component identity is preserved.
Kepler-605,2,unmatched_other,,,,1815.3211670958501,unassigned,Kepler-605,,,,Position candidates require review; component identity is preserved.
Kepler-606,1,unmatched_other,,,,3963.1587612739195,unassigned,Kepler-606,,,,Position candidates require review; component identity is preserved.
Kepler-607,2,unmatched_other,,,,1693.1495111307122,unassigned,Kepler-607,,,,Position candidates require review; component identity is preserved.
Kepler-608,1,unmatched_other,,,,3087.666981260197,unassigned,Kepler-608,,,,Position candidates require review; component identity is preserved.
Kepler-609,1,unmatched_other,,,,3476.2399049805936,unassigned,Kepler-609,,,,Position candidates require review; component identity is preserved.
Kepler-61,1,unmatched_other,,,,1092.8815288894864,unassigned,Kepler-61,,,,Position candidates require review; component identity is preserved.
Kepler-610,2,unmatched_other,,,,2758.708920258867,unassigned,Kepler-610,,,,Position candidates require review; component identity is preserved.
Kepler-611,1,unmatched_other,,,,4551.707944863783,unassigned,Kepler-611,,,,Position candidates require review; component identity is preserved.
Kepler-612,1,unmatched_other,,,,4714.68828680884,unassigned,Kepler-612,,,,Position candidates require review; component identity is preserved.
Kepler-613,1,unmatched_other,,,,2809.8176246470807,unassigned,Kepler-613,,,,Position candidates require review; component identity is preserved.
Kepler-614,1,unmatched_other,,,,1722.089366525519,unassigned,Kepler-614,,,,Position candidates require review; component identity is preserved.
Kepler-615,1,unmatched_other,,,,,unassigned,Kepler-615,,,,Position candidates require review; component identity is preserved.
Kepler-616,3,unmatched_other,,,,3084.705481350529,unassigned,Kepler-616,,,,Position candidates require review; component identity is preserved.
Kepler-617,1,unmatched_other,,,,565.4051270270833,unassigned,Kepler-617,,,,Position candidates require review; component identity is preserved.
Kepler-618,1,unmatched_other,,,,3985.500473147517,unassigned,Kepler-618,,,,Position candidates require review; component identity is preserved.
Kepler-619,3,unmatched_other,,,,2937.6187396916093,unassigned,Kepler-619,,,,Position candidates require review; component identity is preserved.
Kepler-62,5,unmatched_other,,,,981.3197398914745,unassigned,Kepler-62,,,,Position candidates require review; component identity is preserved.
Kepler-620,1,unmatched_other,,,,4420.332155919479,unassigned,Kepler-620,,,,Position candidates require review; component identity is preserved.
Kepler-621,1,unmatched_other,,,,,unassigned,Kepler-621,,,,Position candidates require review; component identity is preserved.
Kepler-622,1,unmatched_other,,,,928.7661627499756,unassigned,Kepler-622,,,,Position candidates require review; component identity is preserved.
Kepler-623,1,unmatched_other,,,,2406.06212154397,unassigned,Kepler-623,,,,Position candidates require review; component identity is preserved.
Kepler-624,1,unmatched_other,,,,2440.2628793113477,unassigned,Kepler-624,,,,Position candidates require review; component identity is preserved.
Kepler-625,2,unmatched_other,,,,2481.097657801484,unassigned,Kepler-625,,,,Position candidates require review; component identity is preserved.
Kepler-626,1,unmatched_other,,,,2073.190184010039,unassigned,Kepler-626,,,,Position candidates require review; component identity is preserved.
Kepler-627,1,unmatched_other,,,,3210.3800568123447,unassigned,Kepler-627,,,,Position candidates require review; component identity is preserved.
Kepler-629,1,unmatched_other,,,,1213.4648032951436,unassigned,Kepler-629,,,,Position candidates require review; component identity is preserved.
Kepler-63,1,unmatched_other,,,,632.8510043751286,unassigned,Kepler-63,,,,Position candidates require review; component identity is preserved.
Kepler-630,1,unmatched_other,,,,2739.0090750447757,unassigned,Kepler-630,,,,Position candidates require review; component identity is preserved.
Kepler-631,1,unmatched_other,,,,2485.2007050331604,unassigned,Kepler-631,,,,Position candidates require review; component identity is preserved.
Kepler-632,1,unmatched_other,,,,,unassigned,Kepler-632,,,,Position candidates require review; component identity is preserved.
Kepler-633,2,unmatched_other,,,,2219.6246129135247,unassigned,Kepler-633,,,,Position candidates require review; component identity is preserved.
Kepler-634,1,unmatched_other,,,,2896.3566963466646,unassigned,Kepler-634,,,,Position candidates require review; component identity is preserved.
Kepler-635,1,unmatched_other,,,,3721.7051948502144,unassigned,Kepler-635,,,,Position candidates require review; component identity is preserved.
Kepler-636,1,unmatched_other,,,,1012.0665016188317,unassigned,Kepler-636,,,,Position candidates require review; component identity is preserved.
Kepler-637,1,unmatched_other,,,,2563.8859311573246,unassigned,Kepler-637,,,,Position candidates require review; component identity is preserved.
Kepler-638,1,unmatched_other,,,,3232.90767782124,unassigned,Kepler-638,,,,Position candidates require review; component identity is preserved.
Kepler-639,1,unmatched_other,,,,2773.1185090263925,unassigned,Kepler-639,,,,Position candidates require review; component identity is preserved.
Kepler-640,1,unmatched_other,,,,1819.2578745748913,unassigned,Kepler-640,,,,Position candidates require review; component identity is preserved.
Kepler-641,1,unmatched_other,,,,3163.4494156226824,unassigned,Kepler-641,,,,Position candidates require review; component identity is preserved.
Kepler-642,1,unmatched_other,,,,2549.179540086077,unassigned,Kepler-642,,,,Position candidates require review; component identity is preserved.
Kepler-643,1,unmatched_other,,,,3468.9340021197386,unassigned,Kepler-643,,,,Position candidates require review; component identity is preserved.
Kepler-644,1,unmatched_other,,,,4298.904136495536,unassigned,Kepler-644,,,,Position candidates require review; component identity is preserved.
Kepler-645,1,unmatched_other,,,,3827.6734019703845,unassigned,Kepler-645,,,,Position candidates require review; component identity is preserved.
Kepler-646,1,unmatched_other,,,,1473.5549451415834,unassigned,Kepler-646,,,,Position candidates require review; component identity is preserved.
Kepler-647,2,unmatched_other,,,,3548.1573862671353,unassigned,Kepler-647,,,,Position candidates require review; component identity is preserved.
Kepler-648,1,unmatched_other,,,,2074.4524091918024,unassigned,Kepler-648,,,,Position candidates require review; component identity is preserved.
Kepler-649,1,unmatched_other,,,,1675.6218673922147,unassigned,Kepler-649,,,,Position candidates require review; component identity is preserved.
Kepler-65,4,unmatched_other,,,,990.6282429115103,unassigned,Kepler-65,,,,Position candidates require review; component identity is preserved.
Kepler-650,1,unmatched_other,,,,2884.4552501237804,unassigned,Kepler-650,,,,Position candidates require review; component identity is preserved.
Kepler-651,1,unmatched_other,,,,1661.466680599308,unassigned,Kepler-651,,,,Position candidates require review; component identity is preserved.
Kepler-652,1,unmatched_other,,,,1286.8499882814108,unassigned,Kepler-652,,,,Position candidates require review; component identity is preserved.
Kepler-653,2,unmatched_other,,,,1942.698278849347,unassigned,Kepler-653,,,,Position candidates require review; component identity is preserved.
Kepler-654,1,unmatched_other,,,,3177.167552869449,unassigned,Kepler-654,,,,Position candidates require review; component identity is preserved.
Kepler-655,1,unmatched_other,,,,2454.528959272678,unassigned,Kepler-655,,,,Position candidates require review; component identity is preserved.
Kepler-656,2,unmatched_other,,,,2903.9398321285785,unassigned,Kepler-656,,,,Position candidates require review; component identity is preserved.
Kepler-657,1,unmatched_other,,,,5518.174523314037,unassigned,Kepler-657,,,,Position candidates require review; component identity is preserved.
Kepler-658,1,unmatched_other,,,,1266.7391860313965,unassigned,Kepler-658,,,,Position candidates require review; component identity is preserved.
Kepler-659,1,unmatched_other,,,,2356.936447932274,unassigned,Kepler-659,,,,Position candidates require review; component identity is preserved.
Kepler-66,1,unmatched_other,,,,3923.5307613813357,unassigned,Kepler-66,,,,Position candidates require review; component identity is preserved.
Kepler-660,1,unmatched_other,,,,1853.9739594190614,unassigned,Kepler-660,,,,Position candidates require review; component identity is preserved.
Kepler-661,1,unmatched_other,,,,1744.2451692638174,unassigned,Kepler-661,,,,Position candidates require review; component identity is preserved.
Kepler-662,1,unmatched_other,,,,2660.252094517514,unassigned,Kepler-662,,,,Position candidates require review; component identity is preserved.
Kepler-663,1,unmatched_other,,,,3467.3358358689266,unassigned,Kepler-663,,,,Position candidates require review; component identity is preserved.
Kepler-664,1,unmatched_other,,,,3946.883558025854,unassigned,Kepler-664,,,,Position candidates require review; component identity is preserved.
Kepler-665,1,unmatched_other,,,,1998.8102220717353,unassigned,Kepler-665,,,,Position candidates require review; component identity is preserved.
Kepler-666,1,unmatched_other,,,,4920.753886250279,unassigned,Kepler-666,,,,Position candidates require review; component identity is preserved.
Kepler-667,1,unmatched_other,,,,7509.587518739157,unassigned,Kepler-667,,,,Position candidates require review; component identity is preserved.
Kepler-668,1,unmatched_other,,,,2559.0816477135572,unassigned,Kepler-668,,,,Position candidates require review; component identity is preserved.
Kepler-669,1,unmatched_other,,,,6729.943313445053,unassigned,Kepler-669,,,,Position candidates require review; component identity is preserved.
Kepler-67,1,unmatched_other,,,,3689.448329094029,unassigned,Kepler-67,,,,Position candidates require review; component identity is preserved.
Kepler-670,1,unmatched_other,,,,3065.0349902104326,unassigned,Kepler-670,,,,Position candidates require review; component identity is preserved.
Kepler-671,1,unmatched_other,,,,3810.3544983136258,unassigned,Kepler-671,,,,Position candidates require review; component identity is preserved.
Kepler-672,1,unmatched_other,,,,3372.2286361267247,unassigned,Kepler-672,,,,Position candidates require review; component identity is preserved.
Kepler-673,1,unmatched_other,,,,2994.800475832909,unassigned,Kepler-673,,,,Position candidates require review; component identity is preserved.
Kepler-674,1,unmatched_other,,,,1116.2832489906627,unassigned,Kepler-674,,,,Position candidates require review; component identity is preserved.
Kepler-675,1,unmatched_other,,,,2171.1577751848167,unassigned,Kepler-675,,,,Position candidates require review; component identity is preserved.
Kepler-676,1,unmatched_other,,,,962.8005807647178,unassigned,Kepler-676,,,,Position candidates require review; component identity is preserved.
Kepler-677,1,unmatched_other,,,,6373.3565456873375,unassigned,Kepler-677,,,,Position candidates require review; component identity is preserved.
Kepler-678,1,unmatched_other,,,,5956.104691674309,unassigned,Kepler-678,,,,Position candidates require review; component identity is preserved.
Kepler-679,1,unmatched_other,,,,3007.9576241100026,unassigned,Kepler-679,,,,Position candidates require review; component identity is preserved.
Kepler-68,4,unmatched_other,,,,470.20660349912015,unassigned,Kepler-68,,,,Position candidates require review; component identity is preserved.
Kepler-680,1,unmatched_other,,,,4867.818706146851,unassigned,Kepler-680,,,,Position candidates require review; component identity is preserved.
Kepler-681,1,unmatched_other,,,,2240.4431745031848,unassigned,Kepler-681,,,,Position candidates require review; component identity is preserved.
Kepler-682,1,unmatched_other,,,,6455.450105958643,unassigned,Kepler-682,,,,Position candidates require review; component identity is preserved.
Kepler-683,1,unmatched_other,,,,3336.808053506686,unassigned,Kepler-683,,,,Position candidates require review; component identity is preserved.
Kepler-684,1,unmatched_other,,,,5646.647520496662,unassigned,Kepler-684,,,,Position candidates require review; component identity is preserved.
Kepler-685,1,unmatched_other,,,,3061.678841083727,unassigned,Kepler-685,,,,Position candidates require review; component identity is preserved.
Kepler-686,1,unmatched_other,,,,4862.795897930013,unassigned,Kepler-686,,,,Position candidates require review; component identity is preserved.
Kepler-687,1,unmatched_other,,,,2066.722503039916,unassigned,Kepler-687,,,,Position candidates require review; component identity is preserved.
Kepler-688,1,unmatched_other,,,,4428.388218449082,unassigned,Kepler-688,,,,Position candidates require review; component identity is preserved.
Kepler-689,1,unmatched_other,,,,3691.2095735336993,unassigned,Kepler-689,,,,Position candidates require review; component identity is preserved.
Kepler-69,2,unmatched_other,,,,2382.980034692956,unassigned,Kepler-69,,,,Position candidates require review; component identity is preserved.
Kepler-690,1,unmatched_other,,,,5431.514773754699,unassigned,Kepler-690,,,,Position candidates require review; component identity is preserved.
Kepler-691,1,unmatched_other,,,,910.3513736640882,unassigned,Kepler-691,,,,Position candidates require review; component identity is preserved.
Kepler-692,1,unmatched_other,,,,3233.3055886020547,unassigned,Kepler-692,,,,Position candidates require review; component identity is preserved.
Kepler-693,1,unmatched_other,,,,3755.723305046071,unassigned,Kepler-693,,,,Position candidates require review; component identity is preserved.
Kepler-694,1,unmatched_other,,,,3336.775437868914,unassigned,Kepler-694,,,,Position candidates require review; component identity is preserved.
Kepler-695,1,unmatched_other,,,,2749.3254012719563,unassigned,Kepler-695,,,,Position candidates require review; component identity is preserved.
Kepler-696,1,unmatched_other,,,,4619.809396531039,unassigned,Kepler-696,,,,Position candidates require review; component identity is preserved.
Kepler-697,1,unmatched_other,,,,4166.093259489277,unassigned,Kepler-697,,,,Position candidates require review; component identity is preserved.
Kepler-698,1,unmatched_other,,,,6508.678826802015,unassigned,Kepler-698,,,,Position candidates require review; component identity is preserved.
Kepler-7,1,unmatched_other,,,,3008.9948013911417,unassigned,Kepler-7,,,,Position candidates require review; component identity is preserved.
Kepler-700,1,unmatched_other,,,,4865.470380227291,unassigned,Kepler-700,,,,Position candidates require review; component identity is preserved.
Kepler-701,1,unmatched_other,,,,2524.946121221723,unassigned,Kepler-701,,,,Position candidates require review; component identity is preserved.
Kepler-702,1,unmatched_other,,,,3235.702837978273,unassigned,Kepler-702,,,,Position candidates require review; component identity is preserved.
Kepler-703,1,unmatched_other,,,,3773.0748243406015,unassigned,Kepler-703,,,,Position candidates require review; component identity is preserved.
Kepler-704,1,unmatched_other,,,,4007.9074162966567,unassigned,Kepler-704,,,,Position candidates require review; component identity is preserved.
Kepler-705,1,unmatched_other,,,,903.065040185896,unassigned,Kepler-705,,,,Position candidates require review; component identity is preserved.
Kepler-707,1,unmatched_other,,,,1930.115165797035,unassigned,Kepler-707,,,,Position candidates require review; component identity is preserved.
Kepler-708,1,unmatched_other,,,,4547.337449402379,unassigned,Kepler-708,,,,Position candidates require review; component identity is preserved.
Kepler-709,1,unmatched_other,,,,2168.427846303328,unassigned,Kepler-709,,,,Position candidates require review; component identity is preserved.
Kepler-710,1,unmatched_other,,,,4723.85328102268,unassigned,Kepler-710,,,,Position candidates require review; component identity is preserved.
Kepler-711,1,unmatched_other,,,,2037.0911961243498,unassigned,Kepler-711,,,,Position candidates require review; component identity is preserved.
Kepler-712,2,unmatched_other,,,,2845.6915646321454,unassigned,Kepler-712,,,,Position candidates require review; component identity is preserved.
Kepler-713,1,unmatched_other,,,,3554.68051382147,unassigned,Kepler-713,,,,Position candidates require review; component identity is preserved.
Kepler-714,1,unmatched_other,,,,6795.044126437315,unassigned,Kepler-714,,,,Position candidates require review; component identity is preserved.
Kepler-715,1,unmatched_other,,,,4329.530220363138,unassigned,Kepler-715,,,,Position candidates require review; component identity is preserved.
Kepler-716,2,unmatched_other,,,,2071.122352575315,unassigned,Kepler-716,,,,Position candidates require review; component identity is preserved.
Kepler-717,1,unmatched_other,,,,9150.25194556769,unassigned,Kepler-717,,,,Position candidates require review; component identity is preserved.
Kepler-718,1,unmatched_other,,,,4247.632353918463,unassigned,Kepler-718,,,,Position candidates require review; component identity is preserved.
Kepler-719,1,unmatched_other,,,,8145.788149113437,unassigned,Kepler-719,,,,Position candidates require review; component identity is preserved.
Kepler-720,1,unmatched_other,,,,3474.772201280868,unassigned,Kepler-720,,,,Position candidates require review; component identity is preserved.
Kepler-721,1,unmatched_other,,,,3022.1584727957893,unassigned,Kepler-721,,,,Position candidates require review; component identity is preserved.
Kepler-722,2,unmatched_other,,,,4042.7083017990335,unassigned,Kepler-722,,,,Position candidates require review; component identity is preserved.
Kepler-723,1,unmatched_other,,,,3495.7440563680548,unassigned,Kepler-723,,,,Position candidates require review; component identity is preserved.
Kepler-724,1,unmatched_other,,,,2782.5020280133035,unassigned,Kepler-724,,,,Position candidates require review; component identity is preserved.
Kepler-725,2,unmatched_other,,,,2473.7950165044062,unassigned,Kepler-725,,,,Position candidates require review; component identity is preserved.
Kepler-726,1,unmatched_other,,,,2485.575784867535,unassigned,Kepler-726,,,,Position candidates require review; component identity is preserved.
Kepler-727,1,unmatched_other,,,,2713.105735526512,unassigned,Kepler-727,,,,Position candidates require review; component identity is preserved.
Kepler-728,1,unmatched_other,,,,5757.4102263692685,unassigned,Kepler-728,,,,Position candidates require review; component identity is preserved.
Kepler-729,1,unmatched_other,,,,6265.953250505215,unassigned,Kepler-729,,,,Position candidates require review; component identity is preserved.
Kepler-730,2,unmatched_other,,,,6311.25637137007,unassigned,Kepler-730,,,,Position candidates require review; component identity is preserved.
Kepler-731,1,unmatched_other,,,,4100.30751810381,unassigned,Kepler-731,,,,Position candidates require review; component identity is preserved.
Kepler-732,2,unmatched_other,,,,570.2061489070737,unassigned,Kepler-732,,,,Position candidates require review; component identity is preserved.
Kepler-733,1,unmatched_other,,,,2989.8950839120494,unassigned,Kepler-733,,,,Position candidates require review; component identity is preserved.
Kepler-734,1,unmatched_other,,,,3774.3142185759257,unassigned,Kepler-734,,,,Position candidates require review; component identity is preserved.
Kepler-735,1,unmatched_other,,,,2266.979257394219,unassigned,Kepler-735,,,,Position candidates require review; component identity is preserved.
Kepler-736,1,unmatched_other,,,,3279.274068477452,unassigned,Kepler-736,,,,Position candidates require review; component identity is preserved.
Kepler-737,1,unmatched_other,,,,669.0054388450295,unassigned,Kepler-737,,,,Position candidates require review; component identity is preserved.
Kepler-738,1,unmatched_other,,,,3632.2405004425123,unassigned,Kepler-738,,,,Position candidates require review; component identity is preserved.
Kepler-739,1,unmatched_other,,,,4470.462391174543,unassigned,Kepler-739,,,,Position candidates require review; component identity is preserved.
Kepler-74,1,unmatched_other,,,,3840.654425803511,unassigned,Kepler-74,,,,Position candidates require review; component identity is preserved.
Kepler-740,1,unmatched_other,,,,4703.240197950982,unassigned,Kepler-740,,,,Position candidates require review; component identity is preserved.
Kepler-741,1,unmatched_other,,,,5420.294994361242,unassigned,Kepler-741,,,,Position candidates require review; component identity is preserved.
Kepler-742,1,unmatched_other,,,,1595.7298626704983,unassigned,Kepler-742,,,,Position candidates require review; component identity is preserved.
Kepler-743,1,unmatched_other,,,,909.9338935006108,unassigned,Kepler-743,,,,Position candidates require review; component identity is preserved.
Kepler-744,1,unmatched_other,,,,1467.5862834293669,unassigned,Kepler-744,,,,Position candidates require review; component identity is preserved.
Kepler-745,1,unmatched_other,,,,5806.822917593356,unassigned,Kepler-745,,,,Position candidates require review; component identity is preserved.
Kepler-746,1,unmatched_other,,,,,unassigned,Kepler-746,,,,Position candidates require review; component identity is preserved.
Kepler-747,1,unmatched_other,,,,10916.975812383746,unassigned,Kepler-747,,,,Position candidates require review; component identity is preserved.
Kepler-748,1,unmatched_other,,,,5564.195188209869,unassigned,Kepler-748,,,,Position candidates require review; component identity is preserved.
Kepler-749,1,unmatched_other,,,,2351.675545559703,unassigned,Kepler-749,,,,Position candidates require review; component identity is preserved.
Kepler-75,1,unmatched_other,,,,2724.5668706394786,unassigned,Kepler-75,,,,Position candidates require review; component identity is preserved.
Kepler-750,2,unmatched_other,,,,4227.051886484537,unassigned,Kepler-750,,,,Position candidates require review; component identity is preserved.
Kepler-751,1,unmatched_other,,,,2480.1909430714313,unassigned,Kepler-751,,,,Position candidates require review; component identity is preserved.
Kepler-752,1,unmatched_other,,,,4019.192426965656,unassigned,Kepler-752,,,,Position candidates require review; component identity is preserved.
Kepler-753,1,unmatched_other,,,,896.1700943609642,unassigned,Kepler-753,,,,Position candidates require review; component identity is preserved.
Kepler-754,1,unmatched_other,,,,5773.848507806192,unassigned,Kepler-754,,,,Position candidates require review; component identity is preserved.
Kepler-755,2,unmatched_other,,,,1301.4748402582295,unassigned,Kepler-755,,,,Position candidates require review; component identity is preserved.
Kepler-756,1,unmatched_other,,,,,unassigned,Kepler-756,,,,Position candidates require review; component identity is preserved.
Kepler-757,1,unmatched_other,,,,3485.5679773832926,unassigned,Kepler-757,,,,Position candidates require review; component identity is preserved.
Kepler-758,4,unmatched_other,,,,4899.912493714178,unassigned,Kepler-758,,,,Position candidates require review; component identity is preserved.
Kepler-759,1,unmatched_other,,,,3501.2234835136965,unassigned,Kepler-759,,,,Position candidates require review; component identity is preserved.
Kepler-76,1,unmatched_other,,,,2684.136526057711,unassigned,Kepler-76,,,,Position candidates require review; component identity is preserved.
Kepler-760,2,unmatched_other,,,,2584.2543969457356,unassigned,Kepler-760,,,,Position candidates require review; component identity is preserved.
Kepler-761,1,unmatched_other,,,,2709.403860639427,unassigned,Kepler-761,,,,Position candidates require review; component identity is preserved.
Kepler-762,1,unmatched_other,,,,6191.296055645852,unassigned,Kepler-762,,,,Position candidates require review; component identity is preserved.
Kepler-763,3,unmatched_other,,,,3139.1214114087907,unassigned,Kepler-763,,,,Position candidates require review; component identity is preserved.
Kepler-764,1,unmatched_other,,,,3417.596988267123,unassigned,Kepler-764,,,,Position candidates require review; component identity is preserved.
Kepler-765,1,unmatched_other,,,,3510.355862089765,unassigned,Kepler-765,,,,Position candidates require review; component identity is preserved.
Kepler-766,1,unmatched_other,,,,7493.834165695438,unassigned,Kepler-766,,,,Position candidates require review; component identity is preserved.
Kepler-767,1,unmatched_other,,,,7341.877909317208,unassigned,Kepler-767,,,,Position candidates require review; component identity is preserved.
Kepler-768,1,unmatched_other,,,,2558.8924770144813,unassigned,Kepler-768,,,,Position candidates require review; component identity is preserved.
Kepler-769,2,unmatched_other,,,,3814.6271468617147,unassigned,Kepler-769,,,,Position candidates require review; component identity is preserved.
Kepler-77,1,unmatched_other,,,,2085.4797563224056,unassigned,Kepler-77,,,,Position candidates require review; component identity is preserved.
Kepler-770,3,unmatched_other,,,,3034.7448474118783,unassigned,Kepler-770,,,,Position candidates require review; component identity is preserved.
Kepler-771,1,unmatched_other,,,,4546.130670804827,unassigned,Kepler-771,,,,Position candidates require review; component identity is preserved.
Kepler-772,1,unmatched_other,,,,3686.251996592405,unassigned,Kepler-772,,,,Position candidates require review; component identity is preserved.
Kepler-773,1,unmatched_other,,,,1784.1601867687923,unassigned,Kepler-773,,,,Position candidates require review; component identity is preserved.
Kepler-774,1,unmatched_other,,,,2993.4762809393787,unassigned,Kepler-774,,,,Position candidates require review; component identity is preserved.
Kepler-775,1,unmatched_other,,,,1300.3072004260036,unassigned,Kepler-775,,,,Position candidates require review; component identity is preserved.
Kepler-776,1,unmatched_other,,,,2374.1053196552834,unassigned,Kepler-776,,,,Position candidates require review; component identity is preserved.
Kepler-777,1,unmatched_other,,,,1445.2184790455526,unassigned,Kepler-777,,,,Position candidates require review; component identity is preserved.
Kepler-778,1,unmatched_other,,,,3059.8947656976165,unassigned,Kepler-778,,,,Position candidates require review; component identity is preserved.
Kepler-779,1,unmatched_other,,,,923.5280913238445,unassigned,Kepler-779,,,,Position candidates require review; component identity is preserved.
Kepler-78,1,unmatched_other,,,,405.6602563489767,unassigned,Kepler-78,,,,Position candidates require review; component identity is preserved.
Kepler-780,1,unmatched_other,,,,1818.8175634649735,unassigned,Kepler-780,,,,Position candidates require review; component identity is preserved.
Kepler-781,1,unmatched_other,,,,3471.8367938814176,unassigned,Kepler-781,,,,Position candidates require review; component identity is preserved.
Kepler-782,1,unmatched_other,,,,1457.4102044446045,unassigned,Kepler-782,,,,Position candidates require review; component identity is preserved.
Kepler-783,2,unmatched_other,,,,1683.2604497583407,unassigned,Kepler-783,,,,Position candidates require review; component identity is preserved.
Kepler-784,2,unmatched_other,,,,4252.165927568726,unassigned,Kepler-784,,,,Position candidates require review; component identity is preserved.
Kepler-785,1,unmatched_other,,,,2094.090284694128,unassigned,Kepler-785,,,,Position candidates require review; component identity is preserved.
Kepler-786,1,unmatched_other,,,,1582.8956092073443,unassigned,Kepler-786,,,,Position candidates require review; component identity is preserved.
Kepler-787,1,unmatched_other,,,,1642.41914814065,unassigned,Kepler-787,,,,Position candidates require review; component identity is preserved.
Kepler-788,1,unmatched_other,,,,5791.884955493928,unassigned,Kepler-788,,,,Position candidates require review; component identity is preserved.
Kepler-789,1,unmatched_other,,,,4827.636240412148,unassigned,Kepler-789,,,,Position candidates require review; component identity is preserved.
Kepler-79,4,unmatched_other,,,,3329.143378630343,unassigned,Kepler-79,,,,Position candidates require review; component identity is preserved.
Kepler-790,1,unmatched_other,,,,2293.4272780632696,unassigned,Kepler-790,,,,Position candidates require review; component identity is preserved.
Kepler-791,1,unmatched_other,,,,4130.248673578207,unassigned,Kepler-791,,,,Position candidates require review; component identity is preserved.
Kepler-792,1,unmatched_other,,,,4649.261317438862,unassigned,Kepler-792,,,,Position candidates require review; component identity is preserved.
Kepler-793,1,unmatched_other,,,,3214.9201535901616,unassigned,Kepler-793,,,,Position candidates require review; component identity is preserved.
Kepler-794,1,unmatched_other,,,,3037.1420967880968,unassigned,Kepler-794,,,,Position candidates require review; component identity is preserved.
Kepler-795,1,unmatched_other,,,,1605.0872891471915,unassigned,Kepler-795,,,,Position candidates require review; component identity is preserved.
Kepler-796,1,unmatched_other,,,,2666.6023591916587,unassigned,Kepler-796,,,,Position candidates require review; component identity is preserved.
Kepler-797,1,unmatched_other,,,,4289.804373557238,unassigned,Kepler-797,,,,Position candidates require review; component identity is preserved.
Kepler-798,1,unmatched_other,,,,3171.1336598816893,unassigned,Kepler-798,,,,Position candidates require review; component identity is preserved.
Kepler-799,2,unmatched_other,,,,,unassigned,Kepler-799,,,,Position candidates require review; component identity is preserved.
Kepler-8,1,unmatched_other,,,,3332.894176974085,unassigned,Kepler-8,,,,Position candidates require review; component identity is preserved.
Kepler-80,6,unmatched_other,,,,1204.9879990382856,unassigned,Kepler-80,,,,Position candidates require review; component identity is preserved.
Kepler-800,1,unmatched_other,,,,3324.381495515678,unassigned,Kepler-800,,,,Position candidates require review; component identity is preserved.
Kepler-801,1,unmatched_other,,,,1436.477488122744,unassigned,Kepler-801,,,,Position candidates require review; component identity is preserved.
Kepler-802,1,unmatched_other,,,,2545.927761000241,unassigned,Kepler-802,,,,Position candidates require review; component identity is preserved.
Kepler-803,1,unmatched_other,,,,2086.6539192821856,unassigned,Kepler-803,,,,Position candidates require review; component identity is preserved.
Kepler-804,2,unmatched_other,,,,2118.874907836823,unassigned,Kepler-804,,,,Position candidates require review; component identity is preserved.
Kepler-805,1,unmatched_other,,,,2082.4758560836344,unassigned,Kepler-805,,,,Position candidates require review; component identity is preserved.
Kepler-806,1,unmatched_other,,,,1180.3468847017855,unassigned,Kepler-806,,,,Position candidates require review; component identity is preserved.
Kepler-808,1,unmatched_other,,,,,unassigned,Kepler-808,,,,Position candidates require review; component identity is preserved.
Kepler-809,1,unmatched_other,,,,3135.683723187656,unassigned,Kepler-809,,,,Position candidates require review; component identity is preserved.
Kepler-81,3,unmatched_other,,,,1135.9733095134225,unassigned,Kepler-81,,,,Position candidates require review; component identity is preserved.
Kepler-810,1,unmatched_other,,,,4757.284309738647,unassigned,Kepler-810,,,,Position candidates require review; component identity is preserved.
Kepler-811,1,unmatched_other,,,,3212.774044624786,unassigned,Kepler-811,,,,Position candidates require review; component identity is preserved.
Kepler-812,1,unmatched_other,,,,4836.05107495724,unassigned,Kepler-812,,,,Position candidates require review; component identity is preserved.
Kepler-813,1,unmatched_other,,,,,unassigned,Kepler-813,,,,Position candidates require review; component identity is preserved.
Kepler-814,1,unmatched_other,,,,6705.024966187494,unassigned,Kepler-814,,,,Position candidates require review; component identity is preserved.
Kepler-815,1,unmatched_other,,,,4107.2220333114055,unassigned,Kepler-815,,,,Position candidates require review; component identity is preserved.
Kepler-816,1,unmatched_other,,,,3208.3905029082725,unassigned,Kepler-816,,,,Position candidates require review; component identity is preserved.
Kepler-817,1,unmatched_other,,,,4841.660964653968,unassigned,Kepler-817,,,,Position candidates require review; component identity is preserved.
Kepler-818,1,unmatched_other,,,,3017.0671717396312,unassigned,Kepler-818,,,,Position candidates require review; component identity is preserved.
Kepler-819,1,unmatched_other,,,,2166.676386554989,unassigned,Kepler-819,,,,Position candidates require review; component identity is preserved.
Kepler-82,5,unmatched_other,,,,2949.516924350716,unassigned,Kepler-82,,,,Position candidates require review; component identity is preserved.
Kepler-820,1,unmatched_other,,,,4524.441271686664,unassigned,Kepler-820,,,,Position candidates require review; component identity is preserved.
Kepler-821,1,unmatched_other,,,,2004.4625120975668,unassigned,Kepler-821,,,,Position candidates require review; component identity is preserved.
Kepler-822,1,unmatched_other,,,,2806.220119800865,unassigned,Kepler-822,,,,Position candidates require review; component identity is preserved.
Kepler-823,1,unmatched_other,,,,4531.1927087054,unassigned,Kepler-823,,,,Position candidates require review; component identity is preserved.
Kepler-824,1,unmatched_other,,,,3918.4427218889546,unassigned,Kepler-824,,,,Position candidates require review; component identity is preserved.
Kepler-825,2,unmatched_other,,,,2634.854297384711,unassigned,Kepler-825,,,,Position candidates require review; component identity is preserved.
Kepler-826,1,unmatched_other,,,,2542.7020744246224,unassigned,Kepler-826,,,,Position candidates require review; component identity is preserved.
Kepler-827,1,unmatched_other,,,,6675.377351453042,unassigned,Kepler-827,,,,Position candidates require review; component identity is preserved.
Kepler-828,1,unmatched_other,,,,1876.4493954075222,unassigned,Kepler-828,,,,Position candidates require review; component identity is preserved.
Kepler-829,1,unmatched_other,,,,3502.1367213713033,unassigned,Kepler-829,,,,Position candidates require review; component identity is preserved.
Kepler-83,3,unmatched_other,,,,1305.9594904518349,unassigned,Kepler-83,,,,Position candidates require review; component identity is preserved.
Kepler-830,1,unmatched_other,,,,,unassigned,Kepler-830,,,,Position candidates require review; component identity is preserved.
Kepler-831,1,unmatched_other,,,,1935.8685642999583,unassigned,Kepler-831,,,,Position candidates require review; component identity is preserved.
Kepler-832,1,unmatched_other,,,,5505.911043511887,unassigned,Kepler-832,,,,Position candidates require review; component identity is preserved.
Kepler-833,1,unmatched_other,,,,1524.3570625347434,unassigned,Kepler-833,,,,Position candidates require review; component identity is preserved.
Kepler-834,1,unmatched_other,,,,2067.6259562061914,unassigned,Kepler-834,,,,Position candidates require review; component identity is preserved.
Kepler-835,1,unmatched_other,,,,7848.398763911309,unassigned,Kepler-835,,,,Position candidates require review; component identity is preserved.
Kepler-836,1,unmatched_other,,,,3196.4466563562855,unassigned,Kepler-836,,,,Position candidates require review; component identity is preserved.
Kepler-837,1,unmatched_other,,,,2941.6272015737486,unassigned,Kepler-837,,,,Position candidates require review; component identity is preserved.
Kepler-838,1,unmatched_other,,,,3600.896872543933,unassigned,Kepler-838,,,,Position candidates require review; component identity is preserved.
Kepler-839,1,unmatched_other,,,,3080.745942925048,unassigned,Kepler-839,,,,Position candidates require review; component identity is preserved.
Kepler-84,5,unmatched_other,,,,3339.515151441735,unassigned,Kepler-84,,,,Position candidates require review; component identity is preserved.
Kepler-841,1,unmatched_other,,,,3258.1750124029563,unassigned,Kepler-841,,,,Position candidates require review; component identity is preserved.
Kepler-842,1,unmatched_other,,,,1737.519824755298,unassigned,Kepler-842,,,,Position candidates require review; component identity is preserved.
Kepler-843,1,unmatched_other,,,,3801.8744324929908,unassigned,Kepler-843,,,,Position candidates require review; component identity is preserved.
Kepler-844,1,unmatched_other,,,,1408.2649614502457,unassigned,Kepler-844,,,,Position candidates require review; component identity is preserved.
Kepler-845,1,unmatched_other,,,,1405.9003277117993,unassigned,Kepler-845,,,,Position candidates require review; component identity is preserved.
Kepler-846,1,unmatched_other,,,,3676.173764520957,unassigned,Kepler-846,,,,Position candidates require review; component identity is preserved.
Kepler-847,1,unmatched_other,,,,1673.5181587559414,unassigned,Kepler-847,,,,Position candidates require review; component identity is preserved.
Kepler-848,1,unmatched_other,,,,4495.967819911992,unassigned,Kepler-848,,,,Position candidates require review; component identity is preserved.
Kepler-849,1,unmatched_other,,,,2681.442474377771,unassigned,Kepler-849,,,,Position candidates require review; component identity is preserved.
Kepler-85,4,unmatched_other,,,,2495.1778286275157,unassigned,Kepler-85,,,,Position candidates require review; component identity is preserved.
Kepler-850,1,unmatched_other,,,,5418.370671732713,unassigned,Kepler-850,,,,Position candidates require review; component identity is preserved.
Kepler-851,1,unmatched_other,,,,2737.283707806654,unassigned,Kepler-851,,,,Position candidates require review; component identity is preserved.
Kepler-852,1,unmatched_other,,,,5280.56960214739,unassigned,Kepler-852,,,,Position candidates require review; component identity is preserved.
Kepler-853,1,unmatched_other,,,,1854.7730425444674,unassigned,Kepler-853,,,,Position candidates require review; component identity is preserved.
Kepler-855,1,unmatched_other,,,,4913.806755404911,unassigned,Kepler-855,,,,Position candidates require review; component identity is preserved.
Kepler-856,1,unmatched_other,,,,4406.927128795321,unassigned,Kepler-856,,,,Position candidates require review; component identity is preserved.
Kepler-857,1,unmatched_other,,,,3207.754497971725,unassigned,Kepler-857,,,,Position candidates require review; component identity is preserved.
Kepler-858,1,unmatched_other,,,,973.6811575253481,unassigned,Kepler-858,,,,Position candidates require review; component identity is preserved.
Kepler-859,1,unmatched_other,,,,2739.397201134259,unassigned,Kepler-859,,,,Position candidates require review; component identity is preserved.
Kepler-860,1,unmatched_other,,,,3445.3855116485897,unassigned,Kepler-860,,,,Position candidates require review; component identity is preserved.
Kepler-861,1,unmatched_other,,,,2773.395741947452,unassigned,Kepler-861,,,,Position candidates require review; component identity is preserved.
Kepler-862,1,unmatched_other,,,,3388.8626113902783,unassigned,Kepler-862,,,,Position candidates require review; component identity is preserved.
Kepler-863,1,unmatched_other,,,,4891.236734066913,unassigned,Kepler-863,,,,Position candidates require review; component identity is preserved.
Kepler-864,2,unmatched_other,,,,6597.817364832001,unassigned,Kepler-864,,,,Position candidates require review; component identity is preserved.
Kepler-865,2,unmatched_other,,,,1911.7232076575876,unassigned,Kepler-865,,,,Position candidates require review; component identity is preserved.
Kepler-866,1,unmatched_other,,,,2109.1456630895327,unassigned,Kepler-866,,,,Position candidates require review; component identity is preserved.
Kepler-867,1,unmatched_other,,,,3899.329958154753,unassigned,Kepler-867,,,,Position candidates require review; component identity is preserved.
Kepler-868,1,unmatched_other,,,,5196.095100318754,unassigned,Kepler-868,,,,Position candidates require review; component identity is preserved.
Kepler-869,1,unmatched_other,,,,3064.0923982788313,unassigned,Kepler-869,,,,Position candidates require review; component identity is preserved.
Kepler-87,2,unmatched_other,,,,4021.1819808697287,unassigned,Kepler-87,,,,Position candidates require review; component identity is preserved.
Kepler-870,1,unmatched_other,,,,4107.8091147912955,unassigned,Kepler-870,,,,Position candidates require review; component identity is preserved.
Kepler-871,1,unmatched_other,,,,6445.013101871707,unassigned,Kepler-871,,,,Position candidates require review; component identity is preserved.
Kepler-872,1,unmatched_other,,,,2869.142208189979,unassigned,Kepler-872,,,,Position candidates require review; component identity is preserved.
Kepler-873,1,unmatched_other,,,,3855.885928642883,unassigned,Kepler-873,,,,Position candidates require review; component identity is preserved.
Kepler-874,1,unmatched_other,,,,3529.53385709951,unassigned,Kepler-874,,,,Position candidates require review; component identity is preserved.
Kepler-875,1,unmatched_other,,,,4052.8843807837957,unassigned,Kepler-875,,,,Position candidates require review; component identity is preserved.
Kepler-876,1,unmatched_other,,,,2677.460105005849,unassigned,Kepler-876,,,,Position candidates require review; component identity is preserved.
Kepler-877,1,unmatched_other,,,,1964.0354290795765,unassigned,Kepler-877,,,,Position candidates require review; component identity is preserved.
Kepler-878,1,unmatched_other,,,,2581.9354251001696,unassigned,Kepler-878,,,,Position candidates require review; component identity is preserved.
Kepler-879,2,unmatched_other,,,,2617.965920146538,unassigned,Kepler-879,,,,Position candidates require review; component identity is preserved.
Kepler-880,2,unmatched_other,,,,1961.2565767414294,unassigned,Kepler-880,,,,Position candidates require review; component identity is preserved.
Kepler-881,1,unmatched_other,,,,4485.237275085111,unassigned,Kepler-881,,,,Position candidates require review; component identity is preserved.
Kepler-882,1,unmatched_other,,,,1645.8013897775727,unassigned,Kepler-882,,,,Position candidates require review; component identity is preserved.
Kepler-883,1,unmatched_other,,,,2046.484499802592,unassigned,Kepler-883,,,,Position candidates require review; component identity is preserved.
Kepler-884,1,unmatched_other,,,,1554.895084180362,unassigned,Kepler-884,,,,Position candidates require review; component identity is preserved.
Kepler-885,1,unmatched_other,,,,2124.3151962171382,unassigned,Kepler-885,,,,Position candidates require review; component identity is preserved.
Kepler-886,1,unmatched_other,,,,2319.940530007864,unassigned,Kepler-886,,,,Position candidates require review; component identity is preserved.
Kepler-887,2,unmatched_other,,,,2891.66330607132,unassigned,Kepler-887,,,,Position candidates require review; component identity is preserved.
Kepler-888,1,unmatched_other,,,,1372.5214840162678,unassigned,Kepler-888,,,,Position candidates require review; component identity is preserved.
Kepler-889,1,unmatched_other,,,,1951.4360082083786,unassigned,Kepler-889,,,,Position candidates require review; component identity is preserved.
Kepler-890,1,unmatched_other,,,,5584.188574163905,unassigned,Kepler-890,,,,Position candidates require review; component identity is preserved.
Kepler-891,1,unmatched_other,,,,7633.950945562551,unassigned,Kepler-891,,,,Position candidates require review; component identity is preserved.
Kepler-892,1,unmatched_other,,,,1861.4625098514375,unassigned,Kepler-892,,,,Position candidates require review; component identity is preserved.
Kepler-893,1,unmatched_other,,,,4193.03377628868,unassigned,Kepler-893,,,,Position candidates require review; component identity is preserved.
Kepler-894,1,unmatched_other,,,,3792.90513210578,unassigned,Kepler-894,,,,Position candidates require review; component identity is preserved.
Kepler-895,1,unmatched_other,,,,1761.6814892165544,unassigned,Kepler-895,,,,Position candidates require review; component identity is preserved.
Kepler-896,2,unmatched_other,,,,7615.523110221555,unassigned,Kepler-896,,,,Position candidates require review; component identity is preserved.
Kepler-897,1,unmatched_other,,,,4955.130768461623,unassigned,Kepler-897,,,,Position candidates require review; component identity is preserved.
Kepler-898,1,unmatched_other,,,,1581.5029214744939,unassigned,Kepler-898,,,,Position candidates require review; component identity is preserved.
Kepler-899,1,unmatched_other,,,,4065.310938774804,unassigned,Kepler-899,,,,Position candidates require review; component identity is preserved.
Kepler-9,3,unmatched_other,,,,2049.10027395188,unassigned,Kepler-9,,,,Position candidates require review; component identity is preserved.
Kepler-900,1,unmatched_other,,,,1590.0938804635528,unassigned,Kepler-900,,,,Position candidates require review; component identity is preserved.
Kepler-901,1,unmatched_other,,,,828.0034114181648,unassigned,Kepler-901,,,,Position candidates require review; component identity is preserved.
Kepler-902,1,unmatched_other,,,,3800.8307320842964,unassigned,Kepler-902,,,,Position candidates require review; component identity is preserved.
Kepler-903,2,unmatched_other,,,,4465.863586248736,unassigned,Kepler-903,,,,Position candidates require review; component identity is preserved.
Kepler-904,1,unmatched_other,,,,3190.217069541896,unassigned,Kepler-904,,,,Position candidates require review; component identity is preserved.
Kepler-905,1,unmatched_other,,,,1726.2413372138533,unassigned,Kepler-905,,,,Position candidates require review; component identity is preserved.
Kepler-906,1,unmatched_other,,,,2471.5836762634867,unassigned,Kepler-906,,,,Position candidates require review; component identity is preserved.
Kepler-907,1,unmatched_other,,,,,unassigned,Kepler-907,,,,Position candidates require review; component identity is preserved.
Kepler-908,1,unmatched_other,,,,948.6029936427078,unassigned,Kepler-908,,,,Position candidates require review; component identity is preserved.
Kepler-909,1,unmatched_other,,,,1009.7670991559287,unassigned,Kepler-909,,,,Position candidates require review; component identity is preserved.
Kepler-91,1,unmatched_other,,,,4222.7140066609045,unassigned,Kepler-91,,,,Position candidates require review; component identity is preserved.
Kepler-910,1,unmatched_other,,,,1305.5681027985747,unassigned,Kepler-910,,,,Position candidates require review; component identity is preserved.
Kepler-911,1,unmatched_other,,,,1813.977402819657,unassigned,Kepler-911,,,,Position candidates require review; component identity is preserved.
Kepler-912,1,unmatched_other,,,,6538.522135363097,unassigned,Kepler-912,,,,Position candidates require review; component identity is preserved.
Kepler-913,2,unmatched_other,,,,3234.225349587216,unassigned,Kepler-913,,,,Position candidates require review; component identity is preserved.
Kepler-914,1,unmatched_other,,,,2458.315634817969,unassigned,Kepler-914,,,,Position candidates require review; component identity is preserved.
Kepler-915,1,unmatched_other,,,,2769.185063111129,unassigned,Kepler-915,,,,Position candidates require review; component identity is preserved.
Kepler-916,1,unmatched_other,,,,2709.4201684583127,unassigned,Kepler-916,,,,Position candidates require review; component identity is preserved.
Kepler-917,1,unmatched_other,,,,11286.674066525675,unassigned,Kepler-917,,,,Position candidates require review; component identity is preserved.
Kepler-918,1,unmatched_other,,,,3343.200718509934,unassigned,Kepler-918,,,,Position candidates require review; component identity is preserved.
Kepler-919,1,unmatched_other,,,,3652.5274271364933,unassigned,Kepler-919,,,,Position candidates require review; component identity is preserved.
Kepler-92,3,unmatched_other,,,,1559.0013929758159,unassigned,Kepler-92,,,,Position candidates require review; component identity is preserved.
Kepler-920,2,unmatched_other,,,,3267.0432043130745,unassigned,Kepler-920,,,,Position candidates require review; component identity is preserved.
Kepler-921,1,unmatched_other,,,,3047.8987341251946,unassigned,Kepler-921,,,,Position candidates require review; component identity is preserved.
Kepler-922,1,unmatched_other,,,,1749.2516696617693,unassigned,Kepler-922,,,,Position candidates require review; component identity is preserved.
Kepler-923,1,unmatched_other,,,,3262.47701502504,unassigned,Kepler-923,,,,Position candidates require review; component identity is preserved.
Kepler-924,1,unmatched_other,,,,3434.557119908394,unassigned,Kepler-924,,,,Position candidates require review; component identity is preserved.
Kepler-925,1,unmatched_other,,,,1993.190547683676,unassigned,Kepler-925,,,,Position candidates require review; component identity is preserved.
Kepler-926,1,unmatched_other,,,,3005.0776632947636,unassigned,Kepler-926,,,,Position candidates require review; component identity is preserved.
Kepler-927,1,unmatched_other,,,,2712.5936700134966,unassigned,Kepler-927,,,,Position candidates require review; component identity is preserved.
Kepler-928,1,unmatched_other,,,,1659.5130038967845,unassigned,Kepler-928,,,,Position candidates require review; component identity is preserved.
Kepler-929,1,unmatched_other,,,,4276.660271535254,unassigned,Kepler-929,,,,Position candidates require review; component identity is preserved.
Kepler-93,2,unmatched_other,,,,312.8214742137943,unassigned,Kepler-93,,,,Position candidates require review; component identity is preserved.
Kepler-930,1,unmatched_other,,,,2767.0976622937415,unassigned,Kepler-930,,,,Position candidates require review; component identity is preserved.
Kepler-931,1,unmatched_other,,,,,unassigned,Kepler-931,,,,Position candidates require review; component identity is preserved.
Kepler-932,1,unmatched_other,,,,1518.623233414483,unassigned,Kepler-932,,,,Position candidates require review; component identity is preserved.
Kepler-933,1,unmatched_other,,,,3317.662674134713,unassigned,Kepler-933,,,,Position candidates require review; component identity is preserved.
Kepler-934,1,unmatched_other,,,,1985.437810585349,unassigned,Kepler-934,,,,Position candidates require review; component identity is preserved.
Kepler-935,1,unmatched_other,,,,1538.747081919606,unassigned,Kepler-935,,,,Position candidates require review; component identity is preserved.
Kepler-936,1,unmatched_other,,,,2685.5683525558875,unassigned,Kepler-936,,,,Position candidates require review; component identity is preserved.
Kepler-937,2,unmatched_other,,,,5125.4170132675345,unassigned,Kepler-937,,,,Position candidates require review; component identity is preserved.
Kepler-938,1,unmatched_other,,,,3855.3314628007643,unassigned,Kepler-938,,,,Position candidates require review; component identity is preserved.
Kepler-939,1,unmatched_other,,,,6828.475155153282,unassigned,Kepler-939,,,,Position candidates require review; component identity is preserved.
Kepler-94,2,unmatched_other,,,,625.9071350935391,unassigned,Kepler-94,,,,Position candidates require review; component identity is preserved.
Kepler-940,1,unmatched_other,,,,4112.114378977157,unassigned,Kepler-940,,,,Position candidates require review; component identity is preserved.
Kepler-941,1,unmatched_other,,,,3549.7555525179473,unassigned,Kepler-941,,,,Position candidates require review; component identity is preserved.
Kepler-942,1,unmatched_other,,,,705.652369445283,unassigned,Kepler-942,,,,Position candidates require review; component identity is preserved.
Kepler-943,1,unmatched_other,,,,7503.325316286996,unassigned,Kepler-943,,,,Position candidates require review; component identity is preserved.
Kepler-944,1,unmatched_other,,,,4401.25200782305,unassigned,Kepler-944,,,,Position candidates require review; component identity is preserved.
Kepler-945,1,unmatched_other,,,,5385.657187047725,unassigned,Kepler-945,,,,Position candidates require review; component identity is preserved.
Kepler-946,1,unmatched_other,,,,3709.34386813475,unassigned,Kepler-946,,,,Position candidates require review; component identity is preserved.
Kepler-947,1,unmatched_other,,,,5645.04935424585,unassigned,Kepler-947,,,,Position candidates require review; component identity is preserved.
Kepler-948,1,unmatched_other,,,,2831.092805165544,unassigned,Kepler-948,,,,Position candidates require review; component identity is preserved.
Kepler-949,2,unmatched_other,,,,1585.4624598999753,unassigned,Kepler-949,,,,Position candidates require review; component identity is preserved.
Kepler-95,1,unmatched_other,,,,1453.5354666773296,unassigned,Kepler-95,,,,Position candidates require review; component identity is preserved.
Kepler-950,1,unmatched_other,,,,7050.1962607251235,unassigned,Kepler-950,,,,Position candidates require review; component identity is preserved.
Kepler-951,1,unmatched_other,,,,1247.5774988405378,unassigned,Kepler-951,,,,Position candidates require review; component identity is preserved.
Kepler-952,1,unmatched_other,,,,4253.894556370625,unassigned,Kepler-952,,,,Position candidates require review; component identity is preserved.
Kepler-953,2,unmatched_other,,,,844.3960309622082,unassigned,Kepler-953,,,,Position candidates require review; component identity is preserved.
Kepler-954,1,unmatched_other,,,,703.8911250056125,unassigned,Kepler-954,,,,Position candidates require review; component identity is preserved.
Kepler-955,1,unmatched_other,,,,1795.1092563687437,unassigned,Kepler-955,,,,Position candidates require review; component identity is preserved.
Kepler-956,1,unmatched_other,,,,1777.3533031658437,unassigned,Kepler-956,,,,Position candidates require review; component identity is preserved.
Kepler-957,1,unmatched_other,,,,2689.772508264656,unassigned,Kepler-957,,,,Position candidates require review; component identity is preserved.
Kepler-958,1,unmatched_other,,,,1466.963324747928,unassigned,Kepler-958,,,,Position candidates require review; component identity is preserved.
Kepler-959,1,unmatched_other,,,,2634.459648167674,unassigned,Kepler-959,,,,Position candidates require review; component identity is preserved.
Kepler-96,1,unmatched_other,,,,400.78421850211134,unassigned,Kepler-96,,,,Position candidates require review; component identity is preserved.
Kepler-960,1,unmatched_other,,,,929.2717051354364,unassigned,Kepler-960,,,,Position candidates require review; component identity is preserved.
Kepler-961,1,unmatched_other,,,,1873.161739120137,unassigned,Kepler-961,,,,Position candidates require review; component identity is preserved.
Kepler-962,1,unmatched_other,,,,1342.0878324115183,unassigned,Kepler-962,,,,Position candidates require review; component identity is preserved.
Kepler-963,2,unmatched_other,,,,2516.276884702012,unassigned,Kepler-963,,,,Position candidates require review; component identity is preserved.
Kepler-964,1,unmatched_other,,,,1482.7916937585214,unassigned,Kepler-964,,,,Position candidates require review; component identity is preserved.
Kepler-965,1,unmatched_other,,,,1900.9306931189408,unassigned,Kepler-965,,,,Position candidates require review; component identity is preserved.
Kepler-966,1,unmatched_other,,,,3352.2352501726878,unassigned,Kepler-966,,,,Position candidates require review; component identity is preserved.
Kepler-967,2,unmatched_other,,,,1854.3490392534356,unassigned,Kepler-967,,,,Position candidates require review; component identity is preserved.
Kepler-968,3,unmatched_other,,,,946.9102420423579,unassigned,Kepler-968,,,,Position candidates require review; component identity is preserved.
Kepler-969,2,unmatched_other,,,,1273.1644666724162,unassigned,Kepler-969,,,,Position candidates require review; component identity is preserved.
Kepler-97,2,unmatched_other,,,,1307.5837492128642,unassigned,Kepler-97,,,,Position candidates require review; component identity is preserved.
Kepler-970,1,unmatched_other,,,,1081.3551625009768,unassigned,Kepler-970,,,,Position candidates require review; component identity is preserved.
Kepler-971,1,unmatched_other,,,,1104.1110929742738,unassigned,Kepler-971,,,,Position candidates require review; component identity is preserved.
Kepler-972,1,unmatched_other,,,,3907.4512519599,unassigned,Kepler-972,,,,Position candidates require review; component identity is preserved.
Kepler-973,1,unmatched_other,,,,1071.488932075045,unassigned,Kepler-973,,,,Position candidates require review; component identity is preserved.
Kepler-974,2,unmatched_other,,,,438.06389247513516,unassigned,Kepler-974,,,,Position candidates require review; component identity is preserved.
Kepler-975,2,unmatched_other,,,,1389.7131866857173,unassigned,Kepler-975,,,,Position candidates require review; component identity is preserved.
Kepler-976,1,unmatched_other,,,,3302.039783642081,unassigned,Kepler-976,,,,Position candidates require review; component identity is preserved.
Kepler-977,1,unmatched_other,,,,1855.0176598277549,unassigned,Kepler-977,,,,Position candidates require review; component identity is preserved.
Kepler-978,1,unmatched_other,,,,2226.089032319871,unassigned,Kepler-978,,,,Position candidates require review; component identity is preserved.
Kepler-979,1,unmatched_other,,,,1880.301302228357,unassigned,Kepler-979,,,,Position candidates require review; component identity is preserved.
Kepler-98,1,unmatched_other,,,,1142.5747145984094,unassigned,Kepler-98,,,,Position candidates require review; component identity is preserved.
Kepler-980,1,unmatched_other,,,,3135.889201705618,unassigned,Kepler-980,,,,Position candidates require review; component identity is preserved.
Kepler-981,1,unmatched_other,,,,2863.920444582734,unassigned,Kepler-981,,,,Position candidates require review; component identity is preserved.
Kepler-982,1,unmatched_other,,,,2614.0748745603773,unassigned,Kepler-982,,,,Position candidates require review; component identity is preserved.
Kepler-983,1,unmatched_other,,,,2330.1818402681697,unassigned,Kepler-983,,,,Position candidates require review; component identity is preserved.
Kepler-984,1,unmatched_other,,,,1500.9325114871267,unassigned,Kepler-984,,,,Position candidates require review; component identity is preserved.
Kepler-985,1,unmatched_other,,,,2215.779229220245,unassigned,Kepler-985,,,,Position candidates require review; component identity is preserved.
Kepler-986,1,unmatched_other,,,,1788.5241591026424,unassigned,Kepler-986,,,,Position candidates require review; component identity is preserved.
Kepler-987,1,unmatched_other,,,,2981.480249366957,unassigned,Kepler-987,,,,Position candidates require review; component identity is preserved.
Kepler-988,1,unmatched_other,,,,994.4149184568016,unassigned,Kepler-988,,,,Position candidates require review; component identity is preserved.
Kepler-989,1,unmatched_other,,,,1604.6176239632796,unassigned,Kepler-989,,,,Position candidates require review; component identity is preserved.
Kepler-99,1,unmatched_other,,,,679.6087826846009,unassigned,Kepler-99,,,,Position candidates require review; component identity is preserved.
Kepler-990,2,unmatched_other,,,,2616.30578418396,unassigned,Kepler-990,,,,Position candidates require review; component identity is preserved.
Kepler-991,1,unmatched_other,,,,1270.5780465971225,unassigned,Kepler-991,,,,Position candidates require review; component identity is preserved.
Kepler-992,1,unmatched_other,,,,846.8291575399752,unassigned,Kepler-992,,,,Position candidates require review; component identity is preserved.
Kepler-993,1,unmatched_other,,,,1058.1263052799902,unassigned,Kepler-993,,,,Position candidates require review; component identity is preserved.
Kepler-994,1,unmatched_other,,,,613.6893171842698,unassigned,Kepler-994,,,,Position candidates require review; component identity is preserved.
Kepler-995,1,unmatched_other,,,,1988.3732179847998,unassigned,Kepler-995,,,,Position candidates require review; component identity is preserved.
Kepler-996,1,unmatched_other,,,,3967.9532600263556,unassigned,Kepler-996,,,,Position candidates require review; component identity is preserved.
Kepler-997,1,unmatched_other,,,,1525.0028521626225,unassigned,Kepler-997,,,,Position candidates require review; component identity is preserved.
Kepler-998,1,unmatched_other,,,,3217.0890935019784,unassigned,Kepler-998,,,,Position candidates require review; component identity is preserved.
Kepler-999,1,unmatched_other,,,,1777.7577370742126,unassigned,Kepler-999,,,,Position candidates require review; component identity is preserved.
L 168-9,1,unmatched_other,,,,82.02702437025007,unassigned,L 168-9,,,,Position candidates require review; component identity is preserved.
L 363-38,1,unmatched_other,,,,33.36416665853426,unassigned,L 363-38,,,,Position candidates require review; component identity is preserved.
L 98-59,5,unmatched_other,,,,34.63585037525184,unassigned,L 98-59,,,,Position candidates require review; component identity is preserved.
LHS 1140,2,unmatched_other,,,,48.87812092100887,unassigned,LHS 1140,,,,Position candidates require review; component identity is preserved.
LHS 1478,1,unmatched_other,,,,59.450479904697104,unassigned,LHS 1478,,,,Position candidates require review; component identity is preserved.
LHS 1678,3,unmatched_other,,,,64.83401707528967,unassigned,LHS 1678,,,,Position candidates require review; component identity is preserved.
LHS 1815,1,unmatched_other,,,,97.33289086374141,unassigned,LHS 1815,,,,Position candidates require review; component identity is preserved.
LHS 1903,4,unmatched_other,,,,116.41075586552687,unassigned,LHS 1903,,,,Position candidates require review; component identity is preserved.
LHS 3154,1,unmatched_other,,,,51.40420206642505,unassigned,LHS 3154,,,,Position candidates require review; component identity is preserved.
LHS 3844,1,unmatched_other,,,,48.54707219762638,unassigned,LHS 3844,,,,Position candidates require review; component identity is preserved.
LHS 475,1,unmatched_other,,,,40.708882128337606,unassigned,LHS 475,,,,Position candidates require review; component identity is preserved.
LP 261-75 A,1,unmatched_other,,,,110.65833583173666,unassigned,LP 261-75 A,,,,Position candidates require review; component identity is preserved.
LP 714-47,1,unmatched_other,,,,171.61043969944166,unassigned,LP 714-47,,,,Position candidates require review; component identity is preserved.
LP 791-18,3,unmatched_other,,,,86.40763067936366,unassigned,LP 791-18,,,,Position candidates require review; component identity is preserved.
LP 890-9,2,unmatched_other,,,,105.77186098078442,unassigned,LP 890-9,,,,Position candidates require review; component identity is preserved.
LSPM J2116+0234,1,unmatched_other,,,,57.5003909223287,unassigned,LSPM J2116+0234,,,,Position candidates require review; component identity is preserved.
LTT 1445 A,2,unmatched_nearby,,,,22.40462743885848,unassigned,LTT 1445 A,,,118187; 119616,Position candidates require review; component identity is preserved.
LTT 3780,2,unmatched_other,,,,71.69373801142822,unassigned,LTT 3780,,,,Position candidates require review; component identity is preserved.
LTT 9779,1,unmatched_other,,,,262.35138401315,unassigned,LTT 9779,,,,Position candidates require review; component identity is preserved.
LkCa 15,2,unmatched_other,,,,515.8228344865838,unassigned,LkCa 15,,,,Position candidates require review; component identity is preserved.
Luhman 16 A,1,unmatched_other,,,,,unassigned,Luhman 16 A,,,,Position candidates require review; component identity is preserved.
Lupus-TR-3,1,unmatched_other,,,,2522.5227793352874,unassigned,Lupus-TR-3,,,,Position candidates require review; component identity is preserved.
M62H,1,unmatched_other,,,,,unassigned,M62H,,,,Position candidates require review; component identity is preserved.
MASCARA-1,1,unmatched_other,,,,594.4950143556396,unassigned,MASCARA-1,,,,Position candidates require review; component identity is preserved.
MASCARA-4,1,unmatched_other,,,,556.7358905073722,unassigned,MASCARA-4,,,,Position candidates require review; component identity is preserved.
MOA-2007-BLG-192L,1,unmatched_other,,,,7044.977758681656,unassigned,MOA-2007-BLG-192L,,,,Position candidates require review; component identity is preserved.
MOA-2007-BLG-400L,1,unmatched_other,,,,22472.174424683617,unassigned,MOA-2007-BLG-400L,,,,Position candidates require review; component identity is preserved.
MOA-2008-BLG-310L,1,unmatched_other,,,,25114.041084189237,unassigned,MOA-2008-BLG-310L,,,,Position candidates require review; component identity is preserved.
MOA-2008-BLG-379L,1,unmatched_other,,,,10763.16046465253,unassigned,MOA-2008-BLG-379L,,,,Position candidates require review; component identity is preserved.
MOA-2009-BLG-266L,1,unmatched_other,,,,9915.153882588997,unassigned,MOA-2009-BLG-266L,,,,Position candidates require review; component identity is preserved.
MOA-2009-BLG-319L,1,unmatched_other,,,,22994.024629030406,unassigned,MOA-2009-BLG-319L,,,,Position candidates require review; component identity is preserved.
MOA-2009-BLG-387L,1,unmatched_other,,,,18558.297892082697,unassigned,MOA-2009-BLG-387L,,,,Position candidates require review; component identity is preserved.
MOA-2010-BLG-073L,1,unmatched_other,,,,9132.378576068813,unassigned,MOA-2010-BLG-073L,,,,Position candidates require review; component identity is preserved.
MOA-2010-BLG-117L,1,unmatched_other,,,,11415.473220086016,unassigned,MOA-2010-BLG-117L,,,,Position candidates require review; component identity is preserved.
MOA-2010-BLG-328L,1,unmatched_other,,,,2641.866659505621,unassigned,MOA-2010-BLG-328L,,,,Position candidates require review; component identity is preserved.
MOA-2010-BLG-353L,1,unmatched_other,,,,20971.855087186595,unassigned,MOA-2010-BLG-353L,,,,Position candidates require review; component identity is preserved.
MOA-2010-BLG-477L,1,unmatched_other,,,,7501.5966874850965,unassigned,MOA-2010-BLG-477L,,,,Position candidates require review; component identity is preserved.
MOA-2011-BLG-028L,1,unmatched_other,,,,24070.340675495656,unassigned,MOA-2011-BLG-028L,,,,Position candidates require review; component identity is preserved.
MOA-2011-BLG-262L,1,unmatched_other,,,,23483.25919560552,unassigned,MOA-2011-BLG-262L,,,,Position candidates require review; component identity is preserved.
MOA-2011-BLG-291L,1,unmatched_other,,,,14350.880619536707,unassigned,MOA-2011-BLG-291L,,,,Position candidates require review; component identity is preserved.
MOA-2011-BLG-293L,1,unmatched_other,,,,25179.272359732586,unassigned,MOA-2011-BLG-293L,,,,Position candidates require review; component identity is preserved.
MOA-2011-BLG-322L,1,unmatched_other,,,,24657.422155385797,unassigned,MOA-2011-BLG-322L,,,,Position candidates require review; component identity is preserved.
MOA-2012-BLG-006L,1,unmatched_other,,,,17286.288018987398,unassigned,MOA-2012-BLG-006L,,,,Position candidates require review; component identity is preserved.
MOA-2012-BLG-505L,1,unmatched_other,,,,23515.874833377195,unassigned,MOA-2012-BLG-505L,,,,Position candidates require review; component identity is preserved.
MOA-2013-BLG-220L,1,unmatched_other,,,,21917.708582565152,unassigned,MOA-2013-BLG-220L,,,,Position candidates require review; component identity is preserved.
MOA-2013-BLG-605L,1,unmatched_other,,,,2772.3292105923183,unassigned,MOA-2013-BLG-605L,,,,Position candidates require review; component identity is preserved.
MOA-2015-BLG-337L,1,unmatched_other,,,,23157.102817888775,unassigned,MOA-2015-BLG-337L,,,,Position candidates require review; component identity is preserved.
MOA-2016-BLG-227L,1,unmatched_other,,,,21200.164551588317,unassigned,MOA-2016-BLG-227L,,,,Position candidates require review; component identity is preserved.
MOA-2016-BLG-319L,1,unmatched_other,,,,22178.633684738546,unassigned,MOA-2016-BLG-319L,,,,Position candidates require review; component identity is preserved.
MOA-2016-BLG-526L,1,unmatched_other,,,,22602.636975770314,unassigned,MOA-2016-BLG-526L,,,,Position candidates require review; component identity is preserved.
MOA-2019-BLG-008L,1,unmatched_other,,,,8806.22219835207,unassigned,MOA-2019-BLG-008L,,,,Position candidates require review; component identity is preserved.
MOA-2020-BLG-108L,1,unmatched_other,,,,16731.822176868933,unassigned,MOA-2020-BLG-108L,,,,Position candidates require review; component identity is preserved.
MOA-2020-BLG-135L,1,unmatched_other,,,,25766.353839622723,unassigned,MOA-2020-BLG-135L,,,,Position candidates require review; component identity is preserved.
MOA-2020-BLG-208L,1,unmatched_other,,,,24429.112690984075,unassigned,MOA-2020-BLG-208L,,,,Position candidates require review; component identity is preserved.
MOA-2022-BLG-033L,1,unmatched_other,,,,6001.277349988077,unassigned,MOA-2022-BLG-033L,,,,Position candidates require review; component identity is preserved.
MOA-2022-BLG-091L,1,unmatched_other,,,,13861.64605296159,unassigned,MOA-2022-BLG-091L,,,,Position candidates require review; component identity is preserved.
MOA-2022-BLG-249L,1,unmatched_other,,,,6523.1275543348665,unassigned,MOA-2022-BLG-249L,,,,Position candidates require review; component identity is preserved.
MOA-2022-BLG-563L,1,unmatched_other,,,,21298.01146490334,unassigned,MOA-2022-BLG-563L,,,,Position candidates require review; component identity is preserved.
MOA-bin-1L,1,unmatched_other,,,,16633.975263553908,unassigned,MOA-bin-1L,,,,Position candidates require review; component identity is preserved.
MOA-bin-29,1,unmatched_other,,,,23222.334093432124,unassigned,MOA-bin-29,,,,Position candidates require review; component identity is preserved.
MWC 758,1,unmatched_other,,,,520.3401003179608,unassigned,MWC 758,,,,Position candidates require review; component identity is preserved.
MXB 1658-298,1,unmatched_other,,,,,unassigned,MXB 1658-298,,,,Position candidates require review; component identity is preserved.
NGC 2682 Sand 1429,1,unmatched_other,,,,2781.438758221947,unassigned,NGC 2682 Sand 1429,,,,Position candidates require review; component identity is preserved.
NGC 2682 Sand 978,1,unmatched_other,,,,2680.7379766019026,unassigned,NGC 2682 Sand 978,,,,Position candidates require review; component identity is preserved.
NGC 2682 YBP 1194,1,unmatched_other,,,,2847.084252364996,unassigned,NGC 2682 YBP 1194,,,,Position candidates require review; component identity is preserved.
NGC 2682 YBP 1514,1,unmatched_other,,,,2981.790097925788,unassigned,NGC 2682 YBP 1514,,,,Position candidates require review; component identity is preserved.
NGC 2682 YBP 401,1,unmatched_other,,,,2709.7789404738014,unassigned,NGC 2682 YBP 401,,,,Position candidates require review; component identity is preserved.
NGTS-1,1,unmatched_other,,,,711.4155526395377,unassigned,NGTS-1,,,,Position candidates require review; component identity is preserved.
NGTS-10,1,unmatched_other,,,,,unassigned,NGTS-10,,,,Position candidates require review; component identity is preserved.
NGTS-11,1,unmatched_other,,,,621.073497575777,unassigned,NGTS-11,,,,Position candidates require review; component identity is preserved.
NGTS-12,1,unmatched_other,,,,1456.0990558061833,unassigned,NGTS-12,,,,Position candidates require review; component identity is preserved.
NGTS-13,1,unmatched_other,,,,2112.172394274744,unassigned,NGTS-13,,,,Position candidates require review; component identity is preserved.
NGTS-14 A,1,unmatched_other,,,,1050.7062476869344,unassigned,NGTS-14 A,,,,Position candidates require review; component identity is preserved.
NGTS-15,1,unmatched_other,,,,2565.170987285529,unassigned,NGTS-15,,,,Position candidates require review; component identity is preserved.
NGTS-16,1,unmatched_other,,,,2929.4322146109193,unassigned,NGTS-16,,,,Position candidates require review; component identity is preserved.
NGTS-17,1,unmatched_other,,,,3392.9395661117373,unassigned,NGTS-17,,,,Position candidates require review; component identity is preserved.
NGTS-18,1,unmatched_other,,,,3575.293596893169,unassigned,NGTS-18,,,,Position candidates require review; component identity is preserved.
NGTS-2,1,unmatched_other,,,,1162.3919761084787,unassigned,NGTS-2,,,,Position candidates require review; component identity is preserved.
NGTS-20,1,unmatched_other,,,,1248.846247149856,unassigned,NGTS-20,,,,Position candidates require review; component identity is preserved.
NGTS-21,1,unmatched_other,,,,1933.7518094085765,unassigned,NGTS-21,,,,Position candidates require review; component identity is preserved.
NGTS-23,1,unmatched_other,,,,3506.0179822661325,unassigned,NGTS-23,,,,Position candidates require review; component identity is preserved.
NGTS-24,1,unmatched_other,,,,2227.8502767595414,unassigned,NGTS-24,,,,Position candidates require review; component identity is preserved.
NGTS-25,1,unmatched_other,,,,1700.0346722643126,unassigned,NGTS-25,,,,Position candidates require review; component identity is preserved.
NGTS-26,1,unmatched_other,,,,3567.13968745025,unassigned,NGTS-26,,,,Position candidates require review; component identity is preserved.
NGTS-27,1,unmatched_other,,,,3072.790988872536,unassigned,NGTS-27,,,,Position candidates require review; component identity is preserved.
NGTS-3 A,1,unmatched_other,,,,2426.5121264268096,unassigned,NGTS-3 A,,,,Position candidates require review; component identity is preserved.
NGTS-30,1,unmatched_other,,,,777.4817885098413,unassigned,NGTS-30,,,,Position candidates require review; component identity is preserved.
NGTS-31,1,unmatched_other,,,,1622.2235452324292,unassigned,NGTS-31,,,,Position candidates require review; component identity is preserved.
NGTS-32,1,unmatched_other,,,,2731.419416135307,unassigned,NGTS-32,,,,Position candidates require review; component identity is preserved.
NGTS-33,1,unmatched_other,,,,1428.0920076516466,unassigned,NGTS-33,,,,Position candidates require review; component identity is preserved.
NGTS-34,1,unmatched_other,,,,392.9368960542465,unassigned,NGTS-34,,,,Position candidates require review; component identity is preserved.
NGTS-35,1,unmatched_other,,,,597.1205731962593,unassigned,NGTS-35,,,,Position candidates require review; component identity is preserved.
NGTS-38,1,unmatched_other,,,,876.1767084069278,unassigned,NGTS-38,,,,Position candidates require review; component identity is preserved.
NGTS-39,1,unmatched_other,,,,908.0258786909677,unassigned,NGTS-39,,,,Position candidates require review; component identity is preserved.
NGTS-4,1,unmatched_other,,,,915.0480255032093,unassigned,NGTS-4,,,,Position candidates require review; component identity is preserved.
NGTS-5,1,unmatched_other,,,,1000.579273995648,unassigned,NGTS-5,,,,Position candidates require review; component identity is preserved.
NGTS-6,1,unmatched_other,,,,1005.4161730771873,unassigned,NGTS-6,,,,Position candidates require review; component identity is preserved.
NGTS-8,1,unmatched_other,,,,1399.132582874177,unassigned,NGTS-8,,,,Position candidates require review; component identity is preserved.
NGTS-9,1,unmatched_other,,,,1986.7098204584445,unassigned,NGTS-9,,,,Position candidates require review; component identity is preserved.
NN Ser,2,unmatched_other,,,,1682.373304410951,unassigned,NN Ser,,,,Position candidates require review; component identity is preserved.
NSVS 14256825,1,unmatched_other,,,,2677.342688709871,unassigned,NSVS 14256825,,,,Position candidates require review; component identity is preserved.
NY Vir,2,unmatched_other,,,,1774.3689723097357,unassigned,NY Vir,,,,Position candidates require review; component identity is preserved.
OGLE-2003-BLG-235L,1,unmatched_other,,,,18917.069907571113,unassigned,OGLE-2003-BLG-235L,,,,Position candidates require review; component identity is preserved.
OGLE-2005-BLG-071L,1,unmatched_other,,,,10437.004086935787,unassigned,OGLE-2005-BLG-071L,,,,Position candidates require review; component identity is preserved.
OGLE-2005-BLG-169L,1,unmatched_other,,,,13372.411486386476,unassigned,OGLE-2005-BLG-169L,,,,Position candidates require review; component identity is preserved.
OGLE-2005-BLG-390L,1,unmatched_other,,,,21526.32092930506,unassigned,OGLE-2005-BLG-390L,,,,Position candidates require review; component identity is preserved.
OGLE-2006-BLG-109L,2,unmatched_other,,,,4924.961303522824,unassigned,OGLE-2006-BLG-109L,,,,Position candidates require review; component identity is preserved.
OGLE-2006-BLG-284L A,1,unmatched_other,,,,13046.255108669733,unassigned,OGLE-2006-BLG-284L A,,,,Position candidates require review; component identity is preserved.
OGLE-2007-BLG-349L A,1,unmatched_other,,,,9001.916024982116,unassigned,OGLE-2007-BLG-349L A,,,,Position candidates require review; component identity is preserved.
OGLE-2007-BLG-368L,1,unmatched_other,,,,19243.226285287856,unassigned,OGLE-2007-BLG-368L,,,,Position candidates require review; component identity is preserved.
OGLE-2008-BLG-092L,1,unmatched_other,,,,26418.66659505621,unassigned,OGLE-2008-BLG-092L,,,,Position candidates require review; component identity is preserved.
OGLE-2008-BLG-355L,1,unmatched_other,,,,22178.633684738546,unassigned,OGLE-2008-BLG-355L,,,,Position candidates require review; component identity is preserved.
OGLE-2011-BLG-0173L,1,unmatched_other,,,,19895.53904072134,unassigned,OGLE-2011-BLG-0173L,,,,Position candidates require review; component identity is preserved.
OGLE-2011-BLG-0251L,1,unmatched_other,,,,8382.218907320304,unassigned,OGLE-2011-BLG-0251L,,,,Position candidates require review; component identity is preserved.
OGLE-2011-BLG-0265L,1,unmatched_other,,,,14285.649343993358,unassigned,OGLE-2011-BLG-0265L,,,,Position candidates require review; component identity is preserved.
OGLE-2012-BLG-0026L,2,unmatched_other,,,,13108.224820435915,unassigned,OGLE-2012-BLG-0026L,,,,Position candidates require review; component identity is preserved.
OGLE-2012-BLG-0358L,1,unmatched_other,,,,5740.352247814682,unassigned,OGLE-2012-BLG-0358L,,,,Position candidates require review; component identity is preserved.
OGLE-2012-BLG-0406L,1,unmatched_other,,,,16209.971972522144,unassigned,OGLE-2012-BLG-0406L,,,,Position candidates require review; component identity is preserved.
OGLE-2012-BLG-0563L,1,unmatched_other,,,,4240.032910317664,unassigned,OGLE-2012-BLG-0563L,,,,Position candidates require review; component identity is preserved.
OGLE-2012-BLG-0724L,1,unmatched_other,,,,21852.477307021803,unassigned,OGLE-2012-BLG-0724L,,,,Position candidates require review; component identity is preserved.
OGLE-2012-BLG-0838L,1,unmatched_other,,,,20613.08307169818,unassigned,OGLE-2012-BLG-0838L,,,,Position candidates require review; component identity is preserved.
OGLE-2012-BLG-0950L,1,unmatched_other,,,,8480.065820635327,unassigned,OGLE-2012-BLG-0950L,,,,Position candidates require review; component identity is preserved.
OGLE-2013-BLG-0102L,1,unmatched_other,,,,9915.153882588997,unassigned,OGLE-2013-BLG-0102L,,,,Position candidates require review; component identity is preserved.
OGLE-2013-BLG-0132L,1,unmatched_other,,,,12720.09873095299,unassigned,OGLE-2013-BLG-0132L,,,,Position candidates require review; component identity is preserved.
OGLE-2013-BLG-0341L B,1,unmatched_other,,,,2971.284600999532,unassigned,OGLE-2013-BLG-0341L B,,,,Position candidates require review; component identity is preserved.
OGLE-2013-BLG-0911L,1,unmatched_other,,,,10502.235362479136,unassigned,OGLE-2013-BLG-0911L,,,,Position candidates require review; component identity is preserved.
OGLE-2013-BLG-1721L,1,unmatched_other,,,,20547.85179615483,unassigned,OGLE-2013-BLG-1721L,,,,Position candidates require review; component identity is preserved.
OGLE-2013-BLG-1761L,1,unmatched_other,,,,22504.79006245529,unassigned,OGLE-2013-BLG-1761L,,,,Position candidates require review; component identity is preserved.
OGLE-2014-BLG-0124L,1,unmatched_other,,,,11415.473220086016,unassigned,OGLE-2014-BLG-0124L,,,,Position candidates require review; component identity is preserved.
OGLE-2014-BLG-0221L,1,unmatched_other,,,,12002.554699976154,unassigned,OGLE-2014-BLG-0221L,,,,Position candidates require review; component identity is preserved.
OGLE-2014-BLG-0319L,1,unmatched_other,,,,25211.88799750426,unassigned,OGLE-2014-BLG-0319L,,,,Position candidates require review; component identity is preserved.
OGLE-2014-BLG-0676L,1,unmatched_other,,,,6131.739901074775,unassigned,OGLE-2014-BLG-0676L,,,,Position candidates require review; component identity is preserved.
OGLE-2014-BLG-1722L,2,unmatched_other,,,,20874.008173871574,unassigned,OGLE-2014-BLG-1722L,,,,Position candidates require review; component identity is preserved.
OGLE-2014-BLG-1760L,1,unmatched_other,,,,23013.59401169341,unassigned,OGLE-2014-BLG-1760L,,,,Position candidates require review; component identity is preserved.
OGLE-2015-BLG-0051L,1,unmatched_other,,,,26744.822972772952,unassigned,OGLE-2015-BLG-0051L,,,,Position candidates require review; component identity is preserved.
OGLE-2015-BLG-0954L,1,unmatched_other,,,,3913.8765326009197,unassigned,OGLE-2015-BLG-0954L,,,,Position candidates require review; component identity is preserved.
OGLE-2015-BLG-0966L,1,unmatched_other,,,,10763.16046465253,unassigned,OGLE-2015-BLG-0966L,,,,Position candidates require review; component identity is preserved.
OGLE-2015-BLG-1609L,1,unmatched_other,,,,10763.16046465253,unassigned,OGLE-2015-BLG-1609L,,,,Position candidates require review; component identity is preserved.
OGLE-2015-BLG-1649L,1,unmatched_other,,,,13796.414777418242,unassigned,OGLE-2015-BLG-1649L,,,,Position candidates require review; component identity is preserved.
OGLE-2015-BLG-1670L,1,unmatched_other,,,,21852.477307021803,unassigned,OGLE-2015-BLG-1670L,,,,Position candidates require review; component identity is preserved.
OGLE-2015-BLG-1771L,1,unmatched_other,,,,23059.255904573754,unassigned,OGLE-2015-BLG-1771L,,,,Position candidates require review; component identity is preserved.
OGLE-2016-BLG-0007L,1,unmatched_other,,,,14024.724241819964,unassigned,OGLE-2016-BLG-0007L,,,,Position candidates require review; component identity is preserved.
OGLE-2016-BLG-0261L,1,unmatched_other,,,,25603.27565076435,unassigned,OGLE-2016-BLG-0261L,,,,Position candidates require review; component identity is preserved.
OGLE-2016-BLG-0263L,1,unmatched_other,,,,21200.164551588317,unassigned,OGLE-2016-BLG-0263L,,,,Position candidates require review; component identity is preserved.
OGLE-2016-BLG-0613L AB,1,unmatched_other,,,,11121.932480140948,unassigned,OGLE-2016-BLG-0613L AB,,,,Position candidates require review; component identity is preserved.
OGLE-2016-BLG-1067L,1,unmatched_other,,,,12165.632888834527,unassigned,OGLE-2016-BLG-1067L,,,,Position candidates require review; component identity is preserved.
OGLE-2016-BLG-1093L,1,unmatched_other,,,,26483.897870599558,unassigned,OGLE-2016-BLG-1093L,,,,Position candidates require review; component identity is preserved.
OGLE-2016-BLG-1190L,1,unmatched_other,,,,22080.78677142352,unassigned,OGLE-2016-BLG-1190L,,,,Position candidates require review; component identity is preserved.
OGLE-2016-BLG-1195L,1,unmatched_other,,,,12752.714368724664,unassigned,OGLE-2016-BLG-1195L,,,,Position candidates require review; component identity is preserved.
OGLE-2016-BLG-1227L,1,unmatched_other,,,,,unassigned,OGLE-2016-BLG-1227L,,,,Position candidates require review; component identity is preserved.
OGLE-2016-BLG-1266L,1,unmatched_other,,,,10045.616433675694,unassigned,OGLE-2016-BLG-1266L,,,,Position candidates require review; component identity is preserved.
OGLE-2016-BLG-1598L,1,unmatched_other,,,,19275.841923059532,unassigned,OGLE-2016-BLG-1598L,,,,Position candidates require review; component identity is preserved.
OGLE-2016-BLG-1800L,1,unmatched_other,,,,21134.93327604497,unassigned,OGLE-2016-BLG-1800L,,,,Position candidates require review; component identity is preserved.
OGLE-2017-BLG-0173L,1,unmatched_other,,,,15345.657571572774,unassigned,OGLE-2017-BLG-0173L,,,,Position candidates require review; component identity is preserved.
OGLE-2017-BLG-0364L,1,unmatched_other,,,,25635.891288536026,unassigned,OGLE-2017-BLG-0364L,,,,Position candidates require review; component identity is preserved.
OGLE-2017-BLG-0373L,1,unmatched_other,,,,19292.149741945366,unassigned,OGLE-2017-BLG-0373L,,,,Position candidates require review; component identity is preserved.
OGLE-2017-BLG-0406L,1,unmatched_other,,,,16960.131641270655,unassigned,OGLE-2017-BLG-0406L,,,,Position candidates require review; component identity is preserved.
OGLE-2017-BLG-0448L,1,unmatched_other,,,,24559.575242070772,unassigned,OGLE-2017-BLG-0448L,,,,Position candidates require review; component identity is preserved.
OGLE-2017-BLG-0482L,1,unmatched_other,,,,18917.069907571113,unassigned,OGLE-2017-BLG-0482L,,,,Position candidates require review; component identity is preserved.
OGLE-2017-BLG-0604L,1,unmatched_other,,,,12883.176919811362,unassigned,OGLE-2017-BLG-0604L,,,,Position candidates require review; component identity is preserved.
OGLE-2017-BLG-0640L,1,unmatched_other,,,,21624.16784262008,unassigned,OGLE-2017-BLG-0640L,,,,Position candidates require review; component identity is preserved.
OGLE-2017-BLG-1049L,1,unmatched_other,,,,18493.066616539345,unassigned,OGLE-2017-BLG-1049L,,,,Position candidates require review; component identity is preserved.
OGLE-2017-BLG-1099L,1,unmatched_other,,,,23646.33738446389,unassigned,OGLE-2017-BLG-1099L,,,,Position candidates require review; component identity is preserved.
OGLE-2017-BLG-1140L,1,unmatched_other,,,,,unassigned,OGLE-2017-BLG-1140L,,,,Position candidates require review; component identity is preserved.
OGLE-2017-BLG-1237L,1,unmatched_other,,,,19667.229576319623,unassigned,OGLE-2017-BLG-1237L,,,,Position candidates require review; component identity is preserved.
OGLE-2017-BLG-1275L,1,unmatched_other,,,,25081.42544641756,unassigned,OGLE-2017-BLG-1275L,,,,Position candidates require review; component identity is preserved.
OGLE-2017-BLG-1375L,1,unmatched_other,,,,12817.945644268013,unassigned,OGLE-2017-BLG-1375L,,,,Position candidates require review; component identity is preserved.
OGLE-2017-BLG-1434L,1,unmatched_other,,,,2804.9448483639926,unassigned,OGLE-2017-BLG-1434L,,,,Position candidates require review; component identity is preserved.
OGLE-2017-BLG-1522L,1,unmatched_other,,,,24429.112690984075,unassigned,OGLE-2017-BLG-1522L,,,,Position candidates require review; component identity is preserved.
OGLE-2017-BLG-1691L,1,unmatched_other,,,,23776.79993555059,unassigned,OGLE-2017-BLG-1691L,,,,Position candidates require review; component identity is preserved.
OGLE-2017-BLG-1806L,1,unmatched_other,,,,20874.008173871574,unassigned,OGLE-2017-BLG-1806L,,,,Position candidates require review; component identity is preserved.
OGLE-2018-BLG-0298L,1,unmatched_other,,,,21330.627102675015,unassigned,OGLE-2018-BLG-0298L,,,,Position candidates require review; component identity is preserved.
OGLE-2018-BLG-0383L,1,unmatched_other,,,,25114.041084189237,unassigned,OGLE-2018-BLG-0383L,,,,Position candidates require review; component identity is preserved.
OGLE-2018-BLG-0506L,1,unmatched_other,,,,18264.757152137627,unassigned,OGLE-2018-BLG-0506L,,,,Position candidates require review; component identity is preserved.
OGLE-2018-BLG-0516L,1,unmatched_other,,,,22830.946440172032,unassigned,OGLE-2018-BLG-0516L,,,,Position candidates require review; component identity is preserved.
OGLE-2018-BLG-0532L,1,unmatched_other,,,,2521.188799750426,unassigned,OGLE-2018-BLG-0532L,,,,Position candidates require review; component identity is preserved.
OGLE-2018-BLG-0567L,1,unmatched_other,,,,23026.64026680208,unassigned,OGLE-2018-BLG-0567L,,,,Position candidates require review; component identity is preserved.
OGLE-2018-BLG-0596L,1,unmatched_other,,,,18427.835340995996,unassigned,OGLE-2018-BLG-0596L,,,,Position candidates require review; component identity is preserved.
OGLE-2018-BLG-0677L,1,unmatched_other,,,,24722.653430929146,unassigned,OGLE-2018-BLG-0677L,,,,Position candidates require review; component identity is preserved.
OGLE-2018-BLG-0740L,1,unmatched_other,,,,10437.004086935787,unassigned,OGLE-2018-BLG-0740L,,,,Position candidates require review; component identity is preserved.
OGLE-2018-BLG-0799L,1,unmatched_other,,,,13209.333297528105,unassigned,OGLE-2018-BLG-0799L,,,,Position candidates require review; component identity is preserved.
OGLE-2018-BLG-0932L,1,unmatched_other,,,,21591.55220484841,unassigned,OGLE-2018-BLG-0932L,,,,Position candidates require review; component identity is preserved.
OGLE-2018-BLG-0962L,1,unmatched_other,,,,21200.164551588317,unassigned,OGLE-2018-BLG-0962L,,,,Position candidates require review; component identity is preserved.
OGLE-2018-BLG-0977L,1,unmatched_other,,,,21200.164551588317,unassigned,OGLE-2018-BLG-0977L,,,,Position candidates require review; component identity is preserved.
OGLE-2018-BLG-1011L,2,unmatched_other,,,,23157.102817888775,unassigned,OGLE-2018-BLG-1011L,,,,Position candidates require review; component identity is preserved.
OGLE-2018-BLG-1119L,1,unmatched_other,,,,18786.607356484416,unassigned,OGLE-2018-BLG-1119L,,,,Position candidates require review; component identity is preserved.
OGLE-2018-BLG-1126L,1,unmatched_other,,,,18590.91352985437,unassigned,OGLE-2018-BLG-1126L,,,,Position candidates require review; component identity is preserved.
OGLE-2018-BLG-1185L,1,unmatched_other,,,,24135.571951039008,unassigned,OGLE-2018-BLG-1185L,,,,Position candidates require review; component identity is preserved.
OGLE-2018-BLG-1212L,1,unmatched_other,,,,5055.423854609521,unassigned,OGLE-2018-BLG-1212L,,,,Position candidates require review; component identity is preserved.
OGLE-2018-BLG-1269L,1,unmatched_other,,,,8186.525080690258,unassigned,OGLE-2018-BLG-1269L,,,,Position candidates require review; component identity is preserved.
OGLE-2018-BLG-1367L,1,unmatched_other,,,,17514.597483389116,unassigned,OGLE-2018-BLG-1367L,,,,Position candidates require review; component identity is preserved.
OGLE-2018-BLG-1428L,1,unmatched_other,,,,20286.926693981433,unassigned,OGLE-2018-BLG-1428L,,,,Position candidates require review; component identity is preserved.
OGLE-2018-BLG-1647L,1,unmatched_other,,,,25701.122564079375,unassigned,OGLE-2018-BLG-1647L,,,,Position candidates require review; component identity is preserved.
OGLE-2018-BLG-1700L,1,unmatched_other,,,,24787.884706472494,unassigned,OGLE-2018-BLG-1700L,,,,Position candidates require review; component identity is preserved.
OGLE-2019-BLG-0249L,1,unmatched_other,,,,20776.16126055655,unassigned,OGLE-2019-BLG-0249L,,,,Position candidates require review; component identity is preserved.
OGLE-2019-BLG-0299L,1,unmatched_other,,,,19014.916820886137,unassigned,OGLE-2019-BLG-0299L,,,,Position candidates require review; component identity is preserved.
OGLE-2019-BLG-0304L,1,unmatched_other,,,,22765.715164628684,unassigned,OGLE-2019-BLG-0304L,,,,Position candidates require review; component identity is preserved.
OGLE-2019-BLG-0362L,1,unmatched_other,,,,19014.916820886137,unassigned,OGLE-2019-BLG-0362L,,,,Position candidates require review; component identity is preserved.
OGLE-2019-BLG-0468L,2,unmatched_other,,,,14350.880619536707,unassigned,OGLE-2019-BLG-0468L,,,,Position candidates require review; component identity is preserved.
OGLE-2019-BLG-0679L,1,unmatched_other,,,,18362.604065452648,unassigned,OGLE-2019-BLG-0679L,,,,Position candidates require review; component identity is preserved.
OGLE-2019-BLG-0954L,1,unmatched_other,,,,11839.476511117782,unassigned,OGLE-2019-BLG-0954L,,,,Position candidates require review; component identity is preserved.
OGLE-2019-BLG-0960L,1,unmatched_other,,,,3196.3325016240847,unassigned,OGLE-2019-BLG-0960L,,,,Position candidates require review; component identity is preserved.
OGLE-2019-BLG-1053L,1,unmatched_other,,,,22178.633684738546,unassigned,OGLE-2019-BLG-1053L,,,,Position candidates require review; component identity is preserved.
OGLE-2019-BLG-1180L,1,unmatched_other,,,,19797.69212740632,unassigned,OGLE-2019-BLG-1180L,,,,Position candidates require review; component identity is preserved.
OGLE-2019-BLG-1470L A,1,unmatched_other,,,,19243.226285287856,unassigned,OGLE-2019-BLG-1470L A,,,,Position candidates require review; component identity is preserved.
OGLE-2019-BLG-1492L,1,unmatched_other,,,,18264.757152137627,unassigned,OGLE-2019-BLG-1492L,,,,Position candidates require review; component identity is preserved.
OGLE-2023-BLG-0766L,1,unmatched_other,,,,24135.571951039008,unassigned,OGLE-2023-BLG-0766L,,,,Position candidates require review; component identity is preserved.
OGLE-2023-BLG-0836L,1,unmatched_other,,,,16699.206539097257,unassigned,OGLE-2023-BLG-0836L,,,,Position candidates require review; component identity is preserved.
OGLE-TR-10,1,unmatched_other,,,,4386.705433376883,unassigned,OGLE-TR-10,,,,Position candidates require review; component identity is preserved.
OGLE-TR-111,1,unmatched_other,,,,3484.4264300612836,unassigned,OGLE-TR-111,,,,Position candidates require review; component identity is preserved.
OGLE-TR-113,1,unmatched_other,,,,1847.5421556504868,unassigned,OGLE-TR-113,,,,Position candidates require review; component identity is preserved.
OGLE-TR-132,1,unmatched_other,,,,6564.28848920272,unassigned,OGLE-TR-132,,,,Position candidates require review; component identity is preserved.
OGLE-TR-182,1,unmatched_other,,,,8159.617179528626,unassigned,OGLE-TR-182,,,,Position candidates require review; component identity is preserved.
OGLE-TR-211,1,unmatched_other,,,,4942.117128990725,unassigned,OGLE-TR-211,,,,Position candidates require review; component identity is preserved.
OGLE-TR-56,1,unmatched_other,,,,,unassigned,OGLE-TR-56,,,,Position candidates require review; component identity is preserved.
OGLE2-TR-L9,1,unmatched_other,,,,5308.6190506310295,unassigned,OGLE2-TR-L9,,,,Position candidates require review; component identity is preserved.
Oph 11,1,unmatched_other,,,,,unassigned,Oph 11,,,,Position candidates require review; component identity is preserved.
PDS 70,2,unmatched_other,,,,368.76544690165866,unassigned,PDS 70,,,,Position candidates require review; component identity is preserved.
PH1,1,unmatched_other,,,,3369.717232018306,unassigned,PH1,,,,Position candidates require review; component identity is preserved.
PH2,1,unmatched_other,,,,1121.531105108125,unassigned,PH2,,,,Position candidates require review; component identity is preserved.
POTS-1,1,unmatched_other,,,,2439.515981206376,unassigned,POTS-1,,,,Position candidates require review; component identity is preserved.
PSR B0329+54,1,unmatched_other,,,,,unassigned,PSR B0329+54,,,,Position candidates require review; component identity is preserved.
PSR B1257+12,3,unmatched_other,,,,1956.9382663004599,unassigned,PSR B1257+12,,,,Position candidates require review; component identity is preserved.
PSR B1620-26,1,unmatched_other,,,,,unassigned,PSR B1620-26,,,,Position candidates require review; component identity is preserved.
PSR J1719-1438,1,unmatched_other,,,,3913.8765326009197,unassigned,PSR J1719-1438,,,,Position candidates require review; component identity is preserved.
PSR J2322-2650,1,unmatched_other,,,,750.1596687485096,unassigned,PSR J2322-2650,,,,Position candidates require review; component identity is preserved.
PZ Tel,1,matched_outside_radius,92390,HIP 92680,167.94868204681578,153.50484685962982,catalog identifier,PZ Tel,1.3727843708530527,8.60014798041687,,
Pr0201,1,unmatched_other,,,,589.1688807075251,unassigned,Pr0201,,,,Position candidates require review; component identity is preserved.
Pr0211,2,unmatched_other,,,,595.9333639813703,unassigned,Pr0211,,,,Position candidates require review; component identity is preserved.
Proxima Cen,2,matched_selected,70666,Proxima Centauri,4.226660498831277,4.243914171212492,verified alias,HIP 70890; https://simbad.u-strasbg.fr/simbad/sim-id?Ident=Proxima+Centauri; Abbreviated constellation in NASA host name,77.43868236855394,0.40821051007022274,,
Qatar-1,1,unmatched_other,,,,605.3951604989331,unassigned,Qatar-1,,,,Position candidates require review; component identity is preserved.
Qatar-10,1,unmatched_other,,,,1823.4359377734424,unassigned,Qatar-10,,,,Position candidates require review; component identity is preserved.
Qatar-2,1,unmatched_other,,,,591.5628685199661,unassigned,Qatar-2,,,,Position candidates require review; component identity is preserved.
Qatar-3,1,unmatched_other,,,,2399.209576048141,unassigned,Qatar-3,,,,Position candidates require review; component identity is preserved.
Qatar-4,1,unmatched_other,,,,1073.1718989840635,unassigned,Qatar-4,,,,Position candidates require review; component identity is preserved.
Qatar-5,1,unmatched_other,,,,1199.1400151858243,unassigned,Qatar-5,,,,Position candidates require review; component identity is preserved.
Qatar-6,1,unmatched_other,,,,328.9221837997813,unassigned,Qatar-6,,,,Position candidates require review; component identity is preserved.
Qatar-7,1,unmatched_other,,,,2302.6020569684415,unassigned,Qatar-7,,,,Position candidates require review; component identity is preserved.
Qatar-8,1,unmatched_other,,,,918.1236801450781,unassigned,Qatar-8,,,,Position candidates require review; component identity is preserved.
Qatar-9,1,unmatched_other,,,,697.2277502088593,unassigned,Qatar-9,,,,Position candidates require review; component identity is preserved.
ROXs 12,1,unmatched_other,,,,445.6926901499298,unassigned,ROXs 12,,,,Position candidates require review; component identity is preserved.
ROXs 42 B,1,unmatched_other,,,,468.32794276347175,unassigned,ROXs 42 B,,,,Position candidates require review; component identity is preserved.
RR Cae,1,matched_selected,118293,GJ 2034,26.51683966474895,69.11775494022139,verified alias,GJ 2034; https://simbad.u-strasbg.fr/simbad/sim-basic?Ident=rr+cae&submit=SIMBAD+search; Unresolved binary system entry; HYG distance differs substantially from NASA,49.78179982440189,160.65608049101488,,Catalog distances differ by >20%; HYG controls selection.
Ross 128,1,matched_selected,57375,Ross 128,10.943524941529889,11.00627742860259,catalog identifier,Ross 128,21.18691149339237,0.5734211545912414,,
Ross 176,1,unmatched_other,,,,151.49572357289466,unassigned,Ross 176,,,,Position candidates require review; component identity is preserved.
Ross 458,1,unmatched_other,,,,37.538642136930854,unassigned,Ross 458,,,,Position candidates require review; component identity is preserved.
Ross 508,1,unmatched_other,,,,36.563108411180075,unassigned,Ross 508,,,,Position candidates require review; component identity is preserved.
SPECULOOS-3,1,unmatched_other,,,,,unassigned,SPECULOOS-3,,,,Position candidates require review; component identity is preserved.
SR 12 AB,1,unmatched_other,,,,,unassigned,SR 12 AB,,,,Position candidates require review; component identity is preserved.
SWEEPS-11,1,unmatched_other,,,,,unassigned,SWEEPS-11,,,,Position candidates require review; component identity is preserved.
SWEEPS-4,1,unmatched_other,,,,,unassigned,SWEEPS-4,,,,Position candidates require review; component identity is preserved.
TAP 26,1,unmatched_other,,,,395.96036567568075,unassigned,TAP 26,,,,Position candidates require review; component identity is preserved.
TCP J05074264+2447555,1,unmatched_other,,,,1647.0897074695538,unassigned,TCP J05074264+2447555,,,,Position candidates require review; component identity is preserved.
TIC 117642575,1,unmatched_other,,,,615.6462554505704,unassigned,TIC 117642575,,,,Position candidates require review; component identity is preserved.
TIC 139270665,2,unmatched_other,,,,619.2894221896664,unassigned,TIC 139270665,,,,Position candidates require review; component identity is preserved.
TIC 139702105,1,unmatched_other,,,,299.3737206041552,unassigned,TIC 139702105,,,,Position candidates require review; component identity is preserved.
TIC 142589416,1,unmatched_other,,,,550.985753568226,unassigned,TIC 142589416,,,,Position candidates require review; component identity is preserved.
TIC 147027702,1,unmatched_other,,,,1491.14129702807,unassigned,TIC 147027702,,,,Position candidates require review; component identity is preserved.
TIC 150070085,1,unmatched_other,,,,666.559266012154,unassigned,TIC 150070085,,,,Position candidates require review; component identity is preserved.
TIC 153919886,1,unmatched_other,,,,431.60273463256647,unassigned,TIC 153919886,,,,Position candidates require review; component identity is preserved.
TIC 154870955,1,unmatched_other,,,,738.6235176686685,unassigned,TIC 154870955,,,,Position candidates require review; component identity is preserved.
TIC 160113658,1,unmatched_other,,,,652.8215593827248,unassigned,TIC 160113658,,,,Position candidates require review; component identity is preserved.
TIC 161045582,1,unmatched_other,,,,529.1756765903074,unassigned,TIC 161045582,,,,Position candidates require review; component identity is preserved.
TIC 172900988 Aa,1,unmatched_other,,,,818.5089992628303,unassigned,TIC 172900988 Aa,,,,Position candidates require review; component identity is preserved.
TIC 178172313,1,unmatched_other,,,,581.0051865732751,unassigned,TIC 178172313,,,,Position candidates require review; component identity is preserved.
TIC 183374187,1,unmatched_other,,,,3942.415215651135,unassigned,TIC 183374187,,,,Position candidates require review; component identity is preserved.
TIC 188624430,1,unmatched_other,,,,980.8924750366654,unassigned,TIC 188624430,,,,Position candidates require review; component identity is preserved.
TIC 18942729,1,unmatched_other,,,,375.6310386525961,unassigned,TIC 18942729,,,,Position candidates require review; component identity is preserved.
TIC 198190129,1,unmatched_other,,,,424.11744576396717,unassigned,TIC 198190129,,,,Position candidates require review; component identity is preserved.
TIC 206466666,1,unmatched_other,,,,416.9485285817532,unassigned,TIC 206466666,,,,Position candidates require review; component identity is preserved.
TIC 231949697,1,unmatched_other,,,,163.86357341591358,unassigned,TIC 231949697,,,,Position candidates require review; component identity is preserved.
TIC 237913194,1,unmatched_other,,,,998.2439943311961,unassigned,TIC 237913194,,,,Position candidates require review; component identity is preserved.
TIC 241249530,1,unmatched_other,,,,1058.2078443744194,unassigned,TIC 241249530,,,,Position candidates require review; component identity is preserved.
TIC 245076932,1,unmatched_other,,,,991.384925707813,unassigned,TIC 245076932,,,,Position candidates require review; component identity is preserved.
TIC 24750448,2,unmatched_other,,,,581.0345406472695,unassigned,TIC 24750448,,,,Position candidates require review; component identity is preserved.
TIC 249022743,1,unmatched_other,,,,1293.0795750958005,unassigned,TIC 249022743,,,,Position candidates require review; component identity is preserved.
TIC 257060897,1,unmatched_other,,,,1649.3825868049025,unassigned,TIC 257060897,,,,Position candidates require review; component identity is preserved.
TIC 260969020,1,unmatched_other,,,,395.3732841957906,unassigned,TIC 260969020,,,,Position candidates require review; component identity is preserved.
TIC 270471727,1,unmatched_other,,,,593.9438100772983,unassigned,TIC 270471727,,,,Position candidates require review; component identity is preserved.
TIC 279401253,2,unmatched_other,,,,931.4504297385843,unassigned,TIC 279401253,,,,Position candidates require review; component identity is preserved.
TIC 290487717,1,unmatched_other,,,,1290.1898295892304,unassigned,TIC 290487717,,,,Position candidates require review; component identity is preserved.
TIC 294329732,1,unmatched_other,,,,617.5216546224416,unassigned,TIC 294329732,,,,Position candidates require review; component identity is preserved.
TIC 32032563,1,unmatched_other,,,,1656.4112567446984,unassigned,TIC 32032563,,,,Position candidates require review; component identity is preserved.
TIC 320419023,1,unmatched_other,,,,942.2429442772312,unassigned,TIC 320419023,,,,Position candidates require review; component identity is preserved.
TIC 34085383,1,unmatched_other,,,,486.36439045120767,unassigned,TIC 34085383,,,,Position candidates require review; component identity is preserved.
TIC 349520724,1,unmatched_other,,,,786.3793344939539,unassigned,TIC 349520724,,,,Position candidates require review; component identity is preserved.
TIC 356227008,1,unmatched_other,,,,1264.2114741040916,unassigned,TIC 356227008,,,,Position candidates require review; component identity is preserved.
TIC 365102760,1,unmatched_other,,,,1811.948710150259,unassigned,TIC 365102760,,,,Position candidates require review; component identity is preserved.
TIC 38825265,1,unmatched_other,,,,540.2389009224594,unassigned,TIC 38825265,,,,Position candidates require review; component identity is preserved.
TIC 38828280,1,unmatched_other,,,,934.1607892374104,unassigned,TIC 38828280,,,,Position candidates require review; component identity is preserved.
TIC 390586021,1,unmatched_other,,,,373.63822318474683,unassigned,TIC 390586021,,,,Position candidates require review; component identity is preserved.
TIC 393818343,1,unmatched_other,,,,305.72104987090074,unassigned,TIC 393818343,,,,Position candidates require review; component identity is preserved.
TIC 423703298,1,unmatched_other,,,,444.1956323762099,unassigned,TIC 423703298,,,,Position candidates require review; component identity is preserved.
TIC 434398831,2,unmatched_other,,,,707.7952168468819,unassigned,TIC 434398831,,,,Position candidates require review; component identity is preserved.
TIC 437041147,1,unmatched_other,,,,804.301627449489,unassigned,TIC 437041147,,,,Position candidates require review; component identity is preserved.
TIC 445839811,1,unmatched_other,,,,768.6038119083915,unassigned,TIC 445839811,,,,Position candidates require review; component identity is preserved.
TIC 46432937,1,unmatched_other,,,,295.2918735370302,unassigned,TIC 46432937,,,,Position candidates require review; component identity is preserved.
TIC 4672985,1,unmatched_other,,,,826.43133767757,unassigned,TIC 4672985,,,,Position candidates require review; component identity is preserved.
TIC 52059926,1,unmatched_other,,,,706.3927444226998,unassigned,TIC 52059926,,,,Position candidates require review; component identity is preserved.
TIC 62895484,1,unmatched_other,,,,961.694910644258,unassigned,TIC 62895484,,,,Position candidates require review; component identity is preserved.
TIC 65612701,1,unmatched_other,,,,494.5313461492349,unassigned,TIC 65612701,,,,Position candidates require review; component identity is preserved.
TIC 67686059,1,unmatched_other,,,,812.7914779614559,unassigned,TIC 67686059,,,,Position candidates require review; component identity is preserved.
TIC 77319217,1,unmatched_other,,,,872.8596980455485,unassigned,TIC 77319217,,,,Position candidates require review; component identity is preserved.
TIC 77552382,1,unmatched_other,,,,1217.9168378509771,unassigned,TIC 77552382,,,,Position candidates require review; component identity is preserved.
TIC 86380416,1,unmatched_other,,,,798.0394249973276,unassigned,TIC 86380416,,,,Position candidates require review; component identity is preserved.
TIC 87422071,1,unmatched_other,,,,1254.9127557753873,unassigned,TIC 87422071,,,,Position candidates require review; component identity is preserved.
TIC 88692598,1,unmatched_other,,,,239.8090859672573,unassigned,TIC 88692598,,,,Position candidates require review; component identity is preserved.
TIC 88785435,1,unmatched_other,,,,399.1697444324135,unassigned,TIC 88785435,,,,Position candidates require review; component identity is preserved.
TIC 9344899,1,unmatched_other,,,,1735.8955659942685,unassigned,TIC 9344899,,,,Position candidates require review; component identity is preserved.
TOI-1011,1,unmatched_other,,,,171.62348595455032,unassigned,TOI-1011,,,,Position candidates require review; component identity is preserved.
TOI-1036,1,unmatched_other,,,,600.1766584554651,unassigned,TOI-1036,,,,Position candidates require review; component identity is preserved.
TOI-1052,2,unmatched_other,,,,423.36402453144154,unassigned,TOI-1052,,,,Position candidates require review; component identity is preserved.
TOI-1054,1,unmatched_other,,,,288.43410953915793,unassigned,TOI-1054,,,,Position candidates require review; component identity is preserved.
TOI-1062,2,unmatched_other,,,,268.01345873031266,unassigned,TOI-1062,,,,Position candidates require review; component identity is preserved.
TOI-1064,2,unmatched_other,,,,222.0231263776078,unassigned,TOI-1064,,,,Position candidates require review; component identity is preserved.
TOI-1075,1,unmatched_other,,,,200.45310049368874,unassigned,TOI-1075,,,,Position candidates require review; component identity is preserved.
TOI-1080,1,unmatched_other,,,,83.36230858062243,unassigned,TOI-1080,,,,Position candidates require review; component identity is preserved.
TOI-1105,1,unmatched_other,,,,259.3677054697972,unassigned,TOI-1105,,,,Position candidates require review; component identity is preserved.
TOI-1107,1,unmatched_other,,,,917.5235524100794,unassigned,TOI-1107,,,,Position candidates require review; component identity is preserved.
TOI-1117,3,unmatched_other,,,,546.6315659257075,unassigned,TOI-1117,,,,Position candidates require review; component identity is preserved.
TOI-1130,2,unmatched_other,,,,190.02164106517412,unassigned,TOI-1130,,,,Position candidates require review; component identity is preserved.
TOI-1135,1,unmatched_other,,,,371.9748256583914,unassigned,TOI-1135,,,,Position candidates require review; component identity is preserved.
TOI-1136,6,unmatched_other,,,,275.72020777938155,unassigned,TOI-1136,,,,Position candidates require review; component identity is preserved.
TOI-1173,1,unmatched_other,,,,431.6777505994413,unassigned,TOI-1173,,,,Position candidates require review; component identity is preserved.
TOI-1174,1,unmatched_other,,,,308.666241961683,unassigned,TOI-1174,,,,Position candidates require review; component identity is preserved.
TOI-1180,1,unmatched_other,,,,234.91021717395176,unassigned,TOI-1180,,,,Position candidates require review; component identity is preserved.
TOI-1181,1,unmatched_other,,,,987.663481438065,unassigned,TOI-1181,,,,Position candidates require review; component identity is preserved.
TOI-1184,1,unmatched_other,,,,191.1100248976149,unassigned,TOI-1184,,,,Position candidates require review; component identity is preserved.
TOI-1194,1,unmatched_other,,,,488.14846583731827,unassigned,TOI-1194,,,,Position candidates require review; component identity is preserved.
TOI-1199,1,unmatched_other,,,,810.2605044703739,unassigned,TOI-1199,,,,Position candidates require review; component identity is preserved.
TOI-1201,1,unmatched_other,,,,123.57119298192025,unassigned,TOI-1201,,,,Position candidates require review; component identity is preserved.
TOI-1203,4,unmatched_other,,,,211.9830546023533,unassigned,TOI-1203,,,,Position candidates require review; component identity is preserved.
TOI-122,1,unmatched_other,,,,202.60181871008663,unassigned,TOI-122,,,,Position candidates require review; component identity is preserved.
TOI-1221,1,unmatched_other,,,,451.4363039615216,unassigned,TOI-1221,,,,Position candidates require review; component identity is preserved.
TOI-1224,2,unmatched_other,,,,121.75808967819289,unassigned,TOI-1224,,,,Position candidates require review; component identity is preserved.
TOI-1226,1,unmatched_other,,,,841.2551450447961,unassigned,TOI-1226,,,,Position candidates require review; component identity is preserved.
TOI-1227,1,unmatched_other,,,,328.24704009790764,unassigned,TOI-1227,,,,Position candidates require review; component identity is preserved.
TOI-1230,1,unmatched_other,,,,466.8537159361921,unassigned,TOI-1230,,,,Position candidates require review; component identity is preserved.
TOI-1231,1,unmatched_other,,,,90.09319774756285,unassigned,TOI-1231,,,,Position candidates require review; component identity is preserved.
TOI-1232,2,unmatched_other,,,,1071.7629034323272,unassigned,TOI-1232,,,,Position candidates require review; component identity is preserved.
TOI-1235,1,unmatched_other,,,,129.27044952614264,unassigned,TOI-1235,,,,Position candidates require review; component identity is preserved.
TOI-1238,2,unmatched_other,,,,230.63985172050647,unassigned,TOI-1238,,,,Position candidates require review; component identity is preserved.
TOI-1243,1,unmatched_other,,,,140.85552406264136,unassigned,TOI-1243,,,,Position candidates require review; component identity is preserved.
TOI-1244,1,unmatched_other,,,,334.47662691229743,unassigned,TOI-1244,,,,Position candidates require review; component identity is preserved.
TOI-1246,4,unmatched_other,,,,552.5806582552609,unassigned,TOI-1246,,,,Position candidates require review; component identity is preserved.
TOI-1248,1,unmatched_other,,,,550.3399639403469,unassigned,TOI-1248,,,,Position candidates require review; component identity is preserved.
TOI-1249,1,unmatched_other,,,,454.9555312770853,unassigned,TOI-1249,,,,Position candidates require review; component identity is preserved.
TOI-125,3,unmatched_other,,,,362.226011528438,unassigned,TOI-125,,,,Position candidates require review; component identity is preserved.
TOI-1259 A,1,unmatched_other,,,,385.21025146613687,unassigned,TOI-1259 A,,,,Position candidates require review; component identity is preserved.
TOI-1260,3,unmatched_other,,,,240.04359240283563,unassigned,TOI-1260,,,,Position candidates require review; component identity is preserved.
TOI-1266,3,unmatched_other,,,,117.45478243059817,unassigned,TOI-1266,,,,Position candidates require review; component identity is preserved.
TOI-1268,1,unmatched_other,,,,357.3271427351325,unassigned,TOI-1268,,,,Position candidates require review; component identity is preserved.
TOI-1269,2,unmatched_other,,,,561.4390654740477,unassigned,TOI-1269,,,,Position candidates require review; component identity is preserved.
TOI-1272,1,unmatched_other,,,,448.6998519524781,unassigned,TOI-1272,,,,Position candidates require review; component identity is preserved.
TOI-1273,1,unmatched_other,,,,577.6816530843414,unassigned,TOI-1273,,,,Position candidates require review; component identity is preserved.
TOI-1278,1,unmatched_other,,,,246.49561786682824,unassigned,TOI-1278,,,,Position candidates require review; component identity is preserved.
TOI-1279,1,unmatched_other,,,,349.1667101646596,unassigned,TOI-1279,,,,Position candidates require review; component identity is preserved.
TOI-128,1,unmatched_other,,,,223.32807804485253,unassigned,TOI-128,,,,Position candidates require review; component identity is preserved.
TOI-1288,2,unmatched_other,,,,374.6395232643372,unassigned,TOI-1288,,,,Position candidates require review; component identity is preserved.
TOI-1291,1,unmatched_other,,,,1396.350468972253,unassigned,TOI-1291,,,,Position candidates require review; component identity is preserved.
TOI-1294,2,unmatched_other,,,,1084.9526673471923,unassigned,TOI-1294,,,,Position candidates require review; component identity is preserved.
TOI-1295,1,unmatched_other,,,,1266.227120518381,unassigned,TOI-1295,,,,Position candidates require review; component identity is preserved.
TOI-1296,1,unmatched_other,,,,1054.3494144260303,unassigned,TOI-1296,,,,Position candidates require review; component identity is preserved.
TOI-1298,1,unmatched_other,,,,1040.5562612123892,unassigned,TOI-1298,,,,Position candidates require review; component identity is preserved.
TOI-1301,1,unmatched_other,,,,296.3760173365606,unassigned,TOI-1301,,,,Position candidates require review; component identity is preserved.
TOI-132,1,unmatched_other,,,,533.8462359192112,unassigned,TOI-132,,,,Position candidates require review; component identity is preserved.
TOI-1333,1,unmatched_other,,,,653.917444811853,unassigned,TOI-1333,,,,Position candidates require review; component identity is preserved.
TOI-1338 A,2,unmatched_other,,,,1301.4193936740178,unassigned,TOI-1338 A,,,,Position candidates require review; component identity is preserved.
TOI-1346,2,unmatched_other,,,,376.5475380739802,unassigned,TOI-1346,,,,Position candidates require review; component identity is preserved.
TOI-1347,2,unmatched_other,,,,481.00237960154436,unassigned,TOI-1347,,,,Position candidates require review; component identity is preserved.
TOI-1386,2,unmatched_other,,,,478.9867331872549,unassigned,TOI-1386,,,,Position candidates require review; component identity is preserved.
TOI-139,1,unmatched_other,,,,138.3101996909399,unassigned,TOI-139,,,,Position candidates require review; component identity is preserved.
TOI-1408,2,unmatched_other,,,,454.9359618944223,unassigned,TOI-1408,,,,Position candidates require review; component identity is preserved.
TOI-1410,2,unmatched_other,,,,237.28267866546335,unassigned,TOI-1410,,,,Position candidates require review; component identity is preserved.
TOI-1411,1,unmatched_other,,,,105.92841604208847,unassigned,TOI-1411,,,,Position candidates require review; component identity is preserved.
TOI-1416,1,unmatched_other,,,,179.4300388552006,unassigned,TOI-1416,,,,Position candidates require review; component identity is preserved.
TOI-1420,1,unmatched_other,,,,658.5684347580938,unassigned,TOI-1420,,,,Position candidates require review; component identity is preserved.
TOI-1422,2,unmatched_other,,,,506.00226595353274,unassigned,TOI-1422,,,,Position candidates require review; component identity is preserved.
TOI-1431,1,unmatched_other,,,,485.72838551466003,unassigned,TOI-1431,,,,Position candidates require review; component identity is preserved.
TOI-1437,1,unmatched_other,,,,336.90975349006436,unassigned,TOI-1437,,,,Position candidates require review; component identity is preserved.
TOI-1438,2,unmatched_other,,,,360.4451977061046,unassigned,TOI-1438,,,,Position candidates require review; component identity is preserved.
TOI-1439,1,unmatched_other,,,,751.1577072643229,unassigned,TOI-1439,,,,Position candidates require review; component identity is preserved.
TOI-1442,1,unmatched_other,,,,134.26520829449683,unassigned,TOI-1442,,,,Position candidates require review; component identity is preserved.
TOI-1443,1,unmatched_other,,,,279.8532613978081,unassigned,TOI-1443,,,,Position candidates require review; component identity is preserved.
TOI-1444,1,unmatched_other,,,,409.20557617475765,unassigned,TOI-1444,,,,Position candidates require review; component identity is preserved.
TOI-1448,1,unmatched_other,,,,239.18514881668514,unassigned,TOI-1448,,,,Position candidates require review; component identity is preserved.
TOI-1450 A,2,unmatched_other,,,,73.21134363694422,unassigned,TOI-1450 A,,,,Position candidates require review; component identity is preserved.
TOI-1451,1,unmatched_other,,,,299.8557797304206,unassigned,TOI-1451,,,,Position candidates require review; component identity is preserved.
TOI-1452,1,unmatched_other,,,,99.54684035568266,unassigned,TOI-1452,,,,Position candidates require review; component identity is preserved.
TOI-1453,2,unmatched_other,,,,256.82042415982943,unassigned,TOI-1453,,,,Position candidates require review; component identity is preserved.
TOI-1466,1,unmatched_other,,,,282.3806471687352,unassigned,TOI-1466,,,,Position candidates require review; component identity is preserved.
TOI-1467,1,unmatched_other,,,,122.1188186319476,unassigned,TOI-1467,,,,Position candidates require review; component identity is preserved.
TOI-1468,2,unmatched_other,,,,80.69076169074458,unassigned,TOI-1468,,,,Position candidates require review; component identity is preserved.
TOI-1470,2,unmatched_other,,,,169.43921669298132,unassigned,TOI-1470,,,,Position candidates require review; component identity is preserved.
TOI-1472,2,unmatched_other,,,,397.3889306100801,unassigned,TOI-1472,,,,Position candidates require review; component identity is preserved.
TOI-1478,1,unmatched_other,,,,498.6670090186832,unassigned,TOI-1478,,,,Position candidates require review; component identity is preserved.
TOI-150,1,unmatched_other,,,,1096.7562666567612,unassigned,TOI-150,,,,Position candidates require review; component identity is preserved.
TOI-1516,1,unmatched_other,,,,805.782377404323,unassigned,TOI-1516,,,,Position candidates require review; component identity is preserved.
TOI-1518,1,unmatched_other,,,,736.7481184967971,unassigned,TOI-1518,,,,Position candidates require review; component identity is preserved.
TOI-1533,2,unmatched_other,,,,326.32271746937886,unassigned,TOI-1533,,,,Position candidates require review; component identity is preserved.
TOI-157,1,unmatched_other,,,,1160.082788954244,unassigned,TOI-157,,,,Position candidates require review; component identity is preserved.
TOI-159,1,unmatched_other,,,,1133.6967379969597,unassigned,TOI-159,,,,Position candidates require review; component identity is preserved.
TOI-1601,1,unmatched_other,,,,1097.8684599047754,unassigned,TOI-1601,,,,Position candidates require review; component identity is preserved.
TOI-163,1,unmatched_other,,,,1342.8477767715985,unassigned,TOI-163,,,,Position candidates require review; component identity is preserved.
TOI-1630,1,unmatched_other,,,,215.56620856794945,unassigned,TOI-1630,,,,Position candidates require review; component identity is preserved.
TOI-1634,2,unmatched_other,,,,115.04709605029318,unassigned,TOI-1634,,,,Position candidates require review; component identity is preserved.
TOI-1648,1,unmatched_other,,,,227.77130637848768,unassigned,TOI-1648,,,,Position candidates require review; component identity is preserved.
TOI-1659,1,unmatched_other,,,,399.5219933203476,unassigned,TOI-1659,,,,Position candidates require review; component identity is preserved.
TOI-1669,2,unmatched_other,,,,362.9337708680833,unassigned,TOI-1669,,,,Position candidates require review; component identity is preserved.
TOI-1670,2,unmatched_other,,,,548.161239337199,unassigned,TOI-1670,,,,Position candidates require review; component identity is preserved.
TOI-1680,1,unmatched_other,,,,121.39833919357132,unassigned,TOI-1680,,,,Position candidates require review; component identity is preserved.
TOI-1683,1,unmatched_other,,,,166.95423125115744,unassigned,TOI-1683,,,,Position candidates require review; component identity is preserved.
TOI-1685,1,unmatched_other,,,,122.68469994728615,unassigned,TOI-1685,,,,Position candidates require review; component identity is preserved.
TOI-169,1,unmatched_other,,,,1330.1961708799658,unassigned,TOI-169,,,,Position candidates require review; component identity is preserved.
TOI-1691,1,unmatched_other,,,,363.4849751464246,unassigned,TOI-1691,,,,Position candidates require review; component identity is preserved.
TOI-1693,1,unmatched_other,,,,100.43887804873795,unassigned,TOI-1693,,,,Position candidates require review; component identity is preserved.
TOI-1694,2,unmatched_other,,,,406.6517717372356,unassigned,TOI-1694,,,,Position candidates require review; component identity is preserved.
TOI-1695,1,unmatched_other,,,,147.1973086709657,unassigned,TOI-1695,,,,Position candidates require review; component identity is preserved.
TOI-1696,1,unmatched_other,,,,211.73158803513368,unassigned,TOI-1696,,,,Position candidates require review; component identity is preserved.
TOI-1710,1,unmatched_other,,,,264.9273670843568,unassigned,TOI-1710,,,,Position candidates require review; component identity is preserved.
TOI-1716,1,unmatched_other,,,,339.7179599022055,unassigned,TOI-1716,,,,Position candidates require review; component identity is preserved.
TOI-1718,1,unmatched_other,,,,170.5941364264763,unassigned,TOI-1718,,,,Position candidates require review; component identity is preserved.
TOI-172,1,unmatched_other,,,,1118.1651712900884,unassigned,TOI-172,,,,Position candidates require review; component identity is preserved.
TOI-1722,1,unmatched_other,,,,444.9392689174041,unassigned,TOI-1722,,,,Position candidates require review; component identity is preserved.
TOI-1723,1,unmatched_other,,,,328.52753458274407,unassigned,TOI-1723,,,,Position candidates require review; component identity is preserved.
TOI-1728,1,unmatched_other,,,,198.29655452422563,unassigned,TOI-1728,,,,Position candidates require review; component identity is preserved.
TOI-1732,1,unmatched_other,,,,243.8341818246596,unassigned,TOI-1732,,,,Position candidates require review; component identity is preserved.
TOI-1736,2,unmatched_other,,,,290.1102271642443,unassigned,TOI-1736,,,,Position candidates require review; component identity is preserved.
TOI-1739,1,unmatched_other,,,,231.511993874521,unassigned,TOI-1739,,,,Position candidates require review; component identity is preserved.
TOI-1742,1,unmatched_other,,,,237.72592518278043,unassigned,TOI-1742,,,,Position candidates require review; component identity is preserved.
TOI-1743,1,unmatched_other,,,,134.62365415360753,unassigned,TOI-1743,,,,Position candidates require review; component identity is preserved.
TOI-1744,1,unmatched_other,,,,373.0902804701827,unassigned,TOI-1744,,,,Position candidates require review; component identity is preserved.
TOI-1749,3,unmatched_other,,,,324.7085695560587,unassigned,TOI-1749,,,,Position candidates require review; component identity is preserved.
TOI-1750,1,unmatched_other,,,,529.8736512386213,unassigned,TOI-1750,,,,Position candidates require review; component identity is preserved.
TOI-1751,1,unmatched_other,,,,369.649330685271,unassigned,TOI-1751,,,,Position candidates require review; component identity is preserved.
TOI-1752,2,unmatched_other,,,,336.0095618875661,unassigned,TOI-1752,,,,Position candidates require review; component identity is preserved.
TOI-1753,1,unmatched_other,,,,739.3019229343192,unassigned,TOI-1753,,,,Position candidates require review; component identity is preserved.
TOI-1756,1,unmatched_other,,,,282.82943834447343,unassigned,TOI-1756,,,,Position candidates require review; component identity is preserved.
TOI-1758,1,unmatched_other,,,,315.13718449558314,unassigned,TOI-1758,,,,Position candidates require review; component identity is preserved.
TOI-1759,1,unmatched_other,,,,130.67585735772408,unassigned,TOI-1759,,,,Position candidates require review; component identity is preserved.
TOI-1768,1,unmatched_other,,,,514.012666590256,unassigned,TOI-1768,,,,Position candidates require review; component identity is preserved.
TOI-1772,1,unmatched_other,,,,318.83808091353507,unassigned,TOI-1772,,,,Position candidates require review; component identity is preserved.
TOI-1774,2,unmatched_other,,,,176.03964330883502,unassigned,TOI-1774,,,,Position candidates require review; component identity is preserved.
TOI-1775,1,unmatched_other,,,,486.73620872180476,unassigned,TOI-1775,,,,Position candidates require review; component identity is preserved.
TOI-1776,1,unmatched_other,,,,145.6190379591944,unassigned,TOI-1776,,,,Position candidates require review; component identity is preserved.
TOI-1777,1,unmatched_other,,,,260.16352703142604,unassigned,TOI-1777,,,,Position candidates require review; component identity is preserved.
TOI-178,6,unmatched_other,,,,204.4967872646209,unassigned,TOI-178,,,,Position candidates require review; component identity is preserved.
TOI-1782,2,unmatched_other,,,,310.7125470754778,unassigned,TOI-1782,,,,Position candidates require review; component identity is preserved.
TOI-1789,1,unmatched_other,,,,747.1166297444124,unassigned,TOI-1789,,,,Position candidates require review; component identity is preserved.
TOI-1794,1,unmatched_other,,,,508.1222824086916,unassigned,TOI-1794,,,,Position candidates require review; component identity is preserved.
TOI-1798,2,unmatched_other,,,,369.14704986358726,unassigned,TOI-1798,,,,Position candidates require review; component identity is preserved.
TOI-1799,1,unmatched_other,,,,202.632477409592,unassigned,TOI-1799,,,,Position candidates require review; component identity is preserved.
TOI-1801,1,unmatched_other,,,,100.06347205798599,unassigned,TOI-1801,,,,Position candidates require review; component identity is preserved.
TOI-1803,2,unmatched_other,,,,388.90886478944475,unassigned,TOI-1803,,,,Position candidates require review; component identity is preserved.
TOI-1806,1,unmatched_other,,,,181.08560862849077,unassigned,TOI-1806,,,,Position candidates require review; component identity is preserved.
TOI-1807,1,unmatched_other,,,,138.8692317223464,unassigned,TOI-1807,,,,Position candidates require review; component identity is preserved.
TOI-181,1,unmatched_other,,,,313.87267621917533,unassigned,TOI-181,,,,Position candidates require review; component identity is preserved.
TOI-1811,1,unmatched_other,,,,418.23032314617996,unassigned,TOI-1811,,,,Position candidates require review; component identity is preserved.
TOI-1814,1,unmatched_other,,,,1182.3886236262922,unassigned,TOI-1814,,,,Position candidates require review; component identity is preserved.
TOI-1820,1,unmatched_other,,,,810.5116448812158,unassigned,TOI-1820,,,,Position candidates require review; component identity is preserved.
TOI-1823,1,unmatched_other,,,,233.67669375342706,unassigned,TOI-1823,,,,Position candidates require review; component identity is preserved.
TOI-1824,1,unmatched_other,,,,193.8393014663486,unassigned,TOI-1824,,,,Position candidates require review; component identity is preserved.
TOI-1836,2,unmatched_other,,,,625.0754363303614,unassigned,TOI-1836,,,,Position candidates require review; component identity is preserved.
TOI-1839,2,unmatched_other,,,,378.6218926362587,unassigned,TOI-1839,,,,Position candidates require review; component identity is preserved.
TOI-1842,1,unmatched_other,,,,728.8453494647205,unassigned,TOI-1842,,,,Position candidates require review; component identity is preserved.
TOI-1846,1,unmatched_other,,,,154.10758384565037,unassigned,TOI-1846,,,,Position candidates require review; component identity is preserved.
TOI-1853,1,unmatched_other,,,,538.500487429229,unassigned,TOI-1853,,,,Position candidates require review; component identity is preserved.
TOI-1855,1,unmatched_other,,,,576.7521074078487,unassigned,TOI-1855,,,,Position candidates require review; component identity is preserved.
TOI-1859,1,unmatched_other,,,,731.8459881397144,unassigned,TOI-1859,,,,Position candidates require review; component identity is preserved.
TOI-1860,1,unmatched_other,,,,149.58836107600715,unassigned,TOI-1860,,,,Position candidates require review; component identity is preserved.
TOI-1873,1,unmatched_other,,,,593.6502693373533,unassigned,TOI-1873,,,,Position candidates require review; component identity is preserved.
TOI-1883,1,unmatched_other,,,,376.2833514080296,unassigned,TOI-1883,,,,Position candidates require review; component identity is preserved.
TOI-1898,1,unmatched_other,,,,259.8429153121305,unassigned,TOI-1898,,,,Position candidates require review; component identity is preserved.
TOI-1899,1,unmatched_other,,,,418.90872841183074,unassigned,TOI-1899,,,,Position candidates require review; component identity is preserved.
TOI-1937 A,1,unmatched_other,,,,1353.9892786344024,unassigned,TOI-1937 A,,,,Position candidates require review; component identity is preserved.
TOI-198,1,unmatched_other,,,,77.38451448982995,unassigned,TOI-198,,,,Position candidates require review; component identity is preserved.
TOI-199,2,unmatched_other,,,,333.5601274909134,unassigned,TOI-199,,,,Position candidates require review; component identity is preserved.
TOI-1994,1,unmatched_other,,,,1681.67206819886,unassigned,TOI-1994,,,,Position candidates require review; component identity is preserved.
TOI-2000,2,unmatched_other,,,,573.0991559774212,unassigned,TOI-2000,,,,Position candidates require review; component identity is preserved.
TOI-2005,1,unmatched_other,,,,1071.3421617050726,unassigned,TOI-2005,,,,Position candidates require review; component identity is preserved.
TOI-201,3,unmatched_other,,,,371.2474969360831,unassigned,TOI-201,,,,Position candidates require review; component identity is preserved.
TOI-2010,1,unmatched_other,,,,356.130148828912,unassigned,TOI-2010,,,,Position candidates require review; component identity is preserved.
TOI-2015,2,unmatched_other,,,,154.41678009172583,unassigned,TOI-2015,,,,Position candidates require review; component identity is preserved.
TOI-2018,1,unmatched_other,,,,91.3094348800686,unassigned,TOI-2018,,,,Position candidates require review; component identity is preserved.
TOI-2019,1,unmatched_other,,,,645.812458825592,unassigned,TOI-2019,,,,Position candidates require review; component identity is preserved.
TOI-2025,1,unmatched_other,,,,1095.8365056716002,unassigned,TOI-2025,,,,Position candidates require review; component identity is preserved.
TOI-2031 A,1,unmatched_other,,,,900.5340666948142,unassigned,TOI-2031 A,,,,Position candidates require review; component identity is preserved.
TOI-2040,1,unmatched_other,,,,472.0037251403395,unassigned,TOI-2040,,,,Position candidates require review; component identity is preserved.
TOI-2046,1,unmatched_other,,,,944.7706562045361,unassigned,TOI-2046,,,,Position candidates require review; component identity is preserved.
TOI-2048,1,unmatched_other,,,,380.1907048130762,unassigned,TOI-2048,,,,Position candidates require review; component identity is preserved.
TOI-2049,1,unmatched_other,,,,1863.9412983220848,unassigned,TOI-2049,,,,Position candidates require review; component identity is preserved.
TOI-205,1,unmatched_other,,,,579.7723154655057,unassigned,TOI-205,,,,Position candidates require review; component identity is preserved.
TOI-206,1,unmatched_other,,,,155.72825488652484,unassigned,TOI-206,,,,Position candidates require review; component identity is preserved.
TOI-2068,1,unmatched_other,,,,172.6437031040483,unassigned,TOI-2068,,,,Position candidates require review; component identity is preserved.
TOI-2071,1,unmatched_other,,,,754.4355788603762,unassigned,TOI-2071,,,,Position candidates require review; component identity is preserved.
TOI-2076,4,unmatched_other,,,,136.68920249368767,unassigned,TOI-2076,,,,Position candidates require review; component identity is preserved.
TOI-2081,1,unmatched_other,,,,203.34088906199275,unassigned,TOI-2081,,,,Position candidates require review; component identity is preserved.
TOI-2084,1,unmatched_other,,,,373.6088691107523,unassigned,TOI-2084,,,,Position candidates require review; component identity is preserved.
TOI-2088,1,unmatched_other,,,,412.4573552605936,unassigned,TOI-2088,,,,Position candidates require review; component identity is preserved.
TOI-209,1,unmatched_other,,,,369.8189320016838,unassigned,TOI-209,,,,Position candidates require review; component identity is preserved.
TOI-2092,1,unmatched_other,,,,576.5107516883382,unassigned,TOI-2092,,,,Position candidates require review; component identity is preserved.
TOI-2093,2,unmatched_other,,,,270.05160993466455,unassigned,TOI-2093,,,,Position candidates require review; component identity is preserved.
TOI-2094,1,unmatched_other,,,,163.15907564004542,unassigned,TOI-2094,,,,Position candidates require review; component identity is preserved.
TOI-2095,2,unmatched_other,,,,136.7169257857936,unassigned,TOI-2095,,,,Position candidates require review; component identity is preserved.
TOI-2096,2,unmatched_other,,,,158.12354732447662,unassigned,TOI-2096,,,,Position candidates require review; component identity is preserved.
TOI-2104,1,unmatched_other,,,,250.29827507462772,unassigned,TOI-2104,,,,Position candidates require review; component identity is preserved.
TOI-2107,1,unmatched_other,,,,772.0284538744173,unassigned,TOI-2107,,,,Position candidates require review; component identity is preserved.
TOI-2109,1,unmatched_other,,,,854.6634337327314,unassigned,TOI-2109,,,,Position candidates require review; component identity is preserved.
TOI-2114,1,unmatched_other,,,,1036.6717387537828,unassigned,TOI-2114,,,,Position candidates require review; component identity is preserved.
TOI-2120,1,unmatched_other,,,,104.94244531225075,unassigned,TOI-2120,,,,Position candidates require review; component identity is preserved.
TOI-2128,1,unmatched_other,,,,119.30147984123039,unassigned,TOI-2128,,,,Position candidates require review; component identity is preserved.
TOI-2133,1,unmatched_other,,,,245.26078982079264,unassigned,TOI-2133,,,,Position candidates require review; component identity is preserved.
TOI-2134,2,unmatched_other,,,,73.77722495228278,unassigned,TOI-2134,,,,Position candidates require review; component identity is preserved.
TOI-2136,1,unmatched_other,,,,108.81587845401481,unassigned,TOI-2136,,,,Position candidates require review; component identity is preserved.
TOI-2141,3,unmatched_other,,,,253.36479733792055,unassigned,TOI-2141,,,,Position candidates require review; component identity is preserved.
TOI-2145,1,unmatched_other,,,,732.9744892066144,unassigned,TOI-2145,,,,Position candidates require review; component identity is preserved.
TOI-2147,1,unmatched_other,,,,920.1132340491503,unassigned,TOI-2147,,,,Position candidates require review; component identity is preserved.
TOI-2152,1,unmatched_other,,,,988.2733938643952,unassigned,TOI-2152,,,,Position candidates require review; component identity is preserved.
TOI-2154,1,unmatched_other,,,,966.9231973790572,unassigned,TOI-2154,,,,Position candidates require review; component identity is preserved.
TOI-2158,1,unmatched_other,,,,647.332347545752,unassigned,TOI-2158,,,,Position candidates require review; component identity is preserved.
TOI-216,2,unmatched_other,,,,580.3789663280589,unassigned,TOI-216,,,,Position candidates require review; component identity is preserved.
TOI-2169 A,1,unmatched_other,,,,1146.3972673452497,unassigned,TOI-2169 A,,,,Position candidates require review; component identity is preserved.
TOI-2180,1,unmatched_other,,,,380.575569338782,unassigned,TOI-2180,,,,Position candidates require review; component identity is preserved.
TOI-2184,1,unmatched_other,,,,2571.1461721252995,unassigned,TOI-2184,,,,Position candidates require review; component identity is preserved.
TOI-2193 A,1,unmatched_other,,,,1099.3557329871637,unassigned,TOI-2193 A,,,,Position candidates require review; component identity is preserved.
TOI-2194,1,unmatched_other,,,,63.832390839321555,unassigned,TOI-2194,,,,Position candidates require review; component identity is preserved.
TOI-2196,1,unmatched_other,,,,847.8337191833427,unassigned,TOI-2196,,,,Position candidates require review; component identity is preserved.
TOI-220,1,unmatched_other,,,,295.95494945292836,unassigned,TOI-220,,,,Position candidates require review; component identity is preserved.
TOI-2200,1,unmatched_other,,,,819.4515911944318,unassigned,TOI-2200,,,,Position candidates require review; component identity is preserved.
TOI-2202,2,unmatched_other,,,,769.510526638444,unassigned,TOI-2202,,,,Position candidates require review; component identity is preserved.
TOI-2207,1,unmatched_other,,,,1217.6885283865754,unassigned,TOI-2207,,,,Position candidates require review; component identity is preserved.
TOI-2211,1,unmatched_other,,,,229.26575490118583,unassigned,TOI-2211,,,,Position candidates require review; component identity is preserved.
TOI-2227,1,unmatched_other,,,,539.5963728583573,unassigned,TOI-2227,,,,Position candidates require review; component identity is preserved.
TOI-2236,1,unmatched_other,,,,1159.7794635229675,unassigned,TOI-2236,,,,Position candidates require review; component identity is preserved.
TOI-2257,1,unmatched_other,,,,188.48935840266086,unassigned,TOI-2257,,,,Position candidates require review; component identity is preserved.
TOI-2260,1,unmatched_other,,,,330.2365940019798,unassigned,TOI-2260,,,,Position candidates require review; component identity is preserved.
TOI-2266,1,unmatched_other,,,,168.29799552735042,unassigned,TOI-2266,,,,Position candidates require review; component identity is preserved.
TOI-2267 A,2,unmatched_other,,,,,unassigned,TOI-2267 A,,,,Position candidates require review; component identity is preserved.
TOI-2267 B,1,unmatched_other,,,,,unassigned,TOI-2267 B,,,,Position candidates require review; component identity is preserved.
TOI-2274,1,unmatched_other,,,,159.41219117283546,unassigned,TOI-2274,,,,Position candidates require review; component identity is preserved.
TOI-2285,1,unmatched_other,,,,138.31965822589368,unassigned,TOI-2285,,,,Position candidates require review; component identity is preserved.
TOI-2295,2,unmatched_other,,,,411.8670122169263,unassigned,TOI-2295,,,,Position candidates require review; component identity is preserved.
TOI-2322,2,unmatched_other,,,,195.24046926501973,unassigned,TOI-2322,,,,Position candidates require review; component identity is preserved.
TOI-2328,1,unmatched_other,,,,755.9717753994221,unassigned,TOI-2328,,,,Position candidates require review; component identity is preserved.
TOI-2337,1,unmatched_other,,,,1748.3482164954942,unassigned,TOI-2337,,,,Position candidates require review; component identity is preserved.
TOI-2338,1,unmatched_other,,,,1024.1179797754653,unassigned,TOI-2338,,,,Position candidates require review; component identity is preserved.
TOI-2345,2,unmatched_other,,,,266.32005481720734,unassigned,TOI-2345,,,,Position candidates require review; component identity is preserved.
TOI-2346,1,unmatched_other,,,,1426.8819674903173,unassigned,TOI-2346,,,,Position candidates require review; component identity is preserved.
TOI-2364,1,unmatched_other,,,,716.2850673588487,unassigned,TOI-2364,,,,Position candidates require review; component identity is preserved.
TOI-2368,1,unmatched_other,,,,687.9127240612692,unassigned,TOI-2368,,,,Position candidates require review; component identity is preserved.
TOI-237,2,unmatched_other,,,,124.1837146592723,unassigned,TOI-237,,,,Position candidates require review; component identity is preserved.
TOI-2373,1,unmatched_other,,,,1659.1118315521928,unassigned,TOI-2373,,,,Position candidates require review; component identity is preserved.
TOI-2374,1,unmatched_other,,,,439.18587041448075,unassigned,TOI-2374,,,,Position candidates require review; component identity is preserved.
TOI-2379,1,unmatched_other,,,,688.9955632352888,unassigned,TOI-2379,,,,Position candidates require review; component identity is preserved.
TOI-238,2,unmatched_other,,,,262.6886297077091,unassigned,TOI-238,,,,Position candidates require review; component identity is preserved.
TOI-2382,1,unmatched_other,,,,1418.51931796566,unassigned,TOI-2382,,,,Position candidates require review; component identity is preserved.
TOI-2384,1,unmatched_other,,,,624.6220789653352,unassigned,TOI-2384,,,,Position candidates require review; component identity is preserved.
TOI-2406,1,unmatched_other,,,,180.75260296684198,unassigned,TOI-2406,,,,Position candidates require review; component identity is preserved.
TOI-2407,1,unmatched_other,,,,301.48786624451515,unassigned,TOI-2407,,,,Position candidates require review; component identity is preserved.
TOI-2411,1,unmatched_other,,,,194.18111335019574,unassigned,TOI-2411,,,,Position candidates require review; component identity is preserved.
TOI-2416,1,unmatched_other,,,,1819.0817501309239,unassigned,TOI-2416,,,,Position candidates require review; component identity is preserved.
TOI-2420,1,unmatched_other,,,,1419.3477551650606,unassigned,TOI-2420,,,,Position candidates require review; component identity is preserved.
TOI-2421,1,unmatched_other,,,,1069.5548247551849,unassigned,TOI-2421,,,,Position candidates require review; component identity is preserved.
TOI-2427,1,unmatched_other,,,,93.00251263679621,unassigned,TOI-2427,,,,Position candidates require review; component identity is preserved.
TOI-2431,1,unmatched_other,,,,117.59861739317127,unassigned,TOI-2431,,,,Position candidates require review; component identity is preserved.
TOI-244,1,unmatched_other,,,,71.86431779697408,unassigned,TOI-244,,,,Position candidates require review; component identity is preserved.
TOI-2443,1,unmatched_other,,,,78.03552261975257,unassigned,TOI-2443,,,,Position candidates require review; component identity is preserved.
TOI-2445,1,unmatched_other,,,,158.45329142234826,unassigned,TOI-2445,,,,Position candidates require review; component identity is preserved.
TOI-2447,1,unmatched_other,,,,485.93060246884437,unassigned,TOI-2447,,,,Position candidates require review; component identity is preserved.
TOI-2449,1,unmatched_other,,,,511.3675383669732,unassigned,TOI-2449,,,,Position candidates require review; component identity is preserved.
TOI-2453,1,unmatched_other,,,,267.1360980742546,unassigned,TOI-2453,,,,Position candidates require review; component identity is preserved.
TOI-2458,2,unmatched_other,,,,368.4197211412789,unassigned,TOI-2458,,,,Position candidates require review; component identity is preserved.
TOI-2459,1,unmatched_other,,,,119.41008991501005,unassigned,TOI-2459,,,,Position candidates require review; component identity is preserved.
TOI-2485,1,unmatched_other,,,,1297.9490898151114,unassigned,TOI-2485,,,,Position candidates require review; component identity is preserved.
TOI-2497,1,unmatched_other,,,,930.4882684243198,unassigned,TOI-2497,,,,Position candidates require review; component identity is preserved.
TOI-2498,1,unmatched_other,,,,897.7943531219935,unassigned,TOI-2498,,,,Position candidates require review; component identity is preserved.
TOI-251,1,unmatched_other,,,,324.60061179503447,unassigned,TOI-251,,,,Position candidates require review; component identity is preserved.
TOI-2518,1,unmatched_other,,,,524.5409944629524,unassigned,TOI-2518,,,,Position candidates require review; component identity is preserved.
TOI-2524,1,unmatched_other,,,,1431.3111710997107,unassigned,TOI-2524,,,,Position candidates require review; component identity is preserved.
TOI-2525,2,unmatched_other,,,,1289.615794364449,unassigned,TOI-2525,,,,Position candidates require review; component identity is preserved.
TOI-2529,1,unmatched_other,,,,966.3067618251727,unassigned,TOI-2529,,,,Position candidates require review; component identity is preserved.
TOI-2537,2,unmatched_other,,,,603.3436368830947,unassigned,TOI-2537,,,,Position candidates require review; component identity is preserved.
TOI-2545,1,unmatched_other,,,,349.37218868262113,unassigned,TOI-2545,,,,Position candidates require review; component identity is preserved.
TOI-2567,1,unmatched_other,,,,1646.355855619691,unassigned,TOI-2567,,,,Position candidates require review; component identity is preserved.
TOI-257,1,unmatched_other,,,,250.8233868427517,unassigned,TOI-257,,,,Position candidates require review; component identity is preserved.
TOI-2570,1,unmatched_other,,,,1180.219683714476,unassigned,TOI-2570,,,,Position candidates require review; component identity is preserved.
TOI-2578,1,unmatched_other,,,,931.2743052946172,unassigned,TOI-2578,,,,Position candidates require review; component identity is preserved.
TOI-2580,1,unmatched_other,,,,1236.9578471820805,unassigned,TOI-2580,,,,Position candidates require review; component identity is preserved.
TOI-2583 A,1,unmatched_other,,,,1846.6615334306518,unassigned,TOI-2583 A,,,,Position candidates require review; component identity is preserved.
TOI-2587 A,1,unmatched_other,,,,1218.7648444330407,unassigned,TOI-2587 A,,,,Position candidates require review; component identity is preserved.
TOI-2589,1,unmatched_other,,,,653.2031623446534,unassigned,TOI-2589,,,,Position candidates require review; component identity is preserved.
TOI-260,1,unmatched_other,,,,65.83531715488007,unassigned,TOI-260,,,,Position candidates require review; component identity is preserved.
TOI-261,2,unmatched_other,,,,373.4327446667853,unassigned,TOI-261,,,,Position candidates require review; component identity is preserved.
TOI-262,1,unmatched_other,,,,143.2870198585197,unassigned,TOI-262,,,,Position candidates require review; component identity is preserved.
TOI-2641,1,unmatched_other,,,,1122.1247097155697,unassigned,TOI-2641,,,,Position candidates require review; component identity is preserved.
TOI-2654,1,unmatched_other,,,,812.0119642187128,unassigned,TOI-2654,,,,Position candidates require review; component identity is preserved.
TOI-2669,1,unmatched_other,,,,1283.2394371800865,unassigned,TOI-2669,,,,Position candidates require review; component identity is preserved.
TOI-269,1,unmatched_other,,,,185.98252048352998,unassigned,TOI-269,,,,Position candidates require review; component identity is preserved.
TOI-270,3,unmatched_other,,,,73.31767061607988,unassigned,TOI-270,,,,Position candidates require review; component identity is preserved.
TOI-2714,1,unmatched_other,,,,1950.000920146425,unassigned,TOI-2714,,,,Position candidates require review; component identity is preserved.
TOI-2719,1,unmatched_other,,,,1918.9997564444486,unassigned,TOI-2719,,,,Position candidates require review; component identity is preserved.
TOI-2768,1,unmatched_other,,,,255.87783222822807,unassigned,TOI-2768,,,,Position candidates require review; component identity is preserved.
TOI-277,1,unmatched_other,,,,210.9227202183962,unassigned,TOI-277,,,,Position candidates require review; component identity is preserved.
TOI-2796,1,unmatched_other,,,,1142.6660383841702,unassigned,TOI-2796,,,,Position candidates require review; component identity is preserved.
TOI-2803 A,1,unmatched_other,,,,1613.8804650904349,unassigned,TOI-2803 A,,,,Position candidates require review; component identity is preserved.
TOI-2818,1,unmatched_other,,,,1019.8061924620499,unassigned,TOI-2818,,,,Position candidates require review; component identity is preserved.
TOI-283,1,unmatched_other,,,,269.73556440465705,unassigned,TOI-283,,,,Position candidates require review; component identity is preserved.
TOI-2842,1,unmatched_other,,,,1503.5645934553008,unassigned,TOI-2842,,,,Position candidates require review; component identity is preserved.
TOI-286,2,unmatched_other,,,,193.18013942698306,unassigned,TOI-286,,,,Position candidates require review; component identity is preserved.
TOI-2876,1,unmatched_other,,,,736.2784533128851,unassigned,TOI-2876,,,,Position candidates require review; component identity is preserved.
TOI-2886,1,unmatched_other,,,,1349.2208723921835,unassigned,TOI-2886,,,,Position candidates require review; component identity is preserved.
TOI-2969,1,unmatched_other,,,,534.8834132003504,unassigned,TOI-2969,,,,Position candidates require review; component identity is preserved.
TOI-2977,1,unmatched_other,,,,,unassigned,TOI-2977,,,,Position candidates require review; component identity is preserved.
TOI-2981,1,unmatched_other,,,,1721.4174843874225,unassigned,TOI-2981,,,,Position candidates require review; component identity is preserved.
TOI-2986,1,unmatched_other,,,,1836.7463795480628,unassigned,TOI-2986,,,,Position candidates require review; component identity is preserved.
TOI-2989,1,unmatched_other,,,,638.5978797504976,unassigned,TOI-2989,,,,Position candidates require review; component identity is preserved.
TOI-2992,1,unmatched_other,,,,1767.8523678829551,unassigned,TOI-2992,,,,Position candidates require review; component identity is preserved.
TOI-3023,1,unmatched_other,,,,1271.735901738017,unassigned,TOI-3023,,,,Position candidates require review; component identity is preserved.
TOI-3053,1,unmatched_other,,,,1101.191993393709,unassigned,TOI-3053,,,,Position candidates require review; component identity is preserved.
TOI-3071,1,unmatched_other,,,,1582.5727143934048,unassigned,TOI-3071,,,,Position candidates require review; component identity is preserved.
TOI-3082,1,unmatched_other,,,,368.713261881224,unassigned,TOI-3082,,,,Position candidates require review; component identity is preserved.
TOI-3135,1,unmatched_other,,,,723.0006271760365,unassigned,TOI-3135,,,,Position candidates require review; component identity is preserved.
TOI-3160 A,1,unmatched_other,,,,1851.5180018948543,unassigned,TOI-3160 A,,,,Position candidates require review; component identity is preserved.
TOI-3235,1,unmatched_other,,,,237.477720179338,unassigned,TOI-3235,,,,Position candidates require review; component identity is preserved.
TOI-3261,1,unmatched_other,,,,978.9290136428107,unassigned,TOI-3261,,,,Position candidates require review; component identity is preserved.
TOI-3278,1,unmatched_other,,,,2950.9063505197896,unassigned,TOI-3278,,,,Position candidates require review; component identity is preserved.
TOI-3288,1,unmatched_other,,,,653.9435373220704,unassigned,TOI-3288,,,,Position candidates require review; component identity is preserved.
TOI-329,1,unmatched_other,,,,927.5495994610919,unassigned,TOI-329,,,,Position candidates require review; component identity is preserved.
TOI-332,1,unmatched_other,,,,726.8460108693168,unassigned,TOI-332,,,,Position candidates require review; component identity is preserved.
TOI-3321,1,unmatched_other,,,,932.4647760732832,unassigned,TOI-3321,,,,Position candidates require review; component identity is preserved.
TOI-333,1,unmatched_other,,,,1148.9478102189946,unassigned,TOI-333,,,,Position candidates require review; component identity is preserved.
TOI-3331 A,1,unmatched_other,,,,708.3888214543264,unassigned,TOI-3331 A,,,,Position candidates require review; component identity is preserved.
TOI-3353,1,unmatched_other,,,,256.8732614930196,unassigned,TOI-3353,,,,Position candidates require review; component identity is preserved.
TOI-3362,1,unmatched_other,,,,1196.9515058913448,unassigned,TOI-3362,,,,Position candidates require review; component identity is preserved.
TOI-3364,1,unmatched_other,,,,906.3853121110526,unassigned,TOI-3364,,,,Position candidates require review; component identity is preserved.
TOI-3457,1,unmatched_other,,,,1208.9507990275438,unassigned,TOI-3457,,,,Position candidates require review; component identity is preserved.
TOI-3464,1,unmatched_other,,,,1949.6780253324853,unassigned,TOI-3464,,,,Position candidates require review; component identity is preserved.
TOI-3474,1,unmatched_other,,,,1370.2579587549135,unassigned,TOI-3474,,,,Position candidates require review; component identity is preserved.
TOI-3486,1,unmatched_other,,,,504.6128397844594,unassigned,TOI-3486,,,,Position candidates require review; component identity is preserved.
TOI-3493,1,unmatched_other,,,,315.46627628069933,unassigned,TOI-3493,,,,Position candidates require review; component identity is preserved.
TOI-3523 A,1,unmatched_other,,,,2104.6675360234817,unassigned,TOI-3523 A,,,,Position candidates require review; component identity is preserved.
TOI-3540 A,1,unmatched_other,,,,,unassigned,TOI-3540 A,,,,Position candidates require review; component identity is preserved.
TOI-3568,1,unmatched_other,,,,645.483040884098,unassigned,TOI-3568,,,,Position candidates require review; component identity is preserved.
TOI-3593,1,unmatched_other,,,,739.1681988194554,unassigned,TOI-3593,,,,Position candidates require review; component identity is preserved.
TOI-3629,1,unmatched_other,,,,424.3000933354886,unassigned,TOI-3629,,,,Position candidates require review; component identity is preserved.
TOI-3664,1,unmatched_other,,,,1515.8052423110103,unassigned,TOI-3664,,,,Position candidates require review; component identity is preserved.
TOI-3682,1,unmatched_other,,,,1318.3599559326253,unassigned,TOI-3682,,,,Position candidates require review; component identity is preserved.
TOI-3688 A,1,unmatched_other,,,,1292.8121268660727,unassigned,TOI-3688 A,,,,Position candidates require review; component identity is preserved.
TOI-3693,1,unmatched_other,,,,575.4572665883132,unassigned,TOI-3693,,,,Position candidates require review; component identity is preserved.
TOI-3714,1,unmatched_other,,,,367.6108533245414,unassigned,TOI-3714,,,,Position candidates require review; component identity is preserved.
TOI-375,3,unmatched_other,,,,1292.2739688428403,unassigned,TOI-375,,,,Position candidates require review; component identity is preserved.
TOI-3757,1,unmatched_other,,,,590.7964010323317,unassigned,TOI-3757,,,,Position candidates require review; component identity is preserved.
TOI-3785,1,unmatched_other,,,,260.15341618371684,unassigned,TOI-3785,,,,Position candidates require review; component identity is preserved.
TOI-3807,1,unmatched_other,,,,1375.5482152014793,unassigned,TOI-3807,,,,Position candidates require review; component identity is preserved.
TOI-3819,1,unmatched_other,,,,1820.4124681520082,unassigned,TOI-3819,,,,Position candidates require review; component identity is preserved.
TOI-3837,1,unmatched_other,,,,1016.6457371619747,unassigned,TOI-3837,,,,Position candidates require review; component identity is preserved.
TOI-3856,1,unmatched_other,,,,1025.5758987838592,unassigned,TOI-3856,,,,Position candidates require review; component identity is preserved.
TOI-3862,1,unmatched_other,,,,812.1946117902343,unassigned,TOI-3862,,,,Position candidates require review; component identity is preserved.
TOI-3877,1,unmatched_other,,,,1610.4623462519635,unassigned,TOI-3877,,,,Position candidates require review; component identity is preserved.
TOI-3884,1,unmatched_other,,,,140.71951685313346,unassigned,TOI-3884,,,,Position candidates require review; component identity is preserved.
TOI-3894,1,unmatched_other,,,,1361.262565857486,unassigned,TOI-3894,,,,Position candidates require review; component identity is preserved.
TOI-3896,1,unmatched_other,,,,592.4728448137957,unassigned,TOI-3896,,,,Position candidates require review; component identity is preserved.
TOI-3912,1,unmatched_other,,,,1519.8626276498067,unassigned,TOI-3912,,,,Position candidates require review; component identity is preserved.
TOI-3919,1,unmatched_other,,,,1971.9121056014358,unassigned,TOI-3919,,,,Position candidates require review; component identity is preserved.
TOI-3976 A,1,unmatched_other,,,,1683.250665067009,unassigned,TOI-3976 A,,,,Position candidates require review; component identity is preserved.
TOI-3980,1,unmatched_other,,,,1587.4715831867104,unassigned,TOI-3980,,,,Position candidates require review; component identity is preserved.
TOI-3984 A,1,unmatched_other,,,,355.1288487493216,unassigned,TOI-3984 A,,,,Position candidates require review; component identity is preserved.
TOI-4010,4,unmatched_other,,,,578.940616702328,unassigned,TOI-4010,,,,Position candidates require review; component identity is preserved.
TOI-4029,1,unmatched_other,,,,895.0905167507217,unassigned,TOI-4029,,,,Position candidates require review; component identity is preserved.
TOI-4030,1,unmatched_other,,,,1864.3587784855624,unassigned,TOI-4030,,,,Position candidates require review; component identity is preserved.
TOI-4034,1,unmatched_other,,,,2430.337940737427,unassigned,TOI-4034,,,,Position candidates require review; component identity is preserved.
TOI-406,2,unmatched_other,,,,101.30319244968733,unassigned,TOI-406,,,,Position candidates require review; component identity is preserved.
TOI-4087,1,unmatched_other,,,,983.9355140407625,unassigned,TOI-4087,,,,Position candidates require review; component identity is preserved.
TOI-4127,1,unmatched_other,,,,1042.500153223581,unassigned,TOI-4127,,,,Position candidates require review; component identity is preserved.
TOI-4137,1,unmatched_other,,,,1092.60103440465,unassigned,TOI-4137,,,,Position candidates require review; component identity is preserved.
TOI-4145 A,1,unmatched_other,,,,669.8827995010877,unassigned,TOI-4145 A,,,,Position candidates require review; component identity is preserved.
TOI-4153,1,unmatched_other,,,,1382.3811913146449,unassigned,TOI-4153,,,,Position candidates require review; component identity is preserved.
TOI-4155,1,unmatched_other,,,,785.1790790239563,unassigned,TOI-4155,,,,Position candidates require review; component identity is preserved.
TOI-4156,2,unmatched_other,,,,697.0581488924466,unassigned,TOI-4156,,,,Position candidates require review; component identity is preserved.
TOI-4184,1,unmatched_other,,,,226.23804524684132,unassigned,TOI-4184,,,,Position candidates require review; component identity is preserved.
TOI-4201,1,unmatched_other,,,,616.4714310861938,unassigned,TOI-4201,,,,Position candidates require review; component identity is preserved.
TOI-421,2,unmatched_other,,,,243.95485968441477,unassigned,TOI-421,,,,Position candidates require review; component identity is preserved.
TOI-4214,1,unmatched_other,,,,1131.3745045876162,unassigned,TOI-4214,,,,Position candidates require review; component identity is preserved.
TOI-4308,1,unmatched_other,,,,355.28866537440285,unassigned,TOI-4308,,,,Position candidates require review; component identity is preserved.
TOI-431,3,unmatched_other,,,,106.22456603305528,unassigned,TOI-431,,,,Position candidates require review; component identity is preserved.
TOI-4311,2,unmatched_other,,,,440.2719711522775,unassigned,TOI-4311,,,,Position candidates require review; component identity is preserved.
TOI-4329,1,unmatched_other,,,,2338.958708392527,unassigned,TOI-4329,,,,Position candidates require review; component identity is preserved.
TOI-4336 A,2,unmatched_other,,,,73.53358613812837,unassigned,TOI-4336 A,,,,Position candidates require review; component identity is preserved.
TOI-4342,2,unmatched_other,,,,200.65270819685136,unassigned,TOI-4342,,,,Position candidates require review; component identity is preserved.
TOI-4363,1,unmatched_other,,,,253.66844892557484,unassigned,TOI-4363,,,,Position candidates require review; component identity is preserved.
TOI-4364,1,unmatched_other,,,,143.39856533969882,unassigned,TOI-4364,,,,Position candidates require review; component identity is preserved.
TOI-4377,1,unmatched_other,,,,1486.6860009084594,unassigned,TOI-4377,,,,Position candidates require review; component identity is preserved.
TOI-4379,1,unmatched_other,,,,2104.223963349787,unassigned,TOI-4379,,,,Position candidates require review; component identity is preserved.
TOI-4405,1,unmatched_other,,,,507.17642891331303,unassigned,TOI-4405,,,,Position candidates require review; component identity is preserved.
TOI-4406,1,unmatched_other,,,,853.9882900308577,unassigned,TOI-4406,,,,Position candidates require review; component identity is preserved.
TOI-4409,1,unmatched_other,,,,585.1865113356038,unassigned,TOI-4409,,,,Position candidates require review; component identity is preserved.
TOI-4427,1,unmatched_other,,,,646.6082803872208,unassigned,TOI-4427,,,,Position candidates require review; component identity is preserved.
TOI-4438,1,unmatched_other,,,,97.95976342171299,unassigned,TOI-4438,,,,Position candidates require review; component identity is preserved.
TOI-444,1,unmatched_other,,,,187.2049545872123,unassigned,TOI-444,,,,Position candidates require review; component identity is preserved.
TOI-4443,1,unmatched_other,,,,182.88860108450893,unassigned,TOI-4443,,,,Position candidates require review; component identity is preserved.
TOI-4458,1,unmatched_other,,,,1648.49870302129,unassigned,TOI-4458,,,,Position candidates require review; component identity is preserved.
TOI-4463 A,1,unmatched_other,,,,564.6321364118945,unassigned,TOI-4463 A,,,,Position candidates require review; component identity is preserved.
TOI-4465,1,unmatched_other,,,,395.1025744022857,unassigned,TOI-4465,,,,Position candidates require review; component identity is preserved.
TOI-4479,1,unmatched_other,,,,263.05555563264045,unassigned,TOI-4479,,,,Position candidates require review; component identity is preserved.
TOI-4487 A,1,unmatched_other,,,,1562.7619760108898,unassigned,TOI-4487 A,,,,Position candidates require review; component identity is preserved.
TOI-4492,1,unmatched_other,,,,467.0037478699418,unassigned,TOI-4492,,,,Position candidates require review; component identity is preserved.
TOI-4495,2,unmatched_other,,,,431.224393234415,unassigned,TOI-4495,,,,Position candidates require review; component identity is preserved.
TOI-4504,3,unmatched_other,,,,1117.4280578764485,unassigned,TOI-4504,,,,Position candidates require review; component identity is preserved.
TOI-4507,1,unmatched_other,,,,581.4063589178667,unassigned,TOI-4507,,,,Position candidates require review; component identity is preserved.
TOI-451,3,unmatched_other,,,,403.58264022292104,unassigned,TOI-451,,,,Position candidates require review; component identity is preserved.
TOI-4511,1,unmatched_other,,,,397.3628380998627,unassigned,TOI-4511,,,,Position candidates require review; component identity is preserved.
TOI-4513,1,unmatched_other,,,,334.66579761137314,unassigned,TOI-4513,,,,Position candidates require review; component identity is preserved.
TOI-4515,1,unmatched_other,,,,631.1093293181211,unassigned,TOI-4515,,,,Position candidates require review; component identity is preserved.
TOI-4527,1,unmatched_other,,,,59.04637215270606,unassigned,TOI-4527,,,,Position candidates require review; component identity is preserved.
TOI-4529,1,unmatched_other,,,,92.57622625112043,unassigned,TOI-4529,,,,Position candidates require review; component identity is preserved.
TOI-4551,1,unmatched_other,,,,704.4521139752852,unassigned,TOI-4551,,,,Position candidates require review; component identity is preserved.
TOI-4552,1,unmatched_other,,,,88.93762570131244,unassigned,TOI-4552,,,,Position candidates require review; component identity is preserved.
TOI-4559,1,unmatched_other,,,,103.18087471620262,unassigned,TOI-4559,,,,Position candidates require review; component identity is preserved.
TOI-4561,1,unmatched_other,,,,583.8460086231879,unassigned,TOI-4561,,,,Position candidates require review; component identity is preserved.
TOI-4562,2,unmatched_other,,,,1107.6433665449463,unassigned,TOI-4562,,,,Position candidates require review; component identity is preserved.
TOI-4578,1,unmatched_other,,,,594.4167368249875,unassigned,TOI-4578,,,,Position candidates require review; component identity is preserved.
TOI-4582,1,unmatched_other,,,,1251.9382096106106,unassigned,TOI-4582,,,,Position candidates require review; component identity is preserved.
TOI-4588,1,unmatched_other,,,,734.4421929063399,unassigned,TOI-4588,,,,Position candidates require review; component identity is preserved.
TOI-4600,2,unmatched_other,,,,704.680423439687,unassigned,TOI-4600,,,,Position candidates require review; component identity is preserved.
TOI-4602,1,unmatched_other,,,,205.68627957415384,unassigned,TOI-4602,,,,Position candidates require review; component identity is preserved.
TOI-4603,1,unmatched_other,,,,735.9490353713911,unassigned,TOI-4603,,,,Position candidates require review; component identity is preserved.
TOI-4633,1,unmatched_other,,,,310.50609008838313,unassigned,TOI-4633,,,,Position candidates require review; component identity is preserved.
TOI-4638,1,unmatched_other,,,,548.7515823808662,unassigned,TOI-4638,,,,Position candidates require review; component identity is preserved.
TOI-4640,1,unmatched_other,,,,799.3734045821891,unassigned,TOI-4640,,,,Position candidates require review; component identity is preserved.
TOI-4641,1,unmatched_other,,,,281.6363583147856,unassigned,TOI-4641,,,,Position candidates require review; component identity is preserved.
TOI-4662,1,unmatched_other,,,,362.186872763112,unassigned,TOI-4662,,,,Position candidates require review; component identity is preserved.
TOI-4666,1,unmatched_other,,,,504.7237329528831,unassigned,TOI-4666,,,,Position candidates require review; component identity is preserved.
TOI-469,3,unmatched_other,,,,222.4125570926016,unassigned,TOI-469,,,,Position candidates require review; component identity is preserved.
TOI-470,1,unmatched_other,,,,425.50361036926336,unassigned,TOI-470,,,,Position candidates require review; component identity is preserved.
TOI-4734,1,unmatched_other,,,,1836.4821928821123,unassigned,TOI-4734,,,,Position candidates require review; component identity is preserved.
TOI-4747,1,unmatched_other,,,,993.5212499818577,unassigned,TOI-4747,,,,Position candidates require review; component identity is preserved.
TOI-4773,1,unmatched_other,,,,1607.5856470005017,unassigned,TOI-4773,,,,Position candidates require review; component identity is preserved.
TOI-4791,1,unmatched_other,,,,1072.4086930602064,unassigned,TOI-4791,,,,Position candidates require review; component identity is preserved.
TOI-4794,1,unmatched_other,,,,1771.0552235121338,unassigned,TOI-4794,,,,Position candidates require review; component identity is preserved.
TOI-480,1,unmatched_other,,,,177.85502970720643,unassigned,TOI-480,,,,Position candidates require review; component identity is preserved.
TOI-481,1,unmatched_other,,,,585.0136484554139,unassigned,TOI-481,,,,Position candidates require review; component identity is preserved.
TOI-4860,1,unmatched_other,,,,261.3892226988856,unassigned,TOI-4860,,,,Position candidates require review; component identity is preserved.
TOI-4898,1,unmatched_other,,,,321.5764898608448,unassigned,TOI-4898,,,,Position candidates require review; component identity is preserved.
TOI-4914,1,unmatched_other,,,,978.1103611347415,unassigned,TOI-4914,,,,Position candidates require review; component identity is preserved.
TOI-4930,1,unmatched_other,,,,1349.4948437494656,unassigned,TOI-4930,,,,Position candidates require review; component identity is preserved.
TOI-4940,1,unmatched_other,,,,1127.3888736519177,unassigned,TOI-4940,,,,Position candidates require review; component identity is preserved.
TOI-4961,1,unmatched_other,,,,694.9511786923965,unassigned,TOI-4961,,,,Position candidates require review; component identity is preserved.
TOI-4994,1,unmatched_other,,,,1074.0459980763444,unassigned,TOI-4994,,,,Position candidates require review; component identity is preserved.
TOI-500,4,unmatched_other,,,,154.57333515302986,unassigned,TOI-500,,,,Position candidates require review; component identity is preserved.
TOI-5005,1,unmatched_other,,,,678.0497551991149,unassigned,TOI-5005,,,,Position candidates require review; component identity is preserved.
TOI-5007,1,unmatched_other,,,,663.2455172145519,unassigned,TOI-5007,,,,Position candidates require review; component identity is preserved.
TOI-5027,1,unmatched_other,,,,666.7582214025613,unassigned,TOI-5027,,,,Position candidates require review; component identity is preserved.
TOI-5076,1,unmatched_other,,,,270.243389884762,unassigned,TOI-5076,,,,Position candidates require review; component identity is preserved.
TOI-5082,1,unmatched_other,,,,140.70581828526937,unassigned,TOI-5082,,,,Position candidates require review; component identity is preserved.
TOI-5108,1,unmatched_other,,,,427.0006681429832,unassigned,TOI-5108,,,,Position candidates require review; component identity is preserved.
TOI-5110,1,unmatched_other,,,,1279.3777456679202,unassigned,TOI-5110,,,,Position candidates require review; component identity is preserved.
TOI-512,1,unmatched_other,,,,219.82124467164206,unassigned,TOI-512,,,,Position candidates require review; component identity is preserved.
TOI-5126,2,unmatched_other,,,,523.2004917505366,unassigned,TOI-5126,,,,Position candidates require review; component identity is preserved.
TOI-5143,1,unmatched_other,,,,591.5824379026291,unassigned,TOI-5143,,,,Position candidates require review; component identity is preserved.
TOI-5153,1,unmatched_other,,,,1273.588469963448,unassigned,TOI-5153,,,,Position candidates require review; component identity is preserved.
TOI-5159,1,unmatched_other,,,,179.96917534756636,unassigned,TOI-5159,,,,Position candidates require review; component identity is preserved.
TOI-5160,1,unmatched_other,,,,494.0127575086653,unassigned,TOI-5160,,,,Position candidates require review; component identity is preserved.
TOI-5174,1,unmatched_other,,,,643.320624099836,unassigned,TOI-5174,,,,Position candidates require review; component identity is preserved.
TOI-5181 A,1,unmatched_other,,,,1566.0561554258288,unassigned,TOI-5181 A,,,,Position candidates require review; component identity is preserved.
TOI-519,1,unmatched_other,,,,376.8965253981371,unassigned,TOI-519,,,,Position candidates require review; component identity is preserved.
TOI-5205,1,unmatched_other,,,,281.95990544148054,unassigned,TOI-5205,,,,Position candidates require review; component identity is preserved.
TOI-521,1,unmatched_other,,,,198.76785049002632,unassigned,TOI-521,,,,Position candidates require review; component identity is preserved.
TOI-5210,1,unmatched_other,,,,985.2727551894013,unassigned,TOI-5210,,,,Position candidates require review; component identity is preserved.
TOI-5218,1,unmatched_other,,,,1231.1848792964943,unassigned,TOI-5218,,,,Position candidates require review; component identity is preserved.
TOI-5232,1,unmatched_other,,,,1987.5578270405078,unassigned,TOI-5232,,,,Position candidates require review; component identity is preserved.
TOI-5238,1,unmatched_other,,,,947.9604655786059,unassigned,TOI-5238,,,,Position candidates require review; component identity is preserved.
TOI-5261,1,unmatched_other,,,,1229.7856684360893,unassigned,TOI-5261,,,,Position candidates require review; component identity is preserved.
TOI-5292 A,1,unmatched_other,,,,1099.456841464256,unassigned,TOI-5292 A,,,,Position candidates require review; component identity is preserved.
TOI-5293 A,1,unmatched_other,,,,529.1202300060955,unassigned,TOI-5293 A,,,,Position candidates require review; component identity is preserved.
TOI-530,1,unmatched_other,,,,485.1967506189817,unassigned,TOI-530,,,,Position candidates require review; component identity is preserved.
TOI-5300,1,unmatched_other,,,,530.0367294274796,unassigned,TOI-5300,,,,Position candidates require review; component identity is preserved.
TOI-5301,1,unmatched_other,,,,2052.048727606439,unassigned,TOI-5301,,,,Position candidates require review; component identity is preserved.
TOI-5319,1,unmatched_other,,,,199.51311781310906,unassigned,TOI-5319,,,,Position candidates require review; component identity is preserved.
TOI-532,1,unmatched_other,,,,440.46440341513033,unassigned,TOI-532,,,,Position candidates require review; component identity is preserved.
TOI-5322,1,unmatched_other,,,,1555.4365037673717,unassigned,TOI-5322,,,,Position candidates require review; component identity is preserved.
TOI-5335,1,unmatched_other,,,,1080.5202021740217,unassigned,TOI-5335,,,,Position candidates require review; component identity is preserved.
TOI-5340,1,unmatched_other,,,,1737.203453068913,unassigned,TOI-5340,,,,Position candidates require review; component identity is preserved.
TOI-5344,1,unmatched_other,,,,451.2927951553262,unassigned,TOI-5344,,,,Position candidates require review; component identity is preserved.
TOI-5349,1,unmatched_other,,,,614.2698755366058,unassigned,TOI-5349,,,,Position candidates require review; component identity is preserved.
TOI-5350,1,unmatched_other,,,,904.8197614980121,unassigned,TOI-5350,,,,Position candidates require review; component identity is preserved.
TOI-5380,1,unmatched_other,,,,935.3545215798537,unassigned,TOI-5380,,,,Position candidates require review; component identity is preserved.
TOI-5386 A,1,unmatched_other,,,,1286.641248199672,unassigned,TOI-5386 A,,,,Position candidates require review; component identity is preserved.
TOI-5388,1,unmatched_other,,,,60.412641218961504,unassigned,TOI-5388,,,,Position candidates require review; component identity is preserved.
TOI-5398,2,unmatched_other,,,,426.79192806124445,unassigned,TOI-5398,,,,Position candidates require review; component identity is preserved.
TOI-540,1,unmatched_other,,,,45.669068320653835,unassigned,TOI-540,,,,Position candidates require review; component identity is preserved.
TOI-5422,1,unmatched_other,,,,1128.9609473925125,unassigned,TOI-5422,,,,Position candidates require review; component identity is preserved.
TOI-544,2,unmatched_other,,,,134.1044132002825,unassigned,TOI-544,,,,Position candidates require review; component identity is preserved.
TOI-5486,1,unmatched_other,,,,292.5006272565303,unassigned,TOI-5486,,,,Position candidates require review; component identity is preserved.
TOI-5489,2,unmatched_other,,,,147.06619380712357,unassigned,TOI-5489,,,,Position candidates require review; component identity is preserved.
TOI-5502,1,unmatched_other,,,,811.0008794477909,unassigned,TOI-5502,,,,Position candidates require review; component identity is preserved.
TOI-5515,1,unmatched_other,,,,441.8081676913234,unassigned,TOI-5515,,,,Position candidates require review; component identity is preserved.
TOI-5532,1,unmatched_other,,,,296.7974113765707,unassigned,TOI-5532,,,,Position candidates require review; component identity is preserved.
TOI-5542,1,unmatched_other,,,,1137.7932621010818,unassigned,TOI-5542,,,,Position candidates require review; component identity is preserved.
TOI-5573,1,unmatched_other,,,,608.4838613959107,unassigned,TOI-5573,,,,Position candidates require review; component identity is preserved.
TOI-558,1,unmatched_other,,,,1313.2034236009235,unassigned,TOI-558,,,,Position candidates require review; component identity is preserved.
TOI-559,1,unmatched_other,,,,760.8119360447384,unassigned,TOI-559,,,,Position candidates require review; component identity is preserved.
TOI-5592,1,unmatched_other,,,,1947.2383756271638,unassigned,TOI-5592,,,,Position candidates require review; component identity is preserved.
TOI-5595,1,unmatched_other,,,,446.68746710196586,unassigned,TOI-5595,,,,Position candidates require review; component identity is preserved.
TOI-5599,1,unmatched_other,,,,1787.1673485713407,unassigned,TOI-5599,,,,Position candidates require review; component identity is preserved.
TOI-5605,1,unmatched_other,,,,310.08828376852796,unassigned,TOI-5605,,,,Position candidates require review; component identity is preserved.
TOI-561,4,unmatched_other,,,,279.83891051718865,unassigned,TOI-561,,,,Position candidates require review; component identity is preserved.
TOI-5614,1,unmatched_other,,,,727.3809073287723,unassigned,TOI-5614,,,,Position candidates require review; component identity is preserved.
TOI-5616,1,unmatched_other,,,,1273.3634220628235,unassigned,TOI-5616,,,,Position candidates require review; component identity is preserved.
TOI-5624,5,unmatched_other,,,,332.39574922246464,unassigned,TOI-5624,,,,Position candidates require review; component identity is preserved.
TOI-5628 A,1,unmatched_other,,,,358.8698624017327,unassigned,TOI-5628 A,,,,Position candidates require review; component identity is preserved.
TOI-5630,1,unmatched_other,,,,437.20283963796294,unassigned,TOI-5630,,,,Position candidates require review; component identity is preserved.
TOI-5634 A,1,unmatched_other,,,,998.5081809971467,unassigned,TOI-5634 A,,,,Position candidates require review; component identity is preserved.
TOI-564,1,unmatched_other,,,,650.9461602108535,unassigned,TOI-564,,,,Position candidates require review; component identity is preserved.
TOI-5678,1,unmatched_other,,,,539.4398177970533,unassigned,TOI-5678,,,,Position candidates require review; component identity is preserved.
TOI-5688 A,1,unmatched_other,,,,738.1505909209792,unassigned,TOI-5688 A,,,,Position candidates require review; component identity is preserved.
TOI-5704,1,unmatched_other,,,,292.3567922939572,unassigned,TOI-5704,,,,Position candidates require review; component identity is preserved.
TOI-5713,1,unmatched_other,,,,133.28967456874605,unassigned,TOI-5713,,,,Position candidates require review; component identity is preserved.
TOI-5716,1,unmatched_other,,,,128.5454038984783,unassigned,TOI-5716,,,,Position candidates require review; component identity is preserved.
TOI-5720,1,unmatched_other,,,,116.8474792552896,unassigned,TOI-5720,,,,Position candidates require review; component identity is preserved.
TOI-5726,1,unmatched_other,,,,355.0146940171208,unassigned,TOI-5726,,,,Position candidates require review; component identity is preserved.
TOI-5728,1,unmatched_other,,,,178.42221564805587,unassigned,TOI-5728,,,,Position candidates require review; component identity is preserved.
TOI-5734,1,unmatched_other,,,,106.03409070846868,unassigned,TOI-5734,,,,Position candidates require review; component identity is preserved.
TOI-5736,1,unmatched_other,,,,301.239335084695,unassigned,TOI-5736,,,,Position candidates require review; component identity is preserved.
TOI-5777,1,unmatched_other,,,,372.7217237633628,unassigned,TOI-5777,,,,Position candidates require review; component identity is preserved.
TOI-5786,1,unmatched_other,,,,627.7694880103018,unassigned,TOI-5786,,,,Position candidates require review; component identity is preserved.
TOI-5788,2,unmatched_other,,,,318.37428654442186,unassigned,TOI-5788,,,,Position candidates require review; component identity is preserved.
TOI-5789,4,unmatched_other,,,,66.72539790966907,unassigned,TOI-5789,,,,Position candidates require review; component identity is preserved.
TOI-5795,1,unmatched_other,,,,510.53257804001834,unassigned,TOI-5795,,,,Position candidates require review; component identity is preserved.
TOI-5799,2,unmatched_other,,,,90.7115902397138,unassigned,TOI-5799,,,,Position candidates require review; component identity is preserved.
TOI-5800,1,unmatched_other,,,,139.93804617212416,unassigned,TOI-5800,,,,Position candidates require review; component identity is preserved.
TOI-5803,1,unmatched_other,,,,274.01245298565675,unassigned,TOI-5803,,,,Position candidates require review; component identity is preserved.
TOI-5806,1,unmatched_other,,,,388.7751406745809,unassigned,TOI-5806,,,,Position candidates require review; component identity is preserved.
TOI-5811 B,1,unmatched_other,,,,554.9061532283812,unassigned,TOI-5811 B,,,,Position candidates require review; component identity is preserved.
TOI-5817,1,unmatched_other,,,,263.38497357413434,unassigned,TOI-5817,,,,Position candidates require review; component identity is preserved.
TOI-5882,1,unmatched_other,,,,1357.1497339344776,unassigned,TOI-5882,,,,Position candidates require review; component identity is preserved.
TOI-5916,1,unmatched_other,,,,651.4125638309885,unassigned,TOI-5916,,,,Position candidates require review; component identity is preserved.
TOI-5926,1,unmatched_other,,,,897.2659797900924,unassigned,TOI-5926,,,,Position candidates require review; component identity is preserved.
TOI-5938,1,unmatched_other,,,,371.93242532928826,unassigned,TOI-5938,,,,Position candidates require review; component identity is preserved.
TOI-6000,1,unmatched_other,,,,247.11694576637862,unassigned,TOI-6000,,,,Position candidates require review; component identity is preserved.
TOI-6002,1,unmatched_other,,,,104.45679846583053,unassigned,TOI-6002,,,,Position candidates require review; component identity is preserved.
TOI-6008,1,unmatched_other,,,,75.34473250358944,unassigned,TOI-6008,,,,Position candidates require review; component identity is preserved.
TOI-6016,1,unmatched_other,,,,1189.5412329896203,unassigned,TOI-6016,,,,Position candidates require review; component identity is preserved.
TOI-6019,1,unmatched_other,,,,849.1220368753238,unassigned,TOI-6019,,,,Position candidates require review; component identity is preserved.
TOI-6029,1,unmatched_other,,,,1967.1110837214453,unassigned,TOI-6029,,,,Position candidates require review; component identity is preserved.
TOI-603,1,unmatched_other,,,,671.6342592494266,unassigned,TOI-603,,,,Position candidates require review; component identity is preserved.
TOI-6034,1,unmatched_other,,,,384.8384331955398,unassigned,TOI-6034,,,,Position candidates require review; component identity is preserved.
TOI-6038 A,1,unmatched_other,,,,584.2993659882142,unassigned,TOI-6038 A,,,,Position candidates require review; component identity is preserved.
TOI-6041,2,unmatched_other,,,,236.37563777903313,unassigned,TOI-6041,,,,Position candidates require review; component identity is preserved.
TOI-6054,2,unmatched_other,,,,258.99099485353435,unassigned,TOI-6054,,,,Position candidates require review; component identity is preserved.
TOI-6080,1,unmatched_other,,,,613.7708562786991,unassigned,TOI-6080,,,,Position candidates require review; component identity is preserved.
TOI-6086,1,unmatched_other,,,,102.59770711284509,unassigned,TOI-6086,,,,Position candidates require review; component identity is preserved.
TOI-6109,2,unmatched_other,,,,494.90316441983197,unassigned,TOI-6109,,,,Position candidates require review; component identity is preserved.
TOI-6130,1,unmatched_other,,,,720.420730228297,unassigned,TOI-6130,,,,Position candidates require review; component identity is preserved.
TOI-615,1,unmatched_other,,,,1175.4936778013603,unassigned,TOI-615,,,,Position candidates require review; component identity is preserved.
TOI-6158,1,unmatched_other,,,,590.2125811162188,unassigned,TOI-6158,,,,Position candidates require review; component identity is preserved.
TOI-620,1,unmatched_other,,,,107.70694676977786,unassigned,TOI-620,,,,Position candidates require review; component identity is preserved.
TOI-622,1,unmatched_other,,,,402.141029033413,unassigned,TOI-622,,,,Position candidates require review; component identity is preserved.
TOI-6223,1,unmatched_other,,,,434.1858931440831,unassigned,TOI-6223,,,,Position candidates require review; component identity is preserved.
TOI-6255,1,unmatched_other,,,,66.26421279157759,unassigned,TOI-6255,,,,Position candidates require review; component identity is preserved.
TOI-628,1,unmatched_other,,,,582.776215704277,unassigned,TOI-628,,,,Position candidates require review; component identity is preserved.
TOI-6281,1,unmatched_other,,,,188.33932646891117,unassigned,TOI-6281,,,,Position candidates require review; component identity is preserved.
TOI-6303,1,unmatched_other,,,,496.4719765966495,unassigned,TOI-6303,,,,Position candidates require review; component identity is preserved.
TOI-6324,1,unmatched_other,,,,67.02122174425816,unassigned,TOI-6324,,,,Position candidates require review; component identity is preserved.
TOI-6330,1,unmatched_other,,,,453.49435070491427,unassigned,TOI-6330,,,,Position candidates require review; component identity is preserved.
TOI-6383 A,1,unmatched_other,,,,558.7678447405475,unassigned,TOI-6383 A,,,,Position candidates require review; component identity is preserved.
TOI-6393,1,unmatched_other,,,,607.397760658114,unassigned,TOI-6393,,,,Position candidates require review; component identity is preserved.
TOI-640,1,unmatched_other,,,,1115.4450270999307,unassigned,TOI-640,,,,Position candidates require review; component identity is preserved.
TOI-6420,1,unmatched_other,,,,2070.153668133496,unassigned,TOI-6420,,,,Position candidates require review; component identity is preserved.
TOI-6448,1,unmatched_other,,,,1261.8305325467595,unassigned,TOI-6448,,,,Position candidates require review; component identity is preserved.
TOI-6478,1,unmatched_other,,,,125.91495271219277,unassigned,TOI-6478,,,,Position candidates require review; component identity is preserved.
TOI-654,1,unmatched_other,,,,188.37259441943826,unassigned,TOI-654,,,,Position candidates require review; component identity is preserved.
TOI-6564,1,unmatched_other,,,,624.1719831640861,unassigned,TOI-6564,,,,Position candidates require review; component identity is preserved.
TOI-6628,1,unmatched_other,,,,1045.4192528041458,unassigned,TOI-6628,,,,Position candidates require review; component identity is preserved.
TOI-663,3,unmatched_other,,,,209.492850658486,unassigned,TOI-663,,,,Position candidates require review; component identity is preserved.
TOI-6651,1,unmatched_other,,,,691.8690009229732,unassigned,TOI-6651,,,,Position candidates require review; component identity is preserved.
TOI-6677,1,unmatched_other,,,,1110.6276974010543,unassigned,TOI-6677,,,,Position candidates require review; component identity is preserved.
TOI-669,1,unmatched_other,,,,465.96983215257967,unassigned,TOI-669,,,,Position candidates require review; component identity is preserved.
TOI-6692,1,unmatched_other,,,,1020.5530905670214,unassigned,TOI-6692,,,,Position candidates require review; component identity is preserved.
TOI-6695,2,unmatched_other,,,,921.509183345778,unassigned,TOI-6695,,,,Position candidates require review; component identity is preserved.
TOI-6699,1,unmatched_other,,,,279.9931824838486,unassigned,TOI-6699,,,,Position candidates require review; component identity is preserved.
TOI-6707,1,unmatched_other,,,,2092.185531448262,unassigned,TOI-6707,,,,Position candidates require review; component identity is preserved.
TOI-6716,1,unmatched_other,,,,61.60213352849446,unassigned,TOI-6716,,,,Position candidates require review; component identity is preserved.
TOI-672,1,unmatched_other,,,,218.22177379531917,unassigned,TOI-672,,,,Position candidates require review; component identity is preserved.
TOI-674,1,unmatched_other,,,,150.30949282713888,unassigned,TOI-674,,,,Position candidates require review; component identity is preserved.
TOI-677,1,unmatched_other,,,,462.5288823676681,unassigned,TOI-677,,,,Position candidates require review; component identity is preserved.
TOI-682,1,unmatched_other,,,,271.21468357760244,unassigned,TOI-682,,,,Position candidates require review; component identity is preserved.
TOI-6884,1,unmatched_other,,,,1834.2251907483123,unassigned,TOI-6884,,,,Position candidates require review; component identity is preserved.
TOI-6894,1,unmatched_other,,,,240.7461332404375,unassigned,TOI-6894,,,,Position candidates require review; component identity is preserved.
TOI-6954,1,unmatched_other,,,,619.8341033404533,unassigned,TOI-6954,,,,Position candidates require review; component identity is preserved.
TOI-697,1,unmatched_other,,,,305.8414015742783,unassigned,TOI-697,,,,Position candidates require review; component identity is preserved.
TOI-700,4,unmatched_other,,,,101.52106491000211,unassigned,TOI-700,,,,Position candidates require review; component identity is preserved.
TOI-7008,1,unmatched_other,,,,1338.7642989225849,unassigned,TOI-7008,,,,Position candidates require review; component identity is preserved.
TOI-7009,1,unmatched_other,,,,600.5191226520678,unassigned,TOI-7009,,,,Position candidates require review; component identity is preserved.
TOI-7041,1,unmatched_other,,,,1433.5225113406302,unassigned,TOI-7041,,,,Position candidates require review; component identity is preserved.
TOI-707,1,unmatched_other,,,,427.1311306940699,unassigned,TOI-707,,,,Position candidates require review; component identity is preserved.
TOI-712,3,unmatched_other,,,,191.19678249408756,unassigned,TOI-712,,,,Position candidates require review; component identity is preserved.
TOI-7149,1,unmatched_other,,,,411.3679929590197,unassigned,TOI-7149,,,,Position candidates require review; component identity is preserved.
TOI-715,1,unmatched_other,,,,138.3059596580296,unassigned,TOI-715,,,,Position candidates require review; component identity is preserved.
TOI-7155,1,unmatched_other,,,,472.11461830876317,unassigned,TOI-7155,,,,Position candidates require review; component identity is preserved.
TOI-7166,1,unmatched_other,,,,115.5092596375178,unassigned,TOI-7166,,,,Position candidates require review; component identity is preserved.
TOI-7169,1,unmatched_other,,,,1523.6427800675438,unassigned,TOI-7169,,,,Position candidates require review; component identity is preserved.
TOI-7189,1,unmatched_other,,,,626.5137859560923,unassigned,TOI-7189,,,,Position candidates require review; component identity is preserved.
TOI-7265 B,1,unmatched_other,,,,469.5673369987954,unassigned,TOI-7265 B,,,,Position candidates require review; component identity is preserved.
TOI-733,1,unmatched_other,,,,245.2996024297409,unassigned,TOI-733,,,,Position candidates require review; component identity is preserved.
TOI-7333,1,unmatched_other,,,,512.7732723549324,unassigned,TOI-7333,,,,Position candidates require review; component identity is preserved.
TOI-7384,1,unmatched_other,,,,217.8404969897683,unassigned,TOI-7384,,,,Position candidates require review; component identity is preserved.
TOI-7393,1,unmatched_other,,,,616.5594933081773,unassigned,TOI-7393,,,,Position candidates require review; component identity is preserved.
TOI-7394 B,1,unmatched_other,,,,619.6514557689319,unassigned,TOI-7394 B,,,,Position candidates require review; component identity is preserved.
TOI-7510,3,unmatched_other,,,,812.1489498973539,unassigned,TOI-7510,,,,Position candidates require review; component identity is preserved.
TOI-756,2,unmatched_other,,,,281.068193904803,unassigned,TOI-756,,,,Position candidates require review; component identity is preserved.
TOI-757,1,unmatched_other,,,,196.80862912908182,unassigned,TOI-757,,,,Position candidates require review; component identity is preserved.
TOI-762 A,1,unmatched_other,,,,321.0872552942697,unassigned,TOI-762 A,,,,Position candidates require review; component identity is preserved.
TOI-763,2,unmatched_other,,,,310.2640820561173,unassigned,TOI-763,,,,Position candidates require review; component identity is preserved.
TOI-771,2,unmatched_other,,,,82.44841841026012,unassigned,TOI-771,,,,Position candidates require review; component identity is preserved.
TOI-776,2,unmatched_other,,,,88.61701398201689,unassigned,TOI-776,,,,Position candidates require review; component identity is preserved.
TOI-778,1,unmatched_other,,,,527.5351100103921,unassigned,TOI-778,,,,Position candidates require review; component identity is preserved.
TOI-782,1,unmatched_other,,,,171.2718893793717,unassigned,TOI-782,,,,Position candidates require review; component identity is preserved.
TOI-791,2,unmatched_other,,,,1112.9140536088487,unassigned,TOI-791,,,,Position candidates require review; component identity is preserved.
TOI-799,1,unmatched_other,,,,517.0426593392446,unassigned,TOI-799,,,,Position candidates require review; component identity is preserved.
TOI-808,1,unmatched_other,,,,320.235987148429,unassigned,TOI-808,,,,Position candidates require review; component identity is preserved.
TOI-813,1,unmatched_other,,,,858.2642001427241,unassigned,TOI-813,,,,Position candidates require review; component identity is preserved.
TOI-815,2,unmatched_other,,,,194.75351779308863,unassigned,TOI-815,,,,Position candidates require review; component identity is preserved.
TOI-824,1,unmatched_other,,,,208.49937833196077,unassigned,TOI-824,,,,Position candidates require review; component identity is preserved.
TOI-833,1,unmatched_other,,,,136.05548065178402,unassigned,TOI-833,,,,Position candidates require review; component identity is preserved.
TOI-836,2,unmatched_other,,,,89.70083162516963,unassigned,TOI-836,,,,Position candidates require review; component identity is preserved.
TOI-837,1,unmatched_other,,,,464.7336994810332,unassigned,TOI-837,,,,Position candidates require review; component identity is preserved.
TOI-849,1,unmatched_other,,,,736.2458376751134,unassigned,TOI-849,,,,Position candidates require review; component identity is preserved.
TOI-858 B,1,unmatched_other,,,,816.9858489788932,unassigned,TOI-858 B,,,,Position candidates require review; component identity is preserved.
TOI-871,1,unmatched_other,,,,221.9406088140455,unassigned,TOI-871,,,,Position candidates require review; component identity is preserved.
TOI-880,2,unmatched_other,,,,197.87222507681614,unassigned,TOI-880,,,,Position candidates require review; component identity is preserved.
TOI-883,1,unmatched_other,,,,334.75712139713386,unassigned,TOI-883,,,,Position candidates require review; component identity is preserved.
TOI-892,1,unmatched_other,,,,1110.7027133679292,unassigned,TOI-892,,,,Position candidates require review; component identity is preserved.
TOI-904,2,unmatched_other,,,,150.32253908224754,unassigned,TOI-904,,,,Position candidates require review; component identity is preserved.
TOI-905,1,unmatched_other,,,,517.4438316838362,unassigned,TOI-905,,,,Position candidates require review; component identity is preserved.
TOI-907,1,unmatched_other,,,,1019.3332657143608,unassigned,TOI-907,,,,Position candidates require review; component identity is preserved.
TOI-908,1,unmatched_other,,,,573.2133107096221,unassigned,TOI-908,,,,Position candidates require review; component identity is preserved.
TOI-912,1,unmatched_other,,,,85.1502978432656,unassigned,TOI-912,,,,Position candidates require review; component identity is preserved.
TOI-913,1,unmatched_other,,,,212.5786161480641,unassigned,TOI-913,,,,Position candidates require review; component identity is preserved.
TOI-921,1,unmatched_other,,,,958.9486739438829,unassigned,TOI-921,,,,Position candidates require review; component identity is preserved.
TOI-929,1,unmatched_other,,,,373.1913889472749,unassigned,TOI-929,,,,Position candidates require review; component identity is preserved.
TOI-938,1,unmatched_other,,,,701.3471052594218,unassigned,TOI-938,,,,Position candidates require review; component identity is preserved.
TOI-941,1,unmatched_other,,,,859.0502370130216,unassigned,TOI-941,,,,Position candidates require review; component identity is preserved.
TOI-942,2,unmatched_other,,,,497.7178939595275,unassigned,TOI-942,,,,Position candidates require review; component identity is preserved.
TOI-954,1,unmatched_other,,,,778.7570599467138,unassigned,TOI-954,,,,Position candidates require review; component identity is preserved.
TOI-969,2,unmatched_other,,,,251.97341423058091,unassigned,TOI-969,,,,Position candidates require review; component identity is preserved.
TRAPPIST-1,7,unmatched_other,,,,,unassigned,TRAPPIST-1,,,,Position candidates require review; component identity is preserved.
TWA 7,1,unmatched_other,,,,110.87946985582863,unassigned,TWA 7,,,,Position candidates require review; component identity is preserved.
TYC 0434-04538-1,1,unmatched_other,,,,2000.7149753176013,unassigned,TYC 0434-04538-1,,,,Position candidates require review; component identity is preserved.
TYC 1422-614-1,2,unmatched_other,,,,2193.1080994051536,unassigned,TYC 1422-614-1,,,,Position candidates require review; component identity is preserved.
TYC 2187-512-1,1,unmatched_other,,,,50.47074251339973,unassigned,TYC 2187-512-1,,,,Position candidates require review; component identity is preserved.
TYC 3318-01333-1,1,unmatched_other,,,,1600.1558047161145,unassigned,TYC 3318-01333-1,,,,Position candidates require review; component identity is preserved.
TYC 3667-1280-1,1,unmatched_other,,,,1557.4488886178842,unassigned,TYC 3667-1280-1,,,,Position candidates require review; component identity is preserved.
TYC 4282-00605-1,1,unmatched_other,,,,1513.7830727691664,unassigned,TYC 4282-00605-1,,,,Position candidates require review; component identity is preserved.
TYC 8998-760-1,2,unmatched_other,,,,308.60166299889505,unassigned,TYC 8998-760-1,,,,Position candidates require review; component identity is preserved.
Teegarden's Star,3,unmatched_nearby,,,,12.49433328629746,unassigned,Teegarden's Star,,,,Position candidates require review; component identity is preserved.
TrES-1,1,unmatched_other,,,,520.7347495349981,unassigned,TrES-1,,,,Position candidates require review; component identity is preserved.
TrES-2,1,unmatched_other,,,,702.2799124996917,unassigned,TrES-2,,,,Position candidates require review; component identity is preserved.
TrES-3,1,unmatched_other,,,,754.5203795185824,unassigned,TrES-3,,,,Position candidates require review; component identity is preserved.
TrES-4,1,unmatched_other,,,,1682.9016777428524,unassigned,TrES-4,,,,Position candidates require review; component identity is preserved.
TrES-5,1,unmatched_other,,,,1175.1838292425293,unassigned,TrES-5,,,,Position candidates require review; component identity is preserved.
UCAC3 113-933,1,unmatched_other,,,,171.50248193841745,unassigned,UCAC3 113-933,,,,Position candidates require review; component identity is preserved.
UCAC4 328-061594,1,unmatched_other,,,,130.16542262659738,unassigned,UCAC4 328-061594,,,,Position candidates require review; component identity is preserved.
UKIRT-2017-BLG-001L,1,unmatched_other,,,,20547.85179615483,unassigned,UKIRT-2017-BLG-001L,,,,Position candidates require review; component identity is preserved.
USco CTIO 108,1,unmatched_other,,,,469.7271536238766,unassigned,USco CTIO 108,,,,Position candidates require review; component identity is preserved.
USco1556 A,1,unmatched_other,,,,458.69002180194195,unassigned,USco1556 A,,,,Position candidates require review; component identity is preserved.
USco1621 A,1,unmatched_other,,,,449.77290643516625,unassigned,USco1621 A,,,,Position candidates require review; component identity is preserved.
UZ For,2,unmatched_other,,,,,unassigned,UZ For,,,,Position candidates require review; component identity is preserved.
V0391 Peg,1,unmatched_other,,,,3900.765046216707,unassigned,V0391 Peg,,,,Position candidates require review; component identity is preserved.
V1298 Tau,4,unmatched_other,,,,352.89793912573913,unassigned,V1298 Tau,,,,Position candidates require review; component identity is preserved.
V2376 Ori,1,unmatched_other,,,,,unassigned,V2376 Ori,,,,Position candidates require review; component identity is preserved.
V830 Tau,1,unmatched_other,,,,424.3653246110319,unassigned,V830 Tau,,,,Position candidates require review; component identity is preserved.
VHS J125601.92-125723.9,1,unmatched_other,,,,,unassigned,VHS J125601.92-125723.9,,,,Position candidates require review; component identity is preserved.
WASP-1,1,unmatched_other,,,,1282.0293970187574,unassigned,WASP-1,,,,Position candidates require review; component identity is preserved.
WASP-10,1,unmatched_other,,,,459.87396945305375,unassigned,WASP-10,,,,Position candidates require review; component identity is preserved.
WASP-100,1,unmatched_other,,,,1188.5497176013616,unassigned,WASP-100,,,,Position candidates require review; component identity is preserved.
WASP-101,1,unmatched_other,,,,656.3049094967396,unassigned,WASP-101,,,,Position candidates require review; component identity is preserved.
WASP-102,1,unmatched_other,,,,1747.183838227045,unassigned,WASP-102,,,,Position candidates require review; component identity is preserved.
WASP-103,1,unmatched_other,,,,1225.1966482016148,unassigned,WASP-103,,,,Position candidates require review; component identity is preserved.
WASP-104,1,unmatched_other,,,,606.4290762162951,unassigned,WASP-104,,,,Position candidates require review; component identity is preserved.
WASP-105,1,unmatched_other,,,,552.0914236886857,unassigned,WASP-105,,,,Position candidates require review; component identity is preserved.
WASP-106,1,unmatched_other,,,,1148.6607926066038,unassigned,WASP-106,,,,Position candidates require review; component identity is preserved.
WASP-107,2,unmatched_other,,,,211.15820512310765,unassigned,WASP-107,,,,Position candidates require review; component identity is preserved.
WASP-108,1,unmatched_other,,,,844.0176895640568,unassigned,WASP-108,,,,Position candidates require review; component identity is preserved.
WASP-11,1,unmatched_other,,,,406.814849926094,unassigned,WASP-11,,,,Position candidates require review; component identity is preserved.
WASP-110,1,unmatched_other,,,,896.7995761699574,unassigned,WASP-110,,,,Position candidates require review; component identity is preserved.
WASP-113,1,unmatched_other,,,,1419.2890470170717,unassigned,WASP-113,,,,Position candidates require review; component identity is preserved.
WASP-114,1,unmatched_other,,,,1706.897002451473,unassigned,WASP-114,,,,Position candidates require review; component identity is preserved.
WASP-116,1,unmatched_other,,,,1824.006711434447,unassigned,WASP-116,,,,Position candidates require review; component identity is preserved.
WASP-117,1,unmatched_other,,,,515.2063989326992,unassigned,WASP-117,,,,Position candidates require review; component identity is preserved.
WASP-118,1,unmatched_other,,,,1228.4940891803312,unassigned,WASP-118,,,,Position candidates require review; component identity is preserved.
WASP-119,1,unmatched_other,,,,986.4534412767358,unassigned,WASP-119,,,,Position candidates require review; component identity is preserved.
WASP-12,1,unmatched_other,,,,1393.490077539677,unassigned,WASP-12,,,,Position candidates require review; component identity is preserved.
WASP-120,1,unmatched_other,,,,1243.2233111980192,unassigned,WASP-120,,,,Position candidates require review; component identity is preserved.
WASP-121,1,unmatched_other,,,,880.289540329936,unassigned,WASP-121,,,,Position candidates require review; component identity is preserved.
WASP-123,1,unmatched_other,,,,645.7765816240432,unassigned,WASP-123,,,,Position candidates require review; component identity is preserved.
WASP-124,1,unmatched_other,,,,1463.2581882970658,unassigned,WASP-124,,,,Position candidates require review; component identity is preserved.
WASP-126,1,unmatched_other,,,,706.2133584149557,unassigned,WASP-126,,,,Position candidates require review; component identity is preserved.
WASP-127,1,unmatched_other,,,,520.2422534046458,unassigned,WASP-127,,,,Position candidates require review; component identity is preserved.
WASP-129,1,unmatched_other,,,,983.2375393924488,unassigned,WASP-129,,,,Position candidates require review; component identity is preserved.
WASP-13,1,unmatched_other,,,,742.1264371653463,unassigned,WASP-13,,,,Position candidates require review; component identity is preserved.
WASP-130,1,unmatched_other,,,,561.8239299997534,unassigned,WASP-130,,,,Position candidates require review; component identity is preserved.
WASP-131,1,unmatched_other,,,,652.5573727167741,unassigned,WASP-131,,,,Position candidates require review; component identity is preserved.
WASP-132,3,unmatched_other,,,,400.8788038516492,unassigned,WASP-132,,,,Position candidates require review; component identity is preserved.
WASP-133,1,unmatched_other,,,,1823.4881227938772,unassigned,WASP-133,,,,Position candidates require review; component identity is preserved.
WASP-135,1,unmatched_other,,,,972.6439802442089,unassigned,WASP-135,,,,Position candidates require review; component identity is preserved.
WASP-136,1,unmatched_other,,,,898.8445766582414,unassigned,WASP-136,,,,Position candidates require review; component identity is preserved.
WASP-138,1,unmatched_other,,,,1351.0506096711745,unassigned,WASP-138,,,,Position candidates require review; component identity is preserved.
WASP-139,1,unmatched_other,,,,692.9909788623189,unassigned,WASP-139,,,,Position candidates require review; component identity is preserved.
WASP-14,1,unmatched_other,,,,528.3635472097927,unassigned,WASP-14,,,,Position candidates require review; component identity is preserved.
WASP-140,1,unmatched_other,,,,383.5533770673358,unassigned,WASP-140,,,,Position candidates require review; component identity is preserved.
WASP-141,1,unmatched_other,,,,1684.7379381493975,unassigned,WASP-141,,,,Position candidates require review; component identity is preserved.
WASP-142,1,unmatched_other,,,,2383.9845963363236,unassigned,WASP-142,,,,Position candidates require review; component identity is preserved.
WASP-144,1,unmatched_other,,,,1159.5283231121257,unassigned,WASP-144,,,,Position candidates require review; component identity is preserved.
WASP-145 A,1,unmatched_other,,,,297.7775112916095,unassigned,WASP-145 A,,,,Position candidates require review; component identity is preserved.
WASP-147,1,unmatched_other,,,,1422.3614400951633,unassigned,WASP-147,,,,Position candidates require review; component identity is preserved.
WASP-148,2,unmatched_other,,,,803.4960211965288,unassigned,WASP-148,,,,Position candidates require review; component identity is preserved.
WASP-149,1,unmatched_other,,,,690.5708985396606,unassigned,WASP-149,,,,Position candidates require review; component identity is preserved.
WASP-15,1,unmatched_other,,,,920.0577874649384,unassigned,WASP-15,,,,Position candidates require review; component identity is preserved.
WASP-150,1,unmatched_other,,,,1722.089366525519,unassigned,WASP-150,,,,Position candidates require review; component identity is preserved.
WASP-151,1,unmatched_other,,,,1477.8112858707868,unassigned,WASP-151,,,,Position candidates require review; component identity is preserved.
WASP-153,1,unmatched_other,,,,1990.1279392969159,unassigned,WASP-153,,,,Position candidates require review; component identity is preserved.
WASP-154,1,unmatched_other,,,,702.870255543359,unassigned,WASP-154,,,,Position candidates require review; component identity is preserved.
WASP-155,1,unmatched_other,,,,1303.4187322694213,unassigned,WASP-155,,,,Position candidates require review; component identity is preserved.
WASP-156,1,unmatched_other,,,,398.12604402371994,unassigned,WASP-156,,,,Position candidates require review; component identity is preserved.
WASP-157,1,unmatched_other,,,,1089.4829794336779,unassigned,WASP-157,,,,Position candidates require review; component identity is preserved.
WASP-158,1,unmatched_other,,,,1712.2981520664625,unassigned,WASP-158,,,,Position candidates require review; component identity is preserved.
WASP-159,1,unmatched_other,,,,2333.26727960137,unassigned,WASP-159,,,,Position candidates require review; component identity is preserved.
WASP-16,1,unmatched_other,,,,633.1804223166224,unassigned,WASP-16,,,,Position candidates require review; component identity is preserved.
WASP-160 B,1,unmatched_other,,,,940.3936376155774,unassigned,WASP-160 B,,,,Position candidates require review; component identity is preserved.
WASP-161,1,unmatched_other,,,,1118.977300670603,unassigned,WASP-161,,,,Position candidates require review; component identity is preserved.
WASP-162,1,unmatched_other,,,,1013.8277460585022,unassigned,WASP-162,,,,Position candidates require review; component identity is preserved.
WASP-163,1,unmatched_other,,,,852.5271094586868,unassigned,WASP-163,,,,Position candidates require review; component identity is preserved.
WASP-164,1,unmatched_other,,,,1068.1817064049974,unassigned,WASP-164,,,,Position candidates require review; component identity is preserved.
WASP-165,1,unmatched_other,,,,1964.2311229062063,unassigned,WASP-165,,,,Position candidates require review; component identity is preserved.
WASP-166,1,unmatched_other,,,,372.3825211305374,unassigned,WASP-166,,,,Position candidates require review; component identity is preserved.
WASP-167,1,unmatched_other,,,,1381.4418609468207,unassigned,WASP-167,,,,Position candidates require review; component identity is preserved.
WASP-168,1,unmatched_other,,,,991.3229559960467,unassigned,WASP-168,,,,Position candidates require review; component identity is preserved.
WASP-169,1,unmatched_other,,,,2045.2157514932737,unassigned,WASP-169,,,,Position candidates require review; component identity is preserved.
WASP-17,1,unmatched_other,,,,1323.8948296624785,unassigned,WASP-17,,,,Position candidates require review; component identity is preserved.
WASP-170,1,unmatched_other,,,,996.7436749936992,unassigned,WASP-170,,,,Position candidates require review; component identity is preserved.
WASP-171,1,unmatched_other,,,,2471.7434928885677,unassigned,WASP-171,,,,Position candidates require review; component identity is preserved.
WASP-172,1,unmatched_other,,,,1755.0800841315677,unassigned,WASP-172,,,,Position candidates require review; component identity is preserved.
WASP-173 A,1,unmatched_other,,,,759.8791288044686,unassigned,WASP-173 A,,,,Position candidates require review; component identity is preserved.
WASP-174,1,unmatched_other,,,,1337.7271216414456,unassigned,WASP-174,,,,Position candidates require review; component identity is preserved.
WASP-175,1,unmatched_other,,,,1759.157038853027,unassigned,WASP-175,,,,Position candidates require review; component identity is preserved.
WASP-176,1,unmatched_other,,,,1853.9380822175124,unassigned,WASP-176,,,,Position candidates require review; component identity is preserved.
WASP-177,1,unmatched_other,,,,576.7031839511912,unassigned,WASP-177,,,,Position candidates require review; component identity is preserved.
WASP-178,1,unmatched_other,,,,1394.8990730914136,unassigned,WASP-178,,,,Position candidates require review; component identity is preserved.
WASP-18,1,unmatched_other,,,,402.7476798959662,unassigned,WASP-18,,,,Position candidates require review; component identity is preserved.
WASP-180 A,1,unmatched_other,,,,828.3882759438706,unassigned,WASP-180 A,,,,Position candidates require review; component identity is preserved.
WASP-181,1,unmatched_other,,,,1426.9178446918663,unassigned,WASP-181,,,,Position candidates require review; component identity is preserved.
WASP-182,1,unmatched_other,,,,1068.4948165276055,unassigned,WASP-182,,,,Position candidates require review; component identity is preserved.
WASP-183,1,unmatched_other,,,,1061.2378371234079,unassigned,WASP-183,,,,Position candidates require review; component identity is preserved.
WASP-184,1,unmatched_other,,,,2163.170205494534,unassigned,WASP-184,,,,Position candidates require review; component identity is preserved.
WASP-185,1,unmatched_other,,,,911.1178411517226,unassigned,WASP-185,,,,Position candidates require review; component identity is preserved.
WASP-186,1,unmatched_other,,,,908.3911738340106,unassigned,WASP-186,,,,Position candidates require review; component identity is preserved.
WASP-187,1,unmatched_other,,,,1211.390448732865,unassigned,WASP-187,,,,Position candidates require review; component identity is preserved.
WASP-188,1,unmatched_other,,,,2202.4720490094014,unassigned,WASP-188,,,,Position candidates require review; component identity is preserved.
WASP-189,1,unmatched_other,,,,325.27901706068525,unassigned,WASP-189,,,,Position candidates require review; component identity is preserved.
WASP-19,1,unmatched_other,,,,875.1591005084515,unassigned,WASP-19,,,,Position candidates require review; component identity is preserved.
WASP-190,1,unmatched_other,,,,1768.5862197328179,unassigned,WASP-190,,,,Position candidates require review; component identity is preserved.
WASP-192,1,unmatched_other,,,,1659.7608827438492,unassigned,WASP-192,,,,Position candidates require review; component identity is preserved.
WASP-193,1,unmatched_other,,,,1180.9698433832243,unassigned,WASP-193,,,,Position candidates require review; component identity is preserved.
WASP-194,1,unmatched_other,,,,1555.2147174305244,unassigned,WASP-194,,,,Position candidates require review; component identity is preserved.
WASP-195,1,unmatched_other,,,,1581.3757204871843,unassigned,WASP-195,,,,Position candidates require review; component identity is preserved.
WASP-197,1,unmatched_other,,,,1577.5368599214582,unassigned,WASP-197,,,,Position candidates require review; component identity is preserved.
WASP-2,1,unmatched_other,,,,499.8085563406918,unassigned,WASP-2,,,,Position candidates require review; component identity is preserved.
WASP-20,1,unmatched_other,,,,691.0503484149043,unassigned,WASP-20,,,,Position candidates require review; component identity is preserved.
WASP-21,1,unmatched_other,,,,842.872880678271,unassigned,WASP-21,,,,Position candidates require review; component identity is preserved.
WASP-22,1,unmatched_other,,,,1036.0422569447894,unassigned,WASP-22,,,,Position candidates require review; component identity is preserved.
WASP-23,1,unmatched_other,,,,676.7418681244708,unassigned,WASP-23,,,,Position candidates require review; component identity is preserved.
WASP-24,1,unmatched_other,,,,1050.5953545185105,unassigned,WASP-24,,,,Position candidates require review; component identity is preserved.
WASP-25,1,unmatched_other,,,,689.54676751363,unassigned,WASP-25,,,,Position candidates require review; component identity is preserved.
WASP-26,1,unmatched_other,,,,824.3895987530632,unassigned,WASP-26,,,,Position candidates require review; component identity is preserved.
WASP-28,1,unmatched_other,,,,1136.6354069601875,unassigned,WASP-28,,,,Position candidates require review; component identity is preserved.
WASP-29,1,unmatched_other,,,,285.69765753011444,unassigned,WASP-29,,,,Position candidates require review; component identity is preserved.
WASP-3,1,unmatched_other,,,,753.9463442938011,unassigned,WASP-3,,,,Position candidates require review; component identity is preserved.
WASP-31,1,unmatched_other,,,,1251.8827630263988,unassigned,WASP-31,,,,Position candidates require review; component identity is preserved.
WASP-32,1,unmatched_other,,,,900.1720331155486,unassigned,WASP-32,,,,Position candidates require review; component identity is preserved.
WASP-33,1,unmatched_other,,,,397.72813324290547,unassigned,WASP-33,,,,Position candidates require review; component identity is preserved.
WASP-34,1,unmatched_other,,,,430.8395287087093,unassigned,WASP-34,,,,Position candidates require review; component identity is preserved.
WASP-35,1,unmatched_other,,,,659.546903891244,unassigned,WASP-35,,,,Position candidates require review; component identity is preserved.
WASP-36,1,unmatched_other,,,,1260.0921190535291,unassigned,WASP-36,,,,Position candidates require review; component identity is preserved.
WASP-37,1,unmatched_other,,,,1281.1128975973734,unassigned,WASP-37,,,,Position candidates require review; component identity is preserved.
WASP-38,1,unmatched_other,,,,444.35544900129116,unassigned,WASP-38,,,,Position candidates require review; component identity is preserved.
WASP-39,1,unmatched_other,,,,697.9159401658417,unassigned,WASP-39,,,,Position candidates require review; component identity is preserved.
WASP-4,1,unmatched_other,,,,871.5094106418012,unassigned,WASP-4,,,,Position candidates require review; component identity is preserved.
WASP-41,2,unmatched_other,,,,532.8449358396208,unassigned,WASP-41,,,,Position candidates require review; component identity is preserved.
WASP-42,1,unmatched_other,,,,578.2459036177914,unassigned,WASP-42,,,,Position candidates require review; component identity is preserved.
WASP-43,1,unmatched_other,,,,282.9298945088102,unassigned,WASP-43,,,,Position candidates require review; component identity is preserved.
WASP-44,1,unmatched_other,,,,1188.8791355428555,unassigned,WASP-44,,,,Position candidates require review; component identity is preserved.
WASP-45,1,unmatched_other,,,,688.8292234826532,unassigned,WASP-45,,,,Position candidates require review; component identity is preserved.
WASP-46,1,unmatched_other,,,,1224.0975012087094,unassigned,WASP-46,,,,Position candidates require review; component identity is preserved.
WASP-47,4,unmatched_other,,,,863.5968569183929,unassigned,WASP-47,,,,Position candidates require review; component identity is preserved.
WASP-48,1,unmatched_other,,,,1481.219620017927,unassigned,WASP-48,,,,Position candidates require review; component identity is preserved.
WASP-49,1,unmatched_other,,,,634.5470175392556,unassigned,WASP-49,,,,Position candidates require review; component identity is preserved.
WASP-5,1,unmatched_other,,,,1008.2700413822088,unassigned,WASP-5,,,,Position candidates require review; component identity is preserved.
WASP-50,1,unmatched_other,,,,602.8935410818458,unassigned,WASP-50,,,,Position candidates require review; component identity is preserved.
WASP-52,1,unmatched_other,,,,570.1800563968563,unassigned,WASP-52,,,,Position candidates require review; component identity is preserved.
WASP-53,2,unmatched_other,,,,656.6767277673366,unassigned,WASP-53,,,,Position candidates require review; component identity is preserved.
WASP-54,1,unmatched_other,,,,819.6407618935075,unassigned,WASP-54,,,,Position candidates require review; component identity is preserved.
WASP-55,1,unmatched_other,,,,970.191284283779,unassigned,WASP-55,,,,Position candidates require review; component identity is preserved.
WASP-56,1,unmatched_other,,,,1047.2359438280282,unassigned,WASP-56,,,,Position candidates require review; component identity is preserved.
WASP-57,1,unmatched_other,,,,1299.0025749151366,unassigned,WASP-57,,,,Position candidates require review; component identity is preserved.
WASP-58,1,unmatched_other,,,,947.1711671445313,unassigned,WASP-58,,,,Position candidates require review; component identity is preserved.
WASP-59,1,unmatched_other,,,,378.13265806968354,unassigned,WASP-59,,,,Position candidates require review; component identity is preserved.
WASP-6,1,unmatched_other,,,,642.9161901914673,unassigned,WASP-6,,,,Position candidates require review; component identity is preserved.
WASP-60,1,unmatched_other,,,,1405.9035892755765,unassigned,WASP-60,,,,Position candidates require review; component identity is preserved.
WASP-61,1,unmatched_other,,,,1593.795755350638,unassigned,WASP-61,,,,Position candidates require review; component identity is preserved.
WASP-62,1,unmatched_other,,,,572.8317077476935,unassigned,WASP-62,,,,Position candidates require review; component identity is preserved.
WASP-63,1,unmatched_other,,,,948.0844050021383,unassigned,WASP-63,,,,Position candidates require review; component identity is preserved.
WASP-64,1,unmatched_other,,,,1206.5372418324398,unassigned,WASP-64,,,,Position candidates require review; component identity is preserved.
WASP-65,1,unmatched_other,,,,892.6997905020579,unassigned,WASP-65,,,,Position candidates require review; component identity is preserved.
WASP-66,1,unmatched_other,,,,1631.6233720382259,unassigned,WASP-66,,,,Position candidates require review; component identity is preserved.
WASP-67,1,unmatched_other,,,,617.9652272961364,unassigned,WASP-67,,,,Position candidates require review; component identity is preserved.
WASP-68,1,unmatched_other,,,,738.4147775869297,unassigned,WASP-68,,,,Position candidates require review; component identity is preserved.
WASP-69,1,unmatched_other,,,,162.94935708917356,unassigned,WASP-69,,,,Position candidates require review; component identity is preserved.
WASP-7,1,unmatched_other,,,,529.3615857256059,unassigned,WASP-7,,,,Position candidates require review; component identity is preserved.
WASP-70 A,1,unmatched_other,,,,725.2250136720646,unassigned,WASP-70 A,,,,Position candidates require review; component identity is preserved.
WASP-71,1,unmatched_other,,,,1183.0181054352854,unassigned,WASP-71,,,,Position candidates require review; component identity is preserved.
WASP-72,1,unmatched_other,,,,1417.9778983786503,unassigned,WASP-72,,,,Position candidates require review; component identity is preserved.
WASP-73,1,unmatched_other,,,,1032.8654938258285,unassigned,WASP-73,,,,Position candidates require review; component identity is preserved.
WASP-74,1,unmatched_other,,,,486.67750057381573,unassigned,WASP-74,,,,Position candidates require review; component identity is preserved.
WASP-75,1,unmatched_other,,,,958.9030120510025,unassigned,WASP-75,,,,Position candidates require review; component identity is preserved.
WASP-76,1,unmatched_other,,,,634.2404305442019,unassigned,WASP-76,,,,Position candidates require review; component identity is preserved.
WASP-77 A,1,unmatched_other,,,,343.0056161895903,unassigned,WASP-77 A,,,,Position candidates require review; component identity is preserved.
WASP-78,1,unmatched_other,,,,2460.060571438754,unassigned,WASP-78,,,,Position candidates require review; component identity is preserved.
WASP-79,1,unmatched_other,,,,804.5951681894342,unassigned,WASP-79,,,,Position candidates require review; component identity is preserved.
WASP-8,2,unmatched_other,,,,293.4122343322486,unassigned,WASP-8,,,,Position candidates require review; component identity is preserved.
WASP-80,1,unmatched_other,,,,162.3854327121013,unassigned,WASP-80,,,,Position candidates require review; component identity is preserved.
WASP-81,1,unmatched_other,,,,1299.749473020108,unassigned,WASP-81,,,,Position candidates require review; component identity is preserved.
WASP-82,1,unmatched_other,,,,899.0957170690833,unassigned,WASP-82,,,,Position candidates require review; component identity is preserved.
WASP-83,1,unmatched_other,,,,884.2197246814227,unassigned,WASP-83,,,,Position candidates require review; component identity is preserved.
WASP-84,2,unmatched_other,,,,328.07417721771776,unassigned,WASP-84,,,,Position candidates require review; component identity is preserved.
WASP-85 A,1,unmatched_other,,,,462.7734996509556,unassigned,WASP-85 A,,,,Position candidates require review; component identity is preserved.
WASP-87,1,unmatched_other,,,,973.2245385965448,unassigned,WASP-87,,,,Position candidates require review; component identity is preserved.
WASP-88,1,unmatched_other,,,,1708.263597674106,unassigned,WASP-88,,,,Position candidates require review; component identity is preserved.
WASP-89,1,unmatched_other,,,,948.9389347117561,unassigned,WASP-89,,,,Position candidates require review; component identity is preserved.
WASP-90,1,unmatched_other,,,,1521.3009772755374,unassigned,WASP-90,,,,Position candidates require review; component identity is preserved.
WASP-91,1,unmatched_other,,,,489.0453958760393,unassigned,WASP-91,,,,Position candidates require review; component identity is preserved.
WASP-92,1,unmatched_other,,,,1878.298702069176,unassigned,WASP-92,,,,Position candidates require review; component identity is preserved.
WASP-93,1,unmatched_other,,,,1207.704881664666,unassigned,WASP-93,,,,Position candidates require review; component identity is preserved.
WASP-94 A,1,unmatched_other,,,,688.8781469393108,unassigned,WASP-94 A,,,,Position candidates require review; component identity is preserved.
WASP-94 B,1,unmatched_other,,,,680.6753140397346,unassigned,WASP-94 B,,,,Position candidates require review; component identity is preserved.
WASP-95,1,unmatched_other,,,,448.60852816671746,unassigned,WASP-95,,,,Position candidates require review; component identity is preserved.
WASP-96,1,unmatched_other,,,,1149.5838151555422,unassigned,WASP-96,,,,Position candidates require review; component identity is preserved.
WASP-97,1,unmatched_other,,,,492.7179166891299,unassigned,WASP-97,,,,Position candidates require review; component identity is preserved.
WASP-98,1,unmatched_other,,,,918.919501706707,unassigned,WASP-98,,,,Position candidates require review; component identity is preserved.
WASP-99,1,unmatched_other,,,,517.479708885385,unassigned,WASP-99,,,,Position candidates require review; component identity is preserved.
WD 0806-661,1,unmatched_other,,,,62.76683795332095,unassigned,WD 0806-661,,,,Position candidates require review; component identity is preserved.
WD 1856+534,1,unmatched_other,,,,80.67771543563592,unassigned,WD 1856+534,,,,Position candidates require review; component identity is preserved.
WISE J033605.05-014350.4,1,unmatched_other,,,,,unassigned,WISE J033605.05-014350.4,,,,Position candidates require review; component identity is preserved.
WISEP J121756.91+162640.2 A,1,unmatched_other,,,,,unassigned,WISEP J121756.91+162640.2 A,,,,Position candidates require review; component identity is preserved.
WISPIT 1,2,unmatched_other,,,,750.1824996949498,unassigned,WISPIT 1,,,,Position candidates require review; component identity is preserved.
WISPIT 2,2,unmatched_other,,,,440.00778448632695,unassigned,WISPIT 2,,,,Position candidates require review; component identity is preserved.
WTS-1,1,unmatched_other,,,,7651.661236872571,unassigned,WTS-1,,,,Position candidates require review; component identity is preserved.
WTS-2,1,unmatched_other,,,,,unassigned,WTS-2,,,,Position candidates require review; component identity is preserved.
Wendelstein-1,1,unmatched_other,,,,995.7554211692175,unassigned,Wendelstein-1,,,,Position candidates require review; component identity is preserved.
Wendelstein-2,1,unmatched_other,,,,1844.5480401030475,unassigned,Wendelstein-2,,,,Position candidates require review; component identity is preserved.
Wolf 1061,3,matched_selected,80579,Wolf 1061,13.999284044358058,14.044032699380796,catalog identifier,Wolf 1061,18.394719251118325,0.3196495969432966,,
Wolf 1069,1,unmatched_other,,,,31.256902917744153,unassigned,Wolf 1069,,,,Position candidates require review; component identity is preserved.
Wolf 327,1,unmatched_other,,,,93.05926384651892,unassigned,Wolf 327,,,,Position candidates require review; component identity is preserved.
Wolf 503,1,unmatched_other,,,,145.22438874215715,unassigned,Wolf 503,,,,Position candidates require review; component identity is preserved.
XEST 17-036,1,unmatched_other,,,,517.3427232067439,unassigned,XEST 17-036,,,,Position candidates require review; component identity is preserved.
XO-1,1,unmatched_other,,,,533.4385404470652,unassigned,XO-1,,,,Position candidates require review; component identity is preserved.
XO-2 N,1,unmatched_other,,,,503.1712285949514,unassigned,XO-2 N,,,,Position candidates require review; component identity is preserved.
XO-2 S,3,unmatched_other,,,,493.7942327355951,unassigned,XO-2 S,,,,Position candidates require review; component identity is preserved.
XO-3,1,unmatched_other,,,,694.8859474168531,unassigned,XO-3,,,,Position candidates require review; component identity is preserved.
XO-4,1,unmatched_other,,,,889.2816716635864,unassigned,XO-4,,,,Position candidates require review; component identity is preserved.
XO-5,1,unmatched_other,,,,900.879792455194,unassigned,XO-5,,,,Position candidates require review; component identity is preserved.
XO-6,1,unmatched_other,,,,768.0297766836101,unassigned,XO-6,,,,Position candidates require review; component identity is preserved.
XO-7,1,unmatched_other,,,,763.6918968599773,unassigned,XO-7,,,,Position candidates require review; component identity is preserved.
YZ Cet,3,matched_selected,5632,Gl 54.1,12.034844181370113,12.107153050309915,catalog identifier,YZ Cet,21.473648811118483,0.600829290766688,,
ZTF J1230-2655,1,unmatched_other,,,,608.9013415593881,unassigned,ZTF J1230-2655,,,,Position candidates require review; component identity is preserved.
ZTF J1828+2308,1,unmatched_other,,,,658.2716324543716,unassigned,ZTF J1828+2308,,,,Position candidates require review; component identity is preserved.
alf Ari,1,unmatched_other,,,,65.91682363367148,unassigned,alf Ari,,,,Position candidates require review; component identity is preserved.
alf Tau,1,unmatched_other,,,,66.64418497161759,unassigned,alf Tau,,,,Position candidates require review; component identity is preserved.
b Cen A,1,unmatched_other,,,,319.93820637557366,unassigned,b Cen A,,,,Position candidates require review; component identity is preserved.
bet Cnc,1,matched_outside_radius,40411,Tarf,303.40142571257934,290.43312197818386,catalog identifier,bet Cnc,1.0543205852360014,4.274305469704904,,
bet Pic,3,matched_outside_radius,27253,Gl 219,63.40512598451262,64.39696752914924,catalog identifier,bet Pic,1.3221982497827582,1.564292364751201,,
bet UMi,1,matched_outside_radius,72380,Kochab,130.93384705249804,126.46622222180963,catalog identifier,bet UMi,0.17362603009895056,3.4121237031224667,,
eps CrB,1,matched_outside_radius,77923,13Eps CrB,221.42332479898673,227.8799164522674,catalog identifier,eps CrB,1.606611161848886,2.915949193312002,,
eps Eri,1,matched_selected,16496,Ran,10.489515263748181,10.445484152756421,catalog identifier,eps Eri,15.235402929081381,0.41976306706881217,,
eps Ind A,1,matched_selected,108526,Gl 845,11.81468862641131,11.867428112688108,verified alias,HD 209100; https://doi.org/10.3847/1538-4365/ae633d; Explicit primary component; do not strip component letters generally,86.56720462350998,0.446389134275625,,
eps Tau,1,matched_outside_radius,20837,Ain,146.65295367655648,155.01729921437789,catalog identifier,eps Tau,1.826694192105713,5.703496130237527,,
gam Cep,1,matched_outside_radius,116361,Errai,45.99587701112601,45.99587701112601,catalog identifier,gam Cep,3.1804344724961493,0.0,,
gam Lib,2,matched_outside_radius,76100,Zubenelhakrabi,163.15972795280084,154.60366769615752,catalog identifier,gam Lib,1.0124106482135147,5.243978010994503,,
gam Psc,1,matched_outside_radius,114609,6Gam Psc,137.96806165071504,134.73748272943067,catalog identifier,gam Psc,11.753835088509176,2.3415411383128713,,
gam1 Leo,1,matched_outside_radius,50440,Algieba,130.09823441278772,130.09823441278772,catalog identifier,gam1 Leo,0.5253774181542645,0.0,,
iot Dra,2,matched_outside_radius,75229,Edasich,101.19653931417396,102.17931371151005,catalog identifier,iot Dra,0.3158110730516578,0.9711541560576288,,
kap And,1,matched_outside_radius,116439,Kaffalmusalsala,168.38214387280132,163.13591853722752,catalog identifier,kap And,1.477178407140337,3.1156660765270336,,
kap CrB,1,matched_outside_radius,77420,11Kap CrB,99.46823666865293,98.0592411169166,catalog identifier,kap CrB,5.402606082164749,1.4165281289040552,,
mu Leo,1,matched_outside_radius,48318,Rasalas,124.10837253601974,106.35339780225338,catalog identifier,mu Leo,3.668185479922952,14.306024944943472,,
mu2 Sco,1,matched_outside_radius,82294,Pipirima,474.0643811347539,,catalog identifier,mu2 Sco,0.40817993808418285,,,
nu Oct A,1,unmatched_other,,,,69.14482591957187,unassigned,nu Oct A,,,,Position candidates require review; component identity is preserved.
nu Oph,2,matched_outside_radius,87775,64Nu  Oph,150.71914523755112,150.71914523755112,catalog identifier,nu Oph,1.8098741514369279,0.0,,
ome Ser,1,matched_outside_radius,77342,34Ome Ser,273.39177739886173,250.34328465475264,catalog identifier,ome Ser,0.8878302982467517,8.43057277120766,,
omi CrB,1,matched_outside_radius,74820,1Omi CrB,269.99714181958586,276.5424480076055,catalog identifier,omi CrB,2.092706607345829,2.424213139409183,,
omi UMa,1,matched_outside_radius,41586,Muscida,179.1084486667719,179.1084486667719,catalog identifier,omi UMa,3.147368525365665,0.0,,
psi1 Dra B,1,unmatched_other,,,,74.0988151407115,unassigned,psi1 Dra B,,,,Position candidates require review; component identity is preserved.
rho CrB,3,matched_outside_radius,78223,Gl 606.2,56.21435632499158,56.970060652161266,catalog identifier,rho CrB,12.424865091424504,1.3443262123304365,,
tau Boo,1,matched_outside_radius,67063,Gl 527A,50.93812460266782,51.05032239660238,catalog identifier,tau Boo,7.580709704626723,0.22026290683008087,,
tau Cet,3,matched_selected,8087,Gl 71,11.905360099416564,11.75154475168535,catalog identifier,tau Cet,30.333325204106046,1.2919840008766608,,
tau Gem,1,matched_outside_radius,34601,46Tau Gem,321.0200670804601,367.04660279109146,catalog identifier,tau Gem,0.9036607548431453,14.337588341197176,,
ups And,3,matched_outside_radius,7499,Titawin,44.00371385603214,43.72256705844031,catalog identifier,ups And,6.661580622679333,0.6389160662930996,,
ups Leo,1,matched_outside_radius,56478,91Ups Leo,181.5004795409465,171.54944845680862,catalog identifier,ups Leo,0.6656741105130632,5.482647268649719,,
xi Aql,1,matched_outside_radius,97627,Libertas,183.54319693458643,183.25357007117398,catalog identifier,xi Aql,2.003324208705178,0.15779765649155944,,
