hyg_id,used_in_planets,pl_name,hostname,default_flag,sy_snum,sy_pnum,discoverymethod,disc_year,disc_facility,soltype,pl_controv_flag,pl_refname,pl_orbper,pl_orbpererr1,pl_orbpererr2,pl_orbperlim,pl_orbsmax,pl_orbsmaxerr1,pl_orbsmaxerr2,pl_orbsmaxlim,pl_rade,pl_radeerr1,pl_radeerr2,pl_radelim,pl_radj,pl_radjerr1,pl_radjerr2,pl_radjlim,pl_bmasse,pl_bmasseerr1,pl_bmasseerr2,pl_bmasselim,pl_bmassj,pl_bmassjerr1,pl_bmassjerr2,pl_bmassjlim,pl_bmassprov,pl_orbeccen,pl_orbeccenerr1,pl_orbeccenerr2,pl_orbeccenlim,pl_insol,pl_insolerr1,pl_insolerr2,pl_insollim,pl_eqt,pl_eqterr1,pl_eqterr2,pl_eqtlim,ttv_flag,st_refname,st_spectype,st_teff,st_tefferr1,st_tefferr2,st_tefflim,st_rad,st_raderr1,st_raderr2,st_radlim,st_mass,st_masserr1,st_masserr2,st_masslim,st_met,st_meterr1,st_meterr2,st_metlim,st_metratio,st_logg,st_loggerr1,st_loggerr2,st_logglim,sy_refname,rastr,ra,decstr,dec,sy_dist,sy_disterr1,sy_disterr2,sy_vmag,sy_vmagerr1,sy_vmagerr2,sy_kmag,sy_kmagerr1,sy_kmagerr2,sy_gaiamag,sy_gaiamagerr1,sy_gaiamagerr2,rowupdate,pl_pubdate,releasedate
64720,1,61 Vir b,61 Vir,1.0,1.0,3.0,Radial Velocity,2009.0,Multiple Observatories,Published Confirmed,0.0,<a refstr=VOGT_ET_AL__2010 href=https://ui.adsabs.harvard.edu/abs/2010ApJ...708.1366V/abstract target=ref> Vogt et al. 2010 </a>,4.215,0.0006,-0.0006,0.0,0.050201,5e-06,-5e-06,0.0,,,,,,,,,5.1,0.5,-0.5,0.0,0.016,0.002,-0.002,0.0,Msini,0.12,0.11,-0.11,0.0,,,,,,,,,0.0,<a refstr=VOGT_ET_AL__2010 href=https://ui.adsabs.harvard.edu/abs/2010ApJ...708.1366V/abstract target=ref> Vogt et al. 2010 </a>,G5 V,5577.0,33.0,-33.0,0.0,0.963,0.011,-0.011,0.0,0.942,0.034,-0.029,0.0,-0.01,,,0.0,[Fe/H],4.34,0.03,-0.03,0.0,<a refstr=STASSUN_ET_AL__2019 href=https://ui.adsabs.harvard.edu/abs/2019AJ....158..138S/abstract target=ref>TICv8</a>,13h18m23.15s,199.596455,'-18d18m56.79s,-18.3157745,8.50332,0.01737,-0.0173,4.6955,0.0462,-0.0462,2.956,0.236,-0.236,4.54052,0.0055701,-0.0055701,2014-05-14,2010-01,2014-05-14
64720,0,61 Vir b,61 Vir,0.0,1.0,3.0,Radial Velocity,2009.0,Multiple Observatories,Published Confirmed,0.0,<a refstr=HARADA_ET_AL_2025 href=https://ui.adsabs.harvard.edu/abs/2025AJ....170..343H/abstract target=ref>Harada et al. 2025</a>,4.215011,9.2e-05,-9e-05,0.0,0.04931,0.00072,-0.00074,0.0,,,,,,,,,5.8,0.3,-0.29,0.0,0.01824884,0.00094391,-0.00091244,0.0,Msini,0.036,0.037,-0.025,0.0,,,,,,,,,0.0,<a refstr=HARADA_ET_AL_2025 href=https://ui.adsabs.harvard.edu/abs/2025AJ....170..343H/abstract target=ref>Harada et al. 2025</a>,,5552.0,,,0.0,,,,,,,,,,,,,,,,,,<a refstr=STASSUN_ET_AL__2019 href=https://ui.adsabs.harvard.edu/abs/2019AJ....158..138S/abstract target=ref>TICv8</a>,13h18m23.15s,199.596455,'-18d18m56.79s,-18.3157745,8.50332,0.01737,-0.0173,4.6955,0.0462,-0.0462,2.956,0.236,-0.236,4.54052,0.0055701,-0.0055701,2026-02-12,2025-12,2026-02-12
64720,0,61 Vir b,61 Vir,0.0,1.0,3.0,Radial Velocity,2009.0,Multiple Observatories,Published Confirmed,0.0,<a refstr=ROSENTHAL_ET_AL__2021 href=https://ui.adsabs.harvard.edu/abs/2021ApJS..255....8R/abstract target=ref>Rosenthal et al. 2021</a>,4.21487,0.00016,-0.00016,0.0,0.04956,0.00065,-0.00067,0.0,,,,,,,,,5.11703735,0.54030829,-0.50852545,0.0,0.0161,0.0017,-0.0016,0.0,Msini,0.099,0.091,-0.07,0.0,,,,,,,,,0.0,<a refstr=ROSENTHAL_ET_AL__2021 href=https://ui.adsabs.harvard.edu/abs/2021ApJS..255....8R/abstract target=ref>Rosenthal et al. 2021</a>,,5585.57,78.88,-78.88,0.0,1.03251,0.023198,-0.023198,0.0,0.914072,0.036798,-0.036798,0.0,0.0275,0.06,-0.06,0.0,[Fe/H],4.368775,0.028304,-0.028304,0.0,<a refstr=STASSUN_ET_AL__2019 href=https://ui.adsabs.harvard.edu/abs/2019AJ....158..138S/abstract target=ref>TICv8</a>,13h18m23.15s,199.596455,'-18d18m56.79s,-18.3157745,8.50332,0.01737,-0.0173,4.6955,0.0462,-0.0462,2.956,0.236,-0.236,4.54052,0.0055701,-0.0055701,2021-09-20,2021-07,2021-09-20
64720,0,61 Vir c,61 Vir,0.0,1.0,3.0,Radial Velocity,2009.0,Multiple Observatories,Published Confirmed,0.0,<a refstr=HARADA_ET_AL_2025 href=https://ui.adsabs.harvard.edu/abs/2025AJ....170..343H/abstract target=ref>Harada et al. 2025</a>,38.0864,0.0052,-0.0053,0.0,0.2139,0.0031,-0.0032,0.0,,,,,,,,,17.84,0.77,-0.75,0.0,0.05613092,0.00242269,-0.00235976,0.0,Msini,0.022,0.024,-0.015,0.0,,,,,,,,,0.0,<a refstr=HARADA_ET_AL_2025 href=https://ui.adsabs.harvard.edu/abs/2025AJ....170..343H/abstract target=ref>Harada et al. 2025</a>,,5552.0,,,0.0,,,,,,,,,,,,,,,,,,<a refstr=STASSUN_ET_AL__2019 href=https://ui.adsabs.harvard.edu/abs/2019AJ....158..138S/abstract target=ref>TICv8</a>,13h18m23.15s,199.596455,'-18d18m56.79s,-18.3157745,8.50332,0.01737,-0.0173,4.6955,0.0462,-0.0462,2.956,0.236,-0.236,4.54052,0.0055701,-0.0055701,2026-02-12,2025-12,2026-02-12
64720,0,61 Vir c,61 Vir,0.0,1.0,3.0,Radial Velocity,2009.0,Multiple Observatories,Published Confirmed,0.0,<a refstr=ROSENTHAL_ET_AL__2021 href=https://ui.adsabs.harvard.edu/abs/2021ApJS..255....8R/abstract target=ref>Rosenthal et al. 2021</a>,38.0957,0.0083,-0.0083,0.0,0.2151,0.0028,-0.0029,0.0,,,,,,,,,16.11390023,1.11239942,-1.17596511,0.0,0.0507,0.0035,-0.0037,0.0,Msini,0.068,0.067,-0.047,0.0,,,,,,,,,0.0,<a refstr=ROSENTHAL_ET_AL__2021 href=https://ui.adsabs.harvard.edu/abs/2021ApJS..255....8R/abstract target=ref>Rosenthal et al. 2021</a>,,5585.57,78.88,-78.88,0.0,1.03251,0.023198,-0.023198,0.0,0.914072,0.036798,-0.036798,0.0,0.0275,0.06,-0.06,0.0,[Fe/H],4.368775,0.028304,-0.028304,0.0,<a refstr=STASSUN_ET_AL__2019 href=https://ui.adsabs.harvard.edu/abs/2019AJ....158..138S/abstract target=ref>TICv8</a>,13h18m23.15s,199.596455,'-18d18m56.79s,-18.3157745,8.50332,0.01737,-0.0173,4.6955,0.0462,-0.0462,2.956,0.236,-0.236,4.54052,0.0055701,-0.0055701,2021-09-20,2021-07,2021-09-20
64720,1,61 Vir c,61 Vir,1.0,1.0,3.0,Radial Velocity,2009.0,Multiple Observatories,Published Confirmed,0.0,<a refstr=VOGT_ET_AL__2010 href=https://ui.adsabs.harvard.edu/abs/2010ApJ...708.1366V/abstract target=ref> Vogt et al. 2010 </a>,38.021,0.034,-0.034,0.0,0.2175,0.0001,-0.0001,0.0,,,,,,,,,18.2,1.1,-1.1,0.0,0.057,0.003,-0.003,0.0,Msini,0.14,0.06,-0.06,0.0,,,,,,,,,0.0,<a refstr=VOGT_ET_AL__2010 href=https://ui.adsabs.harvard.edu/abs/2010ApJ...708.1366V/abstract target=ref> Vogt et al. 2010 </a>,G5 V,5577.0,33.0,-33.0,0.0,0.963,0.011,-0.011,0.0,0.942,0.034,-0.029,0.0,-0.01,,,0.0,[Fe/H],4.34,0.03,-0.03,0.0,<a refstr=STASSUN_ET_AL__2019 href=https://ui.adsabs.harvard.edu/abs/2019AJ....158..138S/abstract target=ref>TICv8</a>,13h18m23.15s,199.596455,'-18d18m56.79s,-18.3157745,8.50332,0.01737,-0.0173,4.6955,0.0462,-0.0462,2.956,0.236,-0.236,4.54052,0.0055701,-0.0055701,2014-05-14,2010-01,2014-05-14
64720,1,61 Vir d,61 Vir,1.0,1.0,3.0,Radial Velocity,2009.0,Multiple Observatories,Published Confirmed,0.0,<a refstr=VOGT_ET_AL__2010 href=https://ui.adsabs.harvard.edu/abs/2010ApJ...708.1366V/abstract target=ref> Vogt et al. 2010 </a>,123.01,0.55,-0.55,0.0,0.476,0.001,-0.001,0.0,,,,,,,,,22.9,2.6,-2.6,0.0,0.072,0.008,-0.008,0.0,Msini,0.35,0.09,-0.09,0.0,,,,,,,,,0.0,<a refstr=VOGT_ET_AL__2010 href=https://ui.adsabs.harvard.edu/abs/2010ApJ...708.1366V/abstract target=ref> Vogt et al. 2010 </a>,G5 V,5577.0,33.0,-33.0,0.0,0.963,0.011,-0.011,0.0,0.942,0.034,-0.029,0.0,-0.01,,,0.0,[Fe/H],4.34,0.03,-0.03,0.0,<a refstr=STASSUN_ET_AL__2019 href=https://ui.adsabs.harvard.edu/abs/2019AJ....158..138S/abstract target=ref>TICv8</a>,13h18m23.15s,199.596455,'-18d18m56.79s,-18.3157745,8.50332,0.01737,-0.0173,4.6955,0.0462,-0.0462,2.956,0.236,-0.236,4.54052,0.0055701,-0.0055701,2014-05-14,2010-01,2014-05-14
64720,0,61 Vir d,61 Vir,0.0,1.0,3.0,Radial Velocity,2009.0,Multiple Observatories,Published Confirmed,0.0,<a refstr=HARADA_ET_AL_2025 href=https://ui.adsabs.harvard.edu/abs/2025AJ....170..343H/abstract target=ref>Harada et al. 2025</a>,123.15,0.15,-0.16,0.0,0.4677,0.0068,-0.0071,0.0,,,,,,,,,10.92,1.0,-0.93,0.0,0.03435816,0.00314635,-0.00292611,0.0,Msini,0.105,0.1,-0.072,0.0,,,,,,,,,0.0,<a refstr=HARADA_ET_AL_2025 href=https://ui.adsabs.harvard.edu/abs/2025AJ....170..343H/abstract target=ref>Harada et al. 2025</a>,,5552.0,,,0.0,,,,,,,,,,,,,,,,,,<a refstr=STASSUN_ET_AL__2019 href=https://ui.adsabs.harvard.edu/abs/2019AJ....158..138S/abstract target=ref>TICv8</a>,13h18m23.15s,199.596455,'-18d18m56.79s,-18.3157745,8.50332,0.01737,-0.0173,4.6955,0.0462,-0.0462,2.956,0.236,-0.236,4.54052,0.0055701,-0.0055701,2026-02-12,2025-12,2026-02-12
87665,1,Barnard b,Barnard's star,1.0,1.0,4.0,Radial Velocity,2024.0,Paranal Observatory,Published Confirmed,0.0,<a refstr=BASANT_ET_AL__2025 href=https://ui.adsabs.harvard.edu/abs/2025ApJ...982L...1B/abstract target=ref>Basant et al. 2025</a>,3.1542,0.0004,-0.0004,0.0,0.0229,0.0003,-0.0003,0.0,,,,,,,,,0.299,0.026,-0.026,0.0,0.00094076,8.181e-05,-8.181e-05,0.0,Msini,0.03,0.03,-0.02,0.0,,,,,438.0,,,0.0,0.0,<a refstr=GONZALEZ_HERNANDEZ_ET_AL_2024 href=https://ui.adsabs.harvard.edu/abs/2024A&A...690A..79G/abstract target=ref>Gonz&aacute;lez Hern&aacute;ndez et al. 2024</a>,M3.5-4 V,3195.0,28.0,-28.0,0.0,0.185,0.006,-0.006,0.0,0.162,0.007,-0.007,0.0,-0.56,0.07,-0.07,0.0,[Fe/H],4.9,0.09,-0.09,0.0,<a refstr=STASSUN_ET_AL__2019 href=https://ui.adsabs.harvard.edu/abs/2019AJ....158..138S/abstract target=ref>TICv8</a>,17h57m47.67s,269.4486144,'+04d44m16.73s,4.7379808,1.82655,0.000975,-0.000975,9.54,0.1,-0.1,4.524,0.02,-0.02,8.19511,0.001998,-0.001998,2025-03-10,2025-03,2025-03-10
87665,0,Barnard b,Barnard's star,0.0,1.0,4.0,Radial Velocity,2024.0,Paranal Observatory,Published Confirmed,0.0,<a refstr=GONZALEZ_HERNANDEZ_ET_AL_2024 href=https://ui.adsabs.harvard.edu/abs/2024A&A...690A..79G/abstract target=ref>Gonz&aacute;lez Hern&aacute;ndez et al. 2024</a>,3.1533,0.0006,-0.0006,0.0,0.02294,0.00033,-0.00033,0.0,,,,,,,,,0.37,0.05,-0.05,0.0,0.00116415,0.00015732,-0.00015732,0.0,Msini,0.16,,,1.0,6.76,0.05,-0.05,0.0,400.0,7.0,-7.0,0.0,0.0,<a refstr=GONZALEZ_HERNANDEZ_ET_AL_2024 href=https://ui.adsabs.harvard.edu/abs/2024A&A...690A..79G/abstract target=ref>Gonz&aacute;lez Hern&aacute;ndez et al. 2024</a>,M3.5-4 V,3195.0,28.0,-28.0,0.0,0.185,0.006,-0.006,0.0,0.162,0.007,-0.007,0.0,-0.56,0.07,-0.07,0.0,[Fe/H],4.9,0.09,-0.09,0.0,<a refstr=STASSUN_ET_AL__2019 href=https://ui.adsabs.harvard.edu/abs/2019AJ....158..138S/abstract target=ref>TICv8</a>,17h57m47.67s,269.4486144,'+04d44m16.73s,4.7379808,1.82655,0.000975,-0.000975,9.54,0.1,-0.1,4.524,0.02,-0.02,8.19511,0.001998,-0.001998,2024-10-07,2024-10,2024-10-07
87665,1,Barnard c,Barnard's star,1.0,1.0,4.0,Radial Velocity,2025.0,Gemini Observatory,Published Confirmed,0.0,<a refstr=BASANT_ET_AL__2025 href=https://ui.adsabs.harvard.edu/abs/2025ApJ...982L...1B/abstract target=ref>Basant et al. 2025</a>,4.1244,0.0006,-0.0006,0.0,0.0274,0.0004,-0.0004,0.0,,,,,,,,,0.335,0.03,-0.03,0.0,0.00105403,9.439e-05,-9.439e-05,0.0,Msini,0.08,0.06,-0.05,0.0,,,,,400.0,,,0.0,0.0,<a refstr=GONZALEZ_HERNANDEZ_ET_AL_2024 href=https://ui.adsabs.harvard.edu/abs/2024A&A...690A..79G/abstract target=ref>Gonz&aacute;lez Hern&aacute;ndez et al. 2024</a>,M3.5-4 V,3195.0,28.0,-28.0,0.0,0.185,0.006,-0.006,0.0,0.162,0.007,-0.007,0.0,-0.56,0.07,-0.07,0.0,[Fe/H],4.9,0.09,-0.09,0.0,<a refstr=STASSUN_ET_AL__2019 href=https://ui.adsabs.harvard.edu/abs/2019AJ....158..138S/abstract target=ref>TICv8</a>,17h57m47.67s,269.4486144,'+04d44m16.73s,4.7379808,1.82655,0.000975,-0.000975,9.54,0.1,-0.1,4.524,0.02,-0.02,8.19511,0.001998,-0.001998,2025-03-10,2025-03,2025-03-10
87665,1,Barnard d,Barnard's star,1.0,1.0,4.0,Radial Velocity,2025.0,Gemini Observatory,Published Confirmed,0.0,<a refstr=BASANT_ET_AL__2025 href=https://ui.adsabs.harvard.edu/abs/2025ApJ...982L...1B/abstract target=ref>Basant et al. 2025</a>,2.3402,0.0003,-0.0003,0.0,0.0188,0.0003,-0.0003,0.0,,,,,,,,,0.263,0.024,-0.024,0.0,0.00082749,7.551e-05,-7.551e-05,0.0,Msini,0.04,0.05,-0.03,0.0,,,,,483.0,,,0.0,0.0,<a refstr=GONZALEZ_HERNANDEZ_ET_AL_2024 href=https://ui.adsabs.harvard.edu/abs/2024A&A...690A..79G/abstract target=ref>Gonz&aacute;lez Hern&aacute;ndez et al. 2024</a>,M3.5-4 V,3195.0,28.0,-28.0,0.0,0.185,0.006,-0.006,0.0,0.162,0.007,-0.007,0.0,-0.56,0.07,-0.07,0.0,[Fe/H],4.9,0.09,-0.09,0.0,<a refstr=STASSUN_ET_AL__2019 href=https://ui.adsabs.harvard.edu/abs/2019AJ....158..138S/abstract target=ref>TICv8</a>,17h57m47.67s,269.4486144,'+04d44m16.73s,4.7379808,1.82655,0.000975,-0.000975,9.54,0.1,-0.1,4.524,0.02,-0.02,8.19511,0.001998,-0.001998,2025-03-10,2025-03,2025-03-10
87665,1,Barnard e,Barnard's star,1.0,1.0,4.0,Radial Velocity,2025.0,Gemini Observatory,Published Confirmed,0.0,<a refstr=BASANT_ET_AL__2025 href=https://ui.adsabs.harvard.edu/abs/2025ApJ...982L...1B/abstract target=ref>Basant et al. 2025</a>,6.7392,0.003,-0.003,0.0,0.0381,0.0005,-0.0005,0.0,,,,,,,,,0.193,0.033,-0.033,0.0,0.00060725,0.00010383,-0.00010383,0.0,Msini,0.04,0.03,-0.04,0.0,,,,,340.0,,,0.0,0.0,<a refstr=GONZALEZ_HERNANDEZ_ET_AL_2024 href=https://ui.adsabs.harvard.edu/abs/2024A&A...690A..79G/abstract target=ref>Gonz&aacute;lez Hern&aacute;ndez et al. 2024</a>,M3.5-4 V,3195.0,28.0,-28.0,0.0,0.185,0.006,-0.006,0.0,0.162,0.007,-0.007,0.0,-0.56,0.07,-0.07,0.0,[Fe/H],4.9,0.09,-0.09,0.0,<a refstr=STASSUN_ET_AL__2019 href=https://ui.adsabs.harvard.edu/abs/2019AJ....158..138S/abstract target=ref>TICv8</a>,17h57m47.67s,269.4486144,'+04d44m16.73s,4.7379808,1.82655,0.000975,-0.000975,9.54,0.1,-0.1,4.524,0.02,-0.02,8.19511,0.001998,-0.001998,2025-03-10,2025-03,2025-03-10
118201,1,CD Cet b,CD Cet,1.0,1.0,1.0,Radial Velocity,2020.0,Calar Alto Observatory,Published Confirmed,0.0,<a refstr=BAUER_ET_AL__2020 href=https://ui.adsabs.harvard.edu/abs/2020A&A...640A..50B/abstract target=ref>Bauer et al. 2020</a>,2.2907,0.00012,-0.00012,0.0,0.0185,0.0013,-0.0013,0.0,,,,,,,,,3.95,0.42,-0.43,0.0,0.01242809,0.00132147,-0.00135293,0.0,Msini,,,,,8.6,2.4,-2.4,0.0,464.0,18.0,-18.0,0.0,0.0,<a refstr=BAUER_ET_AL__2020 href=https://ui.adsabs.harvard.edu/abs/2020A&A...640A..50B/abstract target=ref>Bauer et al. 2020</a>,M5.0 V,3130.0,51.0,-51.0,0.0,0.175,0.006,-0.006,0.0,0.161,0.01,-0.01,0.0,0.13,0.16,-0.16,0.0,[Fe/H],4.93,0.04,-0.04,0.0,<a refstr=STASSUN_ET_AL__2019 href=https://ui.adsabs.harvard.edu/abs/2019AJ....158..138S/abstract target=ref>TICv8</a>,03h13m24.72s,48.3530155,'+04d46m30.68s,4.7751881,8.60715,0.00658,-0.00658,13.95,0.2,-0.2,7.833,0.024,-0.024,12.1232,0.00105,-0.00105,2021-11-02,2020-08,2021-11-02
117960,1,GJ 1002 b,GJ 1002,1.0,1.0,2.0,Radial Velocity,2022.0,Multiple Observatories,Published Confirmed,0.0,<a refstr=SUAREZ_MASCARENO_ET_AL_2023 href=https://ui.adsabs.harvard.edu/abs/2023A&A...670A...5S/abstract target=ref>Su&aacute;rez Mascare&ntilde;o et al. 2023</a>,10.3465,0.027,-0.027,0.0,0.0457,0.0013,-0.0013,0.0,,,,,,,,,1.08,0.13,-0.13,0.0,0.00339806,0.00040903,-0.00040903,0.0,Msini,,,,,0.67,0.039,-0.039,0.0,230.9,6.7,-6.7,0.0,0.0,<a refstr=SUAREZ_MASCARENO_ET_AL_2023 href=https://ui.adsabs.harvard.edu/abs/2023A&A...670A...5S/abstract target=ref>Su&aacute;rez Mascare&ntilde;o et al. 2023</a>,M5.5 V,3024.0,52.0,-52.0,0.0,0.137,0.005,-0.005,0.0,0.12,0.01,-0.01,0.0,-0.25,0.19,-0.19,0.0,[Fe/H],5.1,0.06,-0.06,0.0,<a refstr=STASSUN_ET_AL__2019 href=https://ui.adsabs.harvard.edu/abs/2019AJ....158..138S/abstract target=ref>TICv8</a>,00h06m42.35s,1.6764641,'-07d32m46.36s,-7.5462123,4.84867,0.00303,-0.00304,,,,7.439,0.021,-0.021,11.7804,0.000751,-0.000751,2022-12-17,2023-02,2022-12-17
117960,1,GJ 1002 c,GJ 1002,1.0,1.0,2.0,Radial Velocity,2022.0,Multiple Observatories,Published Confirmed,0.0,<a refstr=SUAREZ_MASCARENO_ET_AL_2023 href=https://ui.adsabs.harvard.edu/abs/2023A&A...670A...5S/abstract target=ref>Su&aacute;rez Mascare&ntilde;o et al. 2023</a>,21.202,0.013,-0.013,0.0,0.0738,0.0021,-0.0021,0.0,,,,,,,,,1.36,0.17,-0.17,0.0,0.00427904,0.00053488,-0.00053488,0.0,Msini,,,,,0.257,0.015,-0.015,0.0,181.7,5.2,-5.2,0.0,0.0,<a refstr=SUAREZ_MASCARENO_ET_AL_2023 href=https://ui.adsabs.harvard.edu/abs/2023A&A...670A...5S/abstract target=ref>Su&aacute;rez Mascare&ntilde;o et al. 2023</a>,M5.5 V,3024.0,52.0,-52.0,0.0,0.137,0.005,-0.005,0.0,0.12,0.01,-0.01,0.0,-0.25,0.19,-0.19,0.0,[Fe/H],5.1,0.06,-0.06,0.0,<a refstr=STASSUN_ET_AL__2019 href=https://ui.adsabs.harvard.edu/abs/2019AJ....158..138S/abstract target=ref>TICv8</a>,00h06m42.35s,1.6764641,'-07d32m46.36s,-7.5462123,4.84867,0.00303,-0.00304,,,,7.439,0.021,-0.021,11.7804,0.000751,-0.000751,2022-12-17,2023-02,2022-12-17
118236,1,GJ 1061 b,GJ 1061,1.0,1.0,3.0,Radial Velocity,2020.0,La Silla Observatory,Published Confirmed,0.0,<a refstr=DREIZLER_ET_AL_2025 href=https://ui.adsabs.harvard.edu/abs/2025A&A...698A.114D/abstract target=ref>Dreizler et al. 2025</a>,3.2073,0.0002,-0.0003,0.0,0.021,0.0006,-0.0006,0.0,,,,,,,,,1.11,0.11,-0.09,0.0,0.00349245,0.0003461,-0.00028317,0.0,Mass,0.05,0.5,-0.03,0.0,,,,,,,,,0.0,<a refstr=DREIZLER_ET_AL_2025 href=https://ui.adsabs.harvard.edu/abs/2025A&A...698A.114D/abstract target=ref>Dreizler et al. 2025</a>,M5.5 V,2953.0,98.0,-98.0,0.0,0.156,0.005,-0.005,0.0,0.12,0.01,-0.01,0.0,-0.08,0.08,-0.08,0.0,[Fe/H],,,,,<a refstr=STASSUN_ET_AL__2019 href=https://ui.adsabs.harvard.edu/abs/2019AJ....158..138S/abstract target=ref>TICv8</a>,03h36m00.78s,54.0032486,'-44d30m51.52s,-44.5143104,3.67278,0.00089,-0.0009,12.7,0.2,-0.2,6.61,0.021,-0.021,10.9889,0.000945,-0.000945,2026-03-12,2025-06,2026-03-12
118236,0,GJ 1061 b,GJ 1061,0.0,1.0,3.0,Radial Velocity,2020.0,La Silla Observatory,Published Confirmed,0.0,<a refstr=DREIZLER_ET_AL__2020 href=https://ui.adsabs.harvard.edu/abs/2020MNRAS.493..536D/abstract target=ref>Dreizler et al. 2020</a>,3.204,0.001,-0.001,0.0,0.021,0.001,-0.001,0.0,,,,,,,,,1.37,0.16,-0.15,0.0,0.00431048,0.00050341,-0.00047195,0.0,Msini,0.31,,,1.0,3.8,0.7,-0.7,0.0,,,,,0.0,<a refstr=DREIZLER_ET_AL__2020 href=https://ui.adsabs.harvard.edu/abs/2020MNRAS.493..536D/abstract target=ref>Dreizler et al. 2020</a>,M5.5 V,2953.0,98.0,-98.0,0.0,0.156,0.005,-0.005,0.0,0.12,0.01,-0.01,0.0,-0.08,0.08,-0.08,0.0,[Fe/H],,,,,<a refstr=STASSUN_ET_AL__2019 href=https://ui.adsabs.harvard.edu/abs/2019AJ....158..138S/abstract target=ref>TICv8</a>,03h36m00.78s,54.0032486,'-44d30m51.52s,-44.5143104,3.67278,0.00089,-0.0009,12.7,0.2,-0.2,6.61,0.021,-0.021,10.9889,0.000945,-0.000945,2020-02-21,2020-03,2020-02-27
118236,0,GJ 1061 c,GJ 1061,0.0,1.0,3.0,Radial Velocity,2020.0,La Silla Observatory,Published Confirmed,0.0,<a refstr=DREIZLER_ET_AL__2020 href=https://ui.adsabs.harvard.edu/abs/2020MNRAS.493..536D/abstract target=ref>Dreizler et al. 2020</a>,6.689,0.005,-0.005,0.0,0.035,0.001,-0.001,0.0,,,,,,,,,1.74,0.23,-0.23,0.0,0.00547462,0.00072366,-0.00072366,0.0,Msini,0.29,,,1.0,1.4,0.2,-0.2,0.0,,,,,0.0,<a refstr=DREIZLER_ET_AL__2020 href=https://ui.adsabs.harvard.edu/abs/2020MNRAS.493..536D/abstract target=ref>Dreizler et al. 2020</a>,M5.5 V,2953.0,98.0,-98.0,0.0,0.156,0.005,-0.005,0.0,0.12,0.01,-0.01,0.0,-0.08,0.08,-0.08,0.0,[Fe/H],,,,,<a refstr=STASSUN_ET_AL__2019 href=https://ui.adsabs.harvard.edu/abs/2019AJ....158..138S/abstract target=ref>TICv8</a>,03h36m00.78s,54.0032486,'-44d30m51.52s,-44.5143104,3.67278,0.00089,-0.0009,12.7,0.2,-0.2,6.61,0.021,-0.021,10.9889,0.000945,-0.000945,2020-02-21,2020-03,2020-02-27
118236,1,GJ 1061 c,GJ 1061,1.0,1.0,3.0,Radial Velocity,2020.0,La Silla Observatory,Published Confirmed,0.0,<a refstr=DREIZLER_ET_AL_2025 href=https://ui.adsabs.harvard.edu/abs/2025A&A...698A.114D/abstract target=ref>Dreizler et al. 2025</a>,6.6821,0.0008,-0.0008,0.0,0.0342,0.0009,-0.001,0.0,,,,,,,,,1.81,0.13,-0.11,0.0,0.0056949,0.00040903,-0.0003461,0.0,Mass,0.02,0.03,-0.02,0.0,,,,,,,,,0.0,<a refstr=DREIZLER_ET_AL_2025 href=https://ui.adsabs.harvard.edu/abs/2025A&A...698A.114D/abstract target=ref>Dreizler et al. 2025</a>,M5.5 V,2953.0,98.0,-98.0,0.0,0.156,0.005,-0.005,0.0,0.12,0.01,-0.01,0.0,-0.08,0.08,-0.08,0.0,[Fe/H],,,,,<a refstr=STASSUN_ET_AL__2019 href=https://ui.adsabs.harvard.edu/abs/2019AJ....158..138S/abstract target=ref>TICv8</a>,03h36m00.78s,54.0032486,'-44d30m51.52s,-44.5143104,3.67278,0.00089,-0.0009,12.7,0.2,-0.2,6.61,0.021,-0.021,10.9889,0.000945,-0.000945,2026-03-12,2025-06,2026-03-12
118236,0,GJ 1061 d,GJ 1061,0.0,1.0,3.0,Radial Velocity,2020.0,La Silla Observatory,Published Confirmed,0.0,<a refstr=DREIZLER_ET_AL__2020 href=https://ui.adsabs.harvard.edu/abs/2020MNRAS.493..536D/abstract target=ref>Dreizler et al. 2020</a>,13.031,0.025,-0.032,0.0,0.054,0.001,-0.001,0.0,,,,,,,,,1.64,0.24,-0.23,0.0,0.00515999,0.00075512,-0.00072366,0.0,Msini,0.53,,,1.0,0.6,0.1,-0.1,0.0,,,,,0.0,<a refstr=DREIZLER_ET_AL__2020 href=https://ui.adsabs.harvard.edu/abs/2020MNRAS.493..536D/abstract target=ref>Dreizler et al. 2020</a>,M5.5 V,2953.0,98.0,-98.0,0.0,0.156,0.005,-0.005,0.0,0.12,0.01,-0.01,0.0,-0.08,0.08,-0.08,0.0,[Fe/H],,,,,<a refstr=STASSUN_ET_AL__2019 href=https://ui.adsabs.harvard.edu/abs/2019AJ....158..138S/abstract target=ref>TICv8</a>,03h36m00.78s,54.0032486,'-44d30m51.52s,-44.5143104,3.67278,0.00089,-0.0009,12.7,0.2,-0.2,6.61,0.021,-0.021,10.9889,0.000945,-0.000945,2020-02-21,2020-03,2020-02-27
118236,1,GJ 1061 d,GJ 1061,1.0,1.0,3.0,Radial Velocity,2020.0,La Silla Observatory,Published Confirmed,0.0,<a refstr=DREIZLER_ET_AL_2025 href=https://ui.adsabs.harvard.edu/abs/2025A&A...698A.114D/abstract target=ref>Dreizler et al. 2025</a>,13.066,0.002,-0.002,0.0,0.054,0.002,-0.002,0.0,,,,,,,,,1.67,0.17,-0.21,0.0,0.00525441,0.00053488,-0.00066073,0.0,Mass,0.04,0.04,-0.03,0.0,,,,,,,,,0.0,<a refstr=DREIZLER_ET_AL_2025 href=https://ui.adsabs.harvard.edu/abs/2025A&A...698A.114D/abstract target=ref>Dreizler et al. 2025</a>,M5.5 V,2953.0,98.0,-98.0,0.0,0.156,0.005,-0.005,0.0,0.12,0.01,-0.01,0.0,-0.08,0.08,-0.08,0.0,[Fe/H],,,,,<a refstr=STASSUN_ET_AL__2019 href=https://ui.adsabs.harvard.edu/abs/2019AJ....158..138S/abstract target=ref>TICv8</a>,03h36m00.78s,54.0032486,'-44d30m51.52s,-44.5143104,3.67278,0.00089,-0.0009,12.7,0.2,-0.2,6.61,0.021,-0.021,10.9889,0.000945,-0.000945,2026-03-12,2025-06,2026-03-12
118777,1,GJ 1151 c,GJ 1151,1.0,1.0,1.0,Radial Velocity,2023.0,Multiple Facilities,Published Confirmed,0.0,<a refstr=BLANCO_POZO_ET_AL_2023 href=https://ui.adsabs.harvard.edu/abs/2023A&A...671A..50B/abstract target=ref>Blanco-Pozo et al. 2023</a>,389.7,5.4,-6.5,0.0,0.5714,0.0053,-0.0064,0.0,,,,,,,,,10.62,1.31,-1.47,0.0,0.03341426,0.00412172,-0.00462514,0.0,Msini,,,,,,,,,,,,,0.0,<a refstr=BLANCO_POZO_ET_AL_2023 href=https://ui.adsabs.harvard.edu/abs/2023A&A...671A..50B/abstract target=ref>Blanco-Pozo et al. 2023</a>,M 4.5V,3280.0,40.0,-40.0,0.0,0.1781,0.0042,-0.0042,0.0,0.1639,0.0093,-0.0093,0.0,-0.12,0.1,-0.1,0.0,[Fe/H],5.09,0.09,-0.09,0.0,<a refstr=STASSUN_ET_AL__2019 href=https://ui.adsabs.harvard.edu/abs/2019AJ....158..138S/abstract target=ref>TICv8</a>,11h50m55.32s,177.7304866,'+48d22m23.64s,48.3732334,8.03625,0.00772,-0.00771,13.76,0.2,-0.2,7.637,0.017,-0.017,11.6938,0.000459,-0.000459,2023-01-23,2023-03,2023-01-23
119588,1,GJ 1289 b,GJ 1289,1.0,1.0,1.0,Radial Velocity,2024.0,Multiple Observatories,Published Confirmed,0.0,<a refstr=MOUTOU_ET_AL__2024 href=https://ui.adsabs.harvard.edu/abs/2024A&A...688A.196M/abstract target=ref>Moutou et al. 2024</a>,111.74,0.73,-0.71,0.0,0.27,0.01,-0.01,0.0,,,,,,,,,6.27,1.23,-1.25,0.0,0.01972763,0.00387001,-0.00393294,0.0,Msini,0.0,,,0.0,,,,,150.0,,,0.0,0.0,<a refstr=MOUTOU_ET_AL__2024 href=https://ui.adsabs.harvard.edu/abs/2024A&A...688A.196M/abstract target=ref>Moutou et al. 2024</a>,M4.5 Ve,3296.0,30.0,-30.0,0.0,,,,,0.21,0.02,-0.02,0.0,0.02,0.1,-0.1,0.0,[M/H],,,,,<a refstr=STASSUN_ET_AL__2019 href=https://ui.adsabs.harvard.edu/abs/2019AJ....158..138S/abstract target=ref>TICv8</a>,23h43m07.52s,355.7813464,'+36d32m10.79s,36.5363314,8.35147,0.00819,-0.00818,12.48,0.2,-0.2,7.226,0.02,-0.02,11.1534,0.002031,-0.002031,2025-03-18,2024-08,2025-03-18
1472,0,GJ 15 A b,GJ 15 A,0.0,2.0,2.0,Radial Velocity,2014.0,W. M. Keck Observatory,Published Confirmed,1.0,<a refstr=HOWARD_ET_AL__2014 href=https://ui.adsabs.harvard.edu/abs/2014ApJ...794...51H/abstract target=ref>Howard et al. 2014</a>,11.4433,0.0016,-0.0016,0.0,0.0717,0.0034,-0.0034,0.0,,,,,,,,,5.35,0.75,-0.75,0.0,0.0168329,0.00235975,-0.00235975,0.0,Msini,0.0,,,0.0,,,,,550.0,,,0.0,0.0,<a refstr=HOWARD_ET_AL__2014 href=https://ui.adsabs.harvard.edu/abs/2014ApJ...794...51H/abstract target=ref>Howard et al. 2014</a>,M2 V,3567.0,11.0,-11.0,0.0,0.3863,0.0021,-0.0021,0.0,0.375,0.057,-0.057,0.0,-0.32,0.17,-0.17,0.0,[Fe/H],4.9,0.17,-0.17,0.0,<a refstr=STASSUN_ET_AL__2019 href=https://ui.adsabs.harvard.edu/abs/2019AJ....158..138S/abstract target=ref>TICv8</a>,00h18m27.04s,4.6126677,'+44d01m29.03s,44.0247296,3.56228,0.00055,-0.00055,8.09,0.1,-0.1,4.018,0.02,-0.02,7.2162,0.000507,-0.000507,2019-10-02,2014-10,2019-10-10
1472,0,GJ 15 A b,GJ 15 A,0.0,2.0,2.0,Radial Velocity,2014.0,W. M. Keck Observatory,Published Confirmed,1.0,<a refstr=ROSENTHAL_ET_AL__2021 href=https://ui.adsabs.harvard.edu/abs/2021ApJS..255....8R/abstract target=ref>Rosenthal et al. 2021</a>,11.4432,0.0012,-0.0012,0.0,0.0732,0.00047,-0.00048,0.0,,,,,,,,,5.43486576,0.41317693,-0.41317693,0.0,0.0171,0.0013,-0.0013,0.0,Msini,0.075,0.072,-0.052,0.0,,,,,,,,,0.0,<a refstr=ROSENTHAL_ET_AL__2021 href=https://ui.adsabs.harvard.edu/abs/2021ApJS..255....8R/abstract target=ref>Rosenthal et al. 2021</a>,,3742.67,30.19,-30.19,0.0,0.375411,0.006775,-0.006775,0.0,0.399648,0.007784,-0.007784,0.0,-0.3911,0.0872,-0.0872,0.0,[Fe/H],4.888422,0.009331,-0.009331,0.0,<a refstr=STASSUN_ET_AL__2019 href=https://ui.adsabs.harvard.edu/abs/2019AJ....158..138S/abstract target=ref>TICv8</a>,00h18m27.04s,4.6126677,'+44d01m29.03s,44.0247296,3.56228,0.00055,-0.00055,8.09,0.1,-0.1,4.018,0.02,-0.02,7.2162,0.000507,-0.000507,2021-09-20,2021-07,2021-09-20
1472,1,GJ 15 A b,GJ 15 A,1.0,2.0,2.0,Radial Velocity,2014.0,W. M. Keck Observatory,Published Confirmed,1.0,<a refstr=PINAMONTI_ET_AL__2018 href=https://ui.adsabs.harvard.edu/abs/2018A&A...617A.104P/abstract target=ref>Pinamonti et al. 2018</a>,11.4407,0.0017,-0.0016,0.0,0.072,0.003,-0.004,0.0,,,,,,,,,3.03,0.46,-0.44,0.0,0.0095334,0.00144731,-0.00138439,0.0,Msini,0.094,0.091,-0.065,0.0,,,,,,,,,0.0,<a refstr=PINAMONTI_ET_AL__2018 href=https://ui.adsabs.harvard.edu/abs/2018A&A...617A.104P/abstract target=ref>Pinamonti et al. 2018</a>,M1,3607.0,68.0,-68.0,0.0,0.38,0.05,-0.05,0.0,0.38,0.05,-0.05,0.0,-0.34,0.09,-0.09,0.0,[Fe/H],4.87,0.04,-0.04,0.0,<a refstr=STASSUN_ET_AL__2019 href=https://ui.adsabs.harvard.edu/abs/2019AJ....158..138S/abstract target=ref>TICv8</a>,00h18m27.04s,4.6126677,'+44d01m29.03s,44.0247296,3.56228,0.00055,-0.00055,8.09,0.1,-0.1,4.018,0.02,-0.02,7.2162,0.000507,-0.000507,2019-10-02,2018-09,2019-10-10
1472,1,GJ 15 A c,GJ 15 A,1.0,2.0,2.0,Radial Velocity,2018.0,Roque de los Muchachos Observatory,Published Confirmed,0.0,<a refstr=PINAMONTI_ET_AL__2018 href=https://ui.adsabs.harvard.edu/abs/2018A&A...617A.104P/abstract target=ref>Pinamonti et al. 2018</a>,7600.0,2200.0,-1700.0,0.0,5.4,1.0,-0.9,0.0,,,,,,,,,36.0,25.0,-18.0,0.0,0.1132681,0.0786584,-0.05663405,0.0,Msini,0.27,0.28,-0.19,0.0,,,,,,,,,0.0,<a refstr=PINAMONTI_ET_AL__2018 href=https://ui.adsabs.harvard.edu/abs/2018A&A...617A.104P/abstract target=ref>Pinamonti et al. 2018</a>,M1,3607.0,68.0,-68.0,0.0,0.38,0.05,-0.05,0.0,0.38,0.05,-0.05,0.0,-0.34,0.09,-0.09,0.0,[Fe/H],4.87,0.04,-0.04,0.0,<a refstr=STASSUN_ET_AL__2019 href=https://ui.adsabs.harvard.edu/abs/2019AJ....158..138S/abstract target=ref>TICv8</a>,00h18m27.04s,4.6126677,'+44d01m29.03s,44.0247296,3.56228,0.00055,-0.00055,8.09,0.1,-0.1,4.018,0.02,-0.02,7.2162,0.000507,-0.000507,2019-10-02,2018-09,2019-10-10
29222,0,GJ 229 A c,GJ 229,0.0,3.0,2.0,Radial Velocity,2020.0,Multiple Facilities,Published Confirmed,1.0,<a refstr=FENG_ET_AL__2020 href=https://ui.adsabs.harvard.edu/abs/2020ApJS..246...11F/abstract target=ref>Feng et al. 2020</a>,121.995,0.161,-0.161,0.0,0.339,0.011,-0.011,0.0,,,,,,,,,7.268,1.256,-1.256,0.0,0.02286757,0.0039518,-0.0039518,0.0,Msini,0.19,0.08,-0.08,0.0,,,,,,,,,0.0,<a refstr=FENG_ET_AL__2020 href=https://ui.adsabs.harvard.edu/abs/2020ApJS..246...11F/abstract target=ref>Feng et al. 2020</a>,,,,,,,,,,0.58,,,0.0,,,,,,,,,,<a refstr=STASSUN_ET_AL__2019 href=https://ui.adsabs.harvard.edu/abs/2019AJ....158..138S/abstract target=ref>TICv8</a>,06h10m34.46s,92.6435993,'-21d52m03.80s,-21.8677233,5.75624,0.001525,-0.001525,8.15,0.1,-0.1,4.166,0.232,-0.232,7.30724,0.000617,-0.000617,2020-02-06,2020-01,2020-02-13
29222,1,GJ 229 A c,GJ 229,1.0,3.0,2.0,Radial Velocity,2020.0,Multiple Facilities,Published Confirmed,1.0,<a refstr=FENG_ET_AL__2022 href=https://ui.adsabs.harvard.edu/abs/2022ApJS..262...21F/abstract target=ref>Feng et al. 2022</a>,121.93268,0.06708,-0.08158,0.0,0.384,0.005,-0.005,0.0,,,,,,,,,8.58136699,0.63565681,-0.63565681,0.0,0.027,0.002,-0.002,0.0,Msini,0.366,0.065,-0.063,0.0,,,,,,,,,0.0,<a refstr=FENG_ET_AL__2022 href=https://ui.adsabs.harvard.edu/abs/2022ApJS..262...21F/abstract target=ref>Feng et al. 2022</a>,,,,,,,,,,0.509,0.02,-0.02,0.0,,,,,,,,,,<a refstr=STASSUN_ET_AL__2019 href=https://ui.adsabs.harvard.edu/abs/2019AJ....158..138S/abstract target=ref>TICv8</a>,06h10m34.46s,92.6435993,'-21d52m03.80s,-21.8677233,5.75624,0.001525,-0.001525,8.15,0.1,-0.1,4.166,0.232,-0.232,7.30724,0.000617,-0.000617,2023-06-14,2022-09,2023-06-14
29222,1,GJ 229 b,GJ 229,1.0,3.0,2.0,Radial Velocity,2014.0,Multiple Observatories,Published Confirmed,1.0,<a refstr=FENG_ET_AL__2022 href=https://ui.adsabs.harvard.edu/abs/2022ApJS..262...21F/abstract target=ref>Feng et al. 2022</a>,579.47495,1.67942,-1.41414,0.0,1.086,0.015,-0.015,0.0,,,,,,,,,14.93793513,0.95348522,-1.27131363,0.0,0.047,0.003,-0.004,0.0,Msini,0.404,0.105,-0.124,0.0,,,,,,,,,0.0,<a refstr=FENG_ET_AL__2022 href=https://ui.adsabs.harvard.edu/abs/2022ApJS..262...21F/abstract target=ref>Feng et al. 2022</a>,,,,,,,,,,0.509,0.02,-0.02,0.0,,,,,,,,,,<a refstr=STASSUN_ET_AL__2019 href=https://ui.adsabs.harvard.edu/abs/2019AJ....158..138S/abstract target=ref>TICv8</a>,06h10m34.46s,92.6435993,'-21d52m03.80s,-21.8677233,5.75624,0.001525,-0.001525,8.15,0.1,-0.1,4.166,0.232,-0.232,7.30724,0.000617,-0.000617,2023-06-14,2022-09,2023-06-14
29222,0,GJ 229 b,GJ 229,0.0,3.0,2.0,Radial Velocity,2014.0,Multiple Observatories,Published Confirmed,1.0,<a refstr=TUOMI_ET_AL__2014 href=https://ui.adsabs.harvard.edu/abs/2014MNRAS.441.1545T/abstract target=ref>Tuomi et al. 2014</a>,471.0,22.0,-12.0,0.0,0.97,0.12,-0.09,0.0,,,,,,,,,32.0,17.0,-16.0,0.0,0.10068275,0.05348771,-0.05034138,0.0,Msini,0.1,0.22,-0.1,0.0,,,,,,,,,0.0,<a refstr=TUOMI_ET_AL__2014 href=https://ui.adsabs.harvard.edu/abs/2014MNRAS.441.1545T/abstract target=ref>Tuomi et al. 2014</a>,M1/M2 V,3564.0,,,0.0,,,,,0.58,,,0.0,,,,,,,,,,<a refstr=STASSUN_ET_AL__2019 href=https://ui.adsabs.harvard.edu/abs/2019AJ....158..138S/abstract target=ref>TICv8</a>,06h10m34.46s,92.6435993,'-21d52m03.80s,-21.8677233,5.75624,0.001525,-0.001525,8.15,0.1,-0.1,4.166,0.232,-0.232,7.30724,0.000617,-0.000617,2020-02-07,2014-06,2019-10-10
29222,0,GJ 229 b,GJ 229,0.0,3.0,2.0,Radial Velocity,2014.0,Multiple Observatories,Published Confirmed,1.0,<a refstr=FENG_ET_AL__2020 href=https://ui.adsabs.harvard.edu/abs/2020ApJS..246...11F/abstract target=ref>Feng et al. 2020</a>,526.115,4.3,-4.3,0.0,0.898,0.031,-0.031,0.0,,,,,,,,,8.478,2.033,-2.033,0.0,0.02667464,0.0063965,-0.0063965,0.0,Msini,0.1,0.06,-0.06,0.0,,,,,,,,,0.0,<a refstr=FENG_ET_AL__2020 href=https://ui.adsabs.harvard.edu/abs/2020ApJS..246...11F/abstract target=ref>Feng et al. 2020</a>,,,,,,,,,,0.58,,,0.0,,,,,,,,,,<a refstr=STASSUN_ET_AL__2019 href=https://ui.adsabs.harvard.edu/abs/2019AJ....158..138S/abstract target=ref>TICv8</a>,06h10m34.46s,92.6435993,'-21d52m03.80s,-21.8677233,5.75624,0.001525,-0.001525,8.15,0.1,-0.1,4.166,0.232,-0.232,7.30724,0.000617,-0.000617,2020-02-07,2020-01,2020-02-13
118447,1,GJ 251 b,GJ 251,1.0,1.0,2.0,Radial Velocity,2020.0,W. M. Keck Observatory,Published Confirmed,0.0,<a refstr=BEARD_ET_AL__2025 href=https://ui.adsabs.harvard.edu/abs/2025AJ....170..279B/abstract target=ref>Beard et al. 2025</a>,14.237,0.0015,-0.0015,0.0,0.0808,0.0042,-0.0042,0.0,,,,,,,,,3.85,0.35,-0.33,0.0,0.01211345,0.00110122,-0.0010383,0.0,Msini,0.0,,,0.0,2.37,0.26,-0.26,0.0,336.0,1.0,-1.0,0.0,0.0,<a refstr=BEARD_ET_AL__2025 href=https://ui.adsabs.harvard.edu/abs/2025AJ....170..279B/abstract target=ref>Beard et al. 2025</a>,,3342.0,24.0,-24.0,0.0,0.36,0.01,-0.01,0.0,0.35,0.05,-0.04,0.0,0.07,0.07,-0.06,0.0,[Fe/H],4.87,0.05,-0.05,0.0,<a refstr=STASSUN_ET_AL__2019 href=https://ui.adsabs.harvard.edu/abs/2019AJ....158..138S/abstract target=ref>TICv8</a>,06h54m48.06s,103.7002499,'+33d15m59.27s,33.2664632,5.58057,0.00198,-0.00198,9.89,0.1,-0.1,5.275,0.023,-0.023,8.85518,0.001134,-0.001134,2025-10-30,2025-11,2025-10-30
118447,0,GJ 251 b,GJ 251,0.0,1.0,2.0,Radial Velocity,2020.0,W. M. Keck Observatory,Published Confirmed,0.0,<a refstr=STOCK_ET_AL__2020 href=https://ui.adsabs.harvard.edu/abs/2020A&A...643A.112S/abstract target=ref>Stock et al. 2020</a>,14.238,0.002,-0.002,0.0,0.0818,0.0011,-0.0012,0.0,,,,,,,,,4.0,0.4,-0.4,0.0,0.01258534,0.00125853,-0.00125853,0.0,Msini,0.1,0.09,-0.07,0.0,2.53,0.04,-0.04,0.0,351.0,1.4,-1.3,0.0,0.0,<a refstr=STOCK_ET_AL__2020 href=https://ui.adsabs.harvard.edu/abs/2020A&A...643A.112S/abstract target=ref>Stock et al. 2020</a>,M3.0 V,3451.0,51.0,-51.0,0.0,0.364,0.011,-0.011,0.0,0.36,0.015,-0.015,0.0,-0.03,0.16,-0.16,0.0,[Fe/H],4.96,0.07,-0.07,0.0,<a refstr=STASSUN_ET_AL__2019 href=https://ui.adsabs.harvard.edu/abs/2019AJ....158..138S/abstract target=ref>TICv8</a>,06h54m48.06s,103.7002499,'+33d15m59.27s,33.2664632,5.58057,0.00198,-0.00198,9.89,0.1,-0.1,5.275,0.023,-0.023,8.85518,0.001134,-0.001134,2021-02-26,2020-11,2021-03-04
118447,1,GJ 251 c,GJ 251,1.0,1.0,2.0,Radial Velocity,2025.0,Multiple Observatories,Published Confirmed,0.0,<a refstr=BEARD_ET_AL__2025 href=https://ui.adsabs.harvard.edu/abs/2025AJ....170..279B/abstract target=ref>Beard et al. 2025</a>,53.647,0.044,-0.044,0.0,0.196,0.014,-0.014,0.0,,,,,,,,,3.88,0.79,-0.79,0.0,0.01220785,0.00248562,-0.00248562,0.0,Msini,0.0,,,0.0,0.404,0.059,-0.059,0.0,216.0,0.8,-0.8,0.0,0.0,<a refstr=BEARD_ET_AL__2025 href=https://ui.adsabs.harvard.edu/abs/2025AJ....170..279B/abstract target=ref>Beard et al. 2025</a>,,3342.0,24.0,-24.0,0.0,0.36,0.01,-0.01,0.0,0.35,0.05,-0.04,0.0,0.07,0.07,-0.06,0.0,[Fe/H],4.87,0.05,-0.05,0.0,<a refstr=STASSUN_ET_AL__2019 href=https://ui.adsabs.harvard.edu/abs/2019AJ....158..138S/abstract target=ref>TICv8</a>,06h54m48.06s,103.7002499,'+33d15m59.27s,33.2664632,5.58057,0.00198,-0.00198,9.89,0.1,-0.1,5.275,0.023,-0.023,8.85518,0.001134,-0.001134,2025-10-30,2025-11,2025-10-30
36107,1,GJ 273 b,GJ 273,1.0,1.0,2.0,Radial Velocity,2017.0,La Silla Observatory,Published Confirmed,0.0,<a refstr=ASTUDILLO_DEFRU_ET_AL__2017 href=https://ui.adsabs.harvard.edu/abs/2017A&A...602A..88A/abstract target=ref>Astudillo-Defru et al. 2017</a>,18.6498,0.0059,-0.0052,0.0,0.091101,1.9e-05,-1.7e-05,0.0,,,,,,,,,2.89,0.27,-0.26,0.0,0.00909291,0.00084951,-0.00081805,0.0,Msini,0.1,0.09,-0.07,0.0,1.06,,,0.0,,,,,0.0,<a refstr=ASTUDILLO_DEFRU_ET_AL__2017 href=https://ui.adsabs.harvard.edu/abs/2017A&A...602A..88A/abstract target=ref>Astudillo-Defru et al. 2017</a>,M3.5,3382.0,49.0,-49.0,0.0,0.293,0.027,-0.027,0.0,0.29,,,0.0,0.09,0.17,-0.17,0.0,[Fe/H],,,,,<a refstr=STASSUN_ET_AL__2019 href=https://ui.adsabs.harvard.edu/abs/2019AJ....158..138S/abstract target=ref>TICv8</a>,07h27m24.50s,111.852091,'+05d13m32.91s,5.225807,5.921535,0.0206332,-0.0206332,9.84,0.1,-0.1,4.857,0.023,-0.023,,,,2017-03-29,2017-06,2017-03-30
36107,1,GJ 273 c,GJ 273,1.0,1.0,2.0,Radial Velocity,2017.0,La Silla Observatory,Published Confirmed,0.0,<a refstr=ASTUDILLO_DEFRU_ET_AL__2017 href=https://ui.adsabs.harvard.edu/abs/2017A&A...602A..88A/abstract target=ref>Astudillo-Defru et al. 2017</a>,4.7234,0.0004,-0.0004,0.0,0.036467,2e-06,-2e-06,0.0,,,,,,,,,1.18,0.16,-0.16,0.0,0.00371268,0.00050341,-0.00050341,0.0,Msini,0.17,0.13,-0.12,0.0,6.66,,,0.0,,,,,0.0,<a refstr=ASTUDILLO_DEFRU_ET_AL__2017 href=https://ui.adsabs.harvard.edu/abs/2017A&A...602A..88A/abstract target=ref>Astudillo-Defru et al. 2017</a>,M3.5,3382.0,49.0,-49.0,0.0,0.293,0.027,-0.027,0.0,0.29,,,0.0,0.09,0.17,-0.17,0.0,[Fe/H],,,,,<a refstr=STASSUN_ET_AL__2019 href=https://ui.adsabs.harvard.edu/abs/2019AJ....158..138S/abstract target=ref>TICv8</a>,07h27m24.50s,111.852091,'+05d13m32.91s,5.225807,5.921535,0.0206332,-0.0206332,9.84,0.1,-0.1,4.857,0.023,-0.023,,,,2017-03-29,2017-06,2017-03-30
118344,1,GJ 3323 b,GJ 3323,1.0,1.0,2.0,Radial Velocity,2017.0,La Silla Observatory,Published Confirmed,0.0,<a refstr=ASTUDILLO_DEFRU_ET_AL__2017 href=https://ui.adsabs.harvard.edu/abs/2017A&A...602A..88A/abstract target=ref>Astudillo-Defru et al. 2017</a>,5.3636,0.0007,-0.0007,0.0,0.03282,0.00054,-0.00056,0.0,,,,,,,,,2.02,0.26,-0.25,0.0,0.0063556,0.00081805,-0.00078658,0.0,Msini,0.23,0.11,-0.11,0.0,2.58,,,0.0,,,,,0.0,<a refstr=ASTUDILLO_DEFRU_ET_AL__2017 href=https://ui.adsabs.harvard.edu/abs/2017A&A...602A..88A/abstract target=ref>Astudillo-Defru et al. 2017</a>,M4,3159.0,49.0,-49.0,0.0,0.119,0.027,-0.027,0.0,0.164,,,0.0,-0.27,0.09,-0.09,0.0,[Fe/H],,,,,<a refstr=STASSUN_ET_AL__2019 href=https://ui.adsabs.harvard.edu/abs/2019AJ....158..138S/abstract target=ref>TICv8</a>,05h01m56.85s,75.4868824,'-06d56m54.65s,-6.9485133,5.37484,0.00172,-0.00172,12.57,0.2,-0.2,6.736,0.024,-0.024,10.6467,0.000647,-0.000647,2017-03-29,2017-06,2017-03-30
118344,1,GJ 3323 c,GJ 3323,1.0,1.0,2.0,Radial Velocity,2017.0,La Silla Observatory,Published Confirmed,0.0,<a refstr=ASTUDILLO_DEFRU_ET_AL__2017 href=https://ui.adsabs.harvard.edu/abs/2017A&A...602A..88A/abstract target=ref>Astudillo-Defru et al. 2017</a>,40.54,0.21,-0.19,0.0,0.1264,0.0021,-0.0022,0.0,,,,,,,,,2.31,0.5,-0.49,0.0,0.00726804,0.00157317,-0.0015417,0.0,Msini,0.17,0.21,-0.12,0.0,0.17,,,0.0,,,,,0.0,<a refstr=ASTUDILLO_DEFRU_ET_AL__2017 href=https://ui.adsabs.harvard.edu/abs/2017A&A...602A..88A/abstract target=ref>Astudillo-Defru et al. 2017</a>,M4,3159.0,49.0,-49.0,0.0,0.119,0.027,-0.027,0.0,0.164,,,0.0,-0.27,0.09,-0.09,0.0,[Fe/H],,,,,<a refstr=STASSUN_ET_AL__2019 href=https://ui.adsabs.harvard.edu/abs/2019AJ....158..138S/abstract target=ref>TICv8</a>,05h01m56.85s,75.4868824,'-06d56m54.65s,-6.9485133,5.37484,0.00172,-0.00172,12.57,0.2,-0.2,6.736,0.024,-0.024,10.6467,0.000647,-0.000647,2017-03-29,2017-06,2017-03-30
118405,0,GJ 3378 b,GJ 3378,0.0,1.0,1.0,Radial Velocity,2026.0,Mauna Kea Observatory,Published Candidate,0.0,<a refstr=MOUTOU_ET_AL__2024 href=https://ui.adsabs.harvard.edu/abs/2024A&A...688A.196M/abstract target=ref>Moutou et al. 2024</a>,24.728,0.056,-0.06,0.0,0.106,0.003,-0.003,0.0,,,,,,,,,5.26,0.94,-0.97,0.0,0.01654981,0.00295757,-0.00305196,0.0,Msini,0.36,0.13,-0.16,0.0,,,,,260.0,,,0.0,0.0,<a refstr=MOUTOU_ET_AL__2024 href=https://ui.adsabs.harvard.edu/abs/2024A&A...688A.196M/abstract target=ref>Moutou et al. 2024</a>,M4 V,3378.0,30.0,-30.0,0.0,,,,,0.26,0.02,-0.02,0.0,-0.05,0.1,-0.1,0.0,[Fe/H],,,,,<a refstr=STASSUN_ET_AL__2019 href=https://ui.adsabs.harvard.edu/abs/2019AJ....158..138S/abstract target=ref>TICv8</a>,06h01m10.83s,90.2951302,'+59d35m35.49s,59.5931917,7.72274,0.0048,-0.0048,12.37,0.2,-0.2,6.639,0.018,-0.018,10.4084,0.000718,-0.000718,2026-06-04,2024-08,2026-06-04
118405,1,GJ 3378 b,GJ 3378,1.0,1.0,1.0,Radial Velocity,2026.0,Mauna Kea Observatory,Published Confirmed,0.0,<a refstr=ROBERTSON_ET_AL_2026 href=https://ui.adsabs.harvard.edu/abs/2026ApJ..1005...32R/abstract target=ref>Robertson et al. 2026</a>,21.45,0.01,-0.01,0.0,0.09673,0.0008,-0.0008,0.0,,,,,,,,,2.3,0.4,-0.4,0.0,0.00723661,0.00125854,-0.00125854,0.0,Msini,0.0,,,0.0,0.91,0.09,-0.09,0.0,272.0,7.0,-7.0,0.0,0.0,<a refstr=ROBERTSON_ET_AL_2026 href=https://ui.adsabs.harvard.edu/abs/2026ApJ..1005...32R/abstract target=ref>Robertson et al. 2026</a>,M4 V,3340.0,60.0,-60.0,0.0,0.275,0.009,-0.009,0.0,0.262,0.021,-0.021,0.0,-0.09,0.08,-0.08,0.0,[Fe/H],4.97,0.06,-0.06,0.0,<a refstr=STASSUN_ET_AL__2019 href=https://ui.adsabs.harvard.edu/abs/2019AJ....158..138S/abstract target=ref>TICv8</a>,06h01m10.83s,90.2951302,'+59d35m35.49s,59.5931917,7.72274,0.0048,-0.0048,12.37,0.2,-0.2,6.639,0.018,-0.018,10.4084,0.000718,-0.000718,2026-06-04,2026-07,2026-06-04
45214,1,GJ 338 B b,GJ 338 B,1.0,2.0,1.0,Radial Velocity,2020.0,Calar Alto Observatory,Published Confirmed,0.0,<a refstr=DITOMASSO_ET_AL_2023 href=https://ui.adsabs.harvard.edu/abs/2023AJ....165...38D/abstract target=ref>DiTomasso et al. 2023</a>,24.422,0.014,-0.014,0.0,0.142,0.005,-0.005,0.0,,,,,,,,,10.6,1.2,-1.2,0.0,0.03335133,0.00377562,-0.00377562,0.0,Msini,0.109,0.1,-0.075,0.0,,,,,,,,,0.0,<a refstr=DITOMASSO_ET_AL_2023 href=https://ui.adsabs.harvard.edu/abs/2023AJ....165...38D/abstract target=ref>DiTomasso et al. 2023</a>,M0 V,4014.0,100.0,-100.0,0.0,0.58,0.03,-0.03,0.0,0.64,0.07,-0.07,0.0,-0.03,0.16,-0.16,0.0,[Fe/H],4.68,0.07,-0.07,0.0,<a refstr=STASSUN_ET_AL__2019 href=https://ui.adsabs.harvard.edu/abs/2019AJ....158..138S/abstract target=ref>TICv8</a>,09h14m22.00s,138.5916722,'+52d41m00.68s,52.6835211,6.33256,0.00167,-0.00168,7.7,0.1,-0.1,4.136,0.02,-0.02,7.04775,0.00044,-0.00044,2023-01-18,2023-02,2023-01-18
45214,0,GJ 338 B b,GJ 338 B,0.0,2.0,1.0,Radial Velocity,2020.0,Calar Alto Observatory,Published Confirmed,0.0,<a refstr=GONZ_AACUTE_LEZ__AACUTE_LVAREZ_ET_AL__2020 href=https://ui.adsabs.harvard.edu/abs/2020A&A...637A..93G/abstract target=ref>Gonz&aacute;lez-&Aacute;lvarez et al. 2020</a>,24.45,0.02,-0.02,0.0,0.141,0.005,-0.005,0.0,,,,,,,,,10.27,1.47,-1.38,0.0,0.03231287,0.00462511,-0.00434194,0.0,Msini,0.11,0.11,-0.08,0.0,,,,,391.0,20.0,-20.0,0.0,0.0,<a refstr=GONZ_AACUTE_LEZ__AACUTE_LVAREZ_ET_AL__2020 href=https://ui.adsabs.harvard.edu/abs/2020A&A...637A..93G/abstract target=ref>Gonz&aacute;lez-&Aacute;lvarez et al. 2020</a>,M0.0 V,4005.0,51.0,-51.0,0.0,0.58,0.03,-0.03,0.0,0.64,0.07,-0.07,0.0,-0.03,0.16,-0.16,0.0,[Fe/H],4.68,0.07,-0.07,0.0,<a refstr=STASSUN_ET_AL__2019 href=https://ui.adsabs.harvard.edu/abs/2019AJ....158..138S/abstract target=ref>TICv8</a>,09h14m22.00s,138.5916722,'+52d41m00.68s,52.6835211,6.33256,0.00167,-0.00168,7.7,0.1,-0.1,4.136,0.02,-0.02,7.04775,0.00044,-0.00044,2020-07-02,2020-05,2020-07-09
46970,0,GJ 357 b,GJ 357,0.0,1.0,3.0,Transit,2019.0,Transiting Exoplanet Survey Satellite (TESS),Published Confirmed,0.0,<a refstr=KOKORI_ET_AL__2023 href=https://ui.adsabs.harvard.edu/abs/2023ApJS..265....4K/abstract target=ref>Kokori et al. 2023</a>,3.930623,1e-05,-1e-05,0.0,,,,,,,,,,,,,,,,,,,,,,,,,,,,,,,,,,0.0,<a refstr=LUQUE_ET_AL__2019 href=https://ui.adsabs.harvard.edu/abs/2019A&A...628A..39L/abstract target=ref>Luque et al. 2019</a>,M2.5 V,3505.0,51.0,-51.0,0.0,0.337,0.015,-0.015,0.0,0.342,0.011,-0.011,0.0,-0.12,0.16,-0.16,0.0,[Fe/H],4.94,0.07,-0.07,0.0,<a refstr=STASSUN_ET_AL__2019 href=https://ui.adsabs.harvard.edu/abs/2019AJ....158..138S/abstract target=ref>TICv8</a>,09h36m01.79s,144.0074644,'-21d39m54.23s,-21.6650634,9.44181,0.00511,-0.00511,10.91,0.1,-0.1,6.475,0.017,-0.017,9.88036,0.00144,-0.00144,2024-03-04,2023-03,2024-03-04
46970,1,GJ 357 b,GJ 357,1.0,1.0,3.0,Transit,2019.0,Transiting Exoplanet Survey Satellite (TESS),Published Confirmed,0.0,<a refstr=ODDO_ET_AL__2023 href=https://ui.adsabs.harvard.edu/abs/2023AJ....165..134O/abstract target=ref>Oddo et al. 2023</a>,3.9306,2e-06,-2e-06,0.0,0.036,0.0004,-0.0004,0.0,1.2,0.06,-0.06,0.0,0.10705701,0.00535285,-0.00535285,0.0,,,,,,,,,,,,,,,,,,518.0,44.0,-44.0,0.0,0.0,<a refstr=ODDO_ET_AL__2023 href=https://ui.adsabs.harvard.edu/abs/2023AJ....165..134O/abstract target=ref>Oddo et al. 2023</a>,M2.5 V,3505.0,51.0,-51.0,0.0,0.337,0.015,-0.015,0.0,0.342,0.011,-0.011,0.0,-0.12,0.16,-0.16,0.0,[Fe/H],4.94,0.07,-0.07,0.0,<a refstr=STASSUN_ET_AL__2019 href=https://ui.adsabs.harvard.edu/abs/2019AJ....158..138S/abstract target=ref>TICv8</a>,09h36m01.79s,144.0074644,'-21d39m54.23s,-21.6650634,9.44181,0.00511,-0.00511,10.91,0.1,-0.1,6.475,0.017,-0.017,9.88036,0.00144,-0.00144,2023-08-22,2023-03,2023-08-22
46970,0,GJ 357 b,GJ 357,0.0,1.0,3.0,Transit,2019.0,Transiting Exoplanet Survey Satellite (TESS),TESS Project Candidate,0.0,<a refstr=EXOFOP href=https://exofop.ipac.caltech.edu/tess/view_toi.php target=ref>ExoFOP</a>,3.9306027,3e-06,-3e-06,0.0,,,,,1.26995,0.0506095,-0.0506095,0.0,0.11329755,0.00451508,-0.00451508,0.0,,,,,,,,,,,,,,16.4901,,,0.0,561.0,,,0.0,0.0,<a refstr=EXOFOP href=https://exofop.ipac.caltech.edu/tess/view_toi.php target=ref>ExoFOP</a>,,3505.0,90.0,-90.0,0.0,0.36,0.01,-0.01,0.0,,,,,,,,,,4.90573,0.061793,-0.061793,0.0,<a refstr=STASSUN_ET_AL__2019 href=https://ui.adsabs.harvard.edu/abs/2019AJ....158..138S/abstract target=ref>TICv8</a>,09h36m01.79s,144.0074644,'-21d39m54.23s,-21.6650634,9.44181,0.00511,-0.00511,10.91,0.1,-0.1,6.475,0.017,-0.017,9.88036,0.00144,-0.00144,2023-04-17,2017-07,2023-04-17
46970,0,GJ 357 b,GJ 357,0.0,1.0,3.0,Transit,2019.0,Transiting Exoplanet Survey Satellite (TESS),Published Confirmed,0.0,<a refstr=LUQUE_ET_AL__2019 href=https://ui.adsabs.harvard.edu/abs/2019A&A...628A..39L/abstract target=ref>Luque et al. 2019</a>,3.93072,8e-05,-6e-05,0.0,0.035,0.002,-0.002,0.0,1.217,0.084,-0.083,0.0,0.10857347,0.00749398,-0.00740476,0.0,1.84,0.31,-0.31,0.0,0.00578926,0.00097536,-0.00097536,0.0,Mass,,,,,12.6,1.1,-0.8,0.0,525.0,11.0,-9.0,0.0,0.0,<a refstr=LUQUE_ET_AL__2019 href=https://ui.adsabs.harvard.edu/abs/2019A&A...628A..39L/abstract target=ref>Luque et al. 2019</a>,M2.5 V,3505.0,51.0,-51.0,0.0,0.337,0.015,-0.015,0.0,0.342,0.011,-0.011,0.0,-0.12,0.16,-0.16,0.0,[Fe/H],4.94,0.07,-0.07,0.0,<a refstr=STASSUN_ET_AL__2019 href=https://ui.adsabs.harvard.edu/abs/2019AJ....158..138S/abstract target=ref>TICv8</a>,09h36m01.79s,144.0074644,'-21d39m54.23s,-21.6650634,9.44181,0.00511,-0.00511,10.91,0.1,-0.1,6.475,0.017,-0.017,9.88036,0.00144,-0.00144,2019-08-09,2019-08,2019-08-15
46970,0,GJ 357 b,GJ 357,0.0,1.0,3.0,Transit,2019.0,Transiting Exoplanet Survey Satellite (TESS),Published Confirmed,0.0,<a refstr=ADAMS_REDAI_ET_AL__2025 href=https://ui.adsabs.harvard.edu/abs/2025AJ....170..219A/abstract target=ref>Adams Redai et al. 2025</a>,,,,,,,,,,,,,,,,,,,,,,,,,,,,,,,,,,,,,,0.0,,,,,,,,,,,,,,,,,,,,,,,,<a refstr=STASSUN_ET_AL__2019 href=https://ui.adsabs.harvard.edu/abs/2019AJ....158..138S/abstract target=ref>TICv8</a>,09h36m01.79s,144.0074644,'-21d39m54.23s,-21.6650634,9.44181,0.00511,-0.00511,10.91,0.1,-0.1,6.475,0.017,-0.017,9.88036,0.00144,-0.00144,2025-11-13,2025-10,2025-11-13
46970,0,GJ 357 b,GJ 357,0.0,1.0,3.0,Transit,2019.0,Transiting Exoplanet Survey Satellite (TESS),Published Confirmed,0.0,<a refstr=WEISSERMAN_ET_AL_2026 href=https://ui.adsabs.harvard.edu/abs/2026A&A...709A.165W/abstract target=ref>Weisserman et al. 2026</a>,3.93,,,0.0,,,,,1.21,0.05,-0.05,0.0,0.10794916,0.00446071,-0.00446071,0.0,1.83,0.3,-0.3,0.0,0.00575782,0.00094391,-0.00094391,0.0,Mass,,,,,,,,,548.0,11.0,-11.0,0.0,0.0,<a refstr=WEISSERMAN_ET_AL_2026 href=https://ui.adsabs.harvard.edu/abs/2026A&A...709A.165W/abstract target=ref>Weisserman et al. 2026</a>,M2.5 V,,,,,0.36,0.011,-0.011,0.0,0.346,0.007,-0.007,0.0,-0.12,0.12,-0.12,0.0,[Fe/H],4.86,0.03,-0.03,0.0,<a refstr=STASSUN_ET_AL__2019 href=https://ui.adsabs.harvard.edu/abs/2019AJ....158..138S/abstract target=ref>TICv8</a>,09h36m01.79s,144.0074644,'-21d39m54.23s,-21.6650634,9.44181,0.00511,-0.00511,10.91,0.1,-0.1,6.475,0.017,-0.017,9.88036,0.00144,-0.00144,2026-05-07,2026-05,2026-05-07
46970,1,GJ 357 c,GJ 357,1.0,1.0,3.0,Radial Velocity,2019.0,Multiple Observatories,Published Confirmed,0.0,<a refstr=LUQUE_ET_AL__2019 href=https://ui.adsabs.harvard.edu/abs/2019A&A...628A..39L/abstract target=ref>Luque et al. 2019</a>,9.1247,0.0011,-0.001,0.0,0.061,0.004,-0.004,0.0,,,,,,,,,3.4,0.46,-0.46,0.0,0.01069754,0.00144731,-0.00144731,0.0,Msini,,,,,4.45,0.14,-0.14,0.0,401.2,10.8,-10.7,0.0,0.0,<a refstr=LUQUE_ET_AL__2019 href=https://ui.adsabs.harvard.edu/abs/2019A&A...628A..39L/abstract target=ref>Luque et al. 2019</a>,M2.5 V,3505.0,51.0,-51.0,0.0,0.337,0.015,-0.015,0.0,0.342,0.011,-0.011,0.0,-0.12,0.16,-0.16,0.0,[Fe/H],4.94,0.07,-0.07,0.0,<a refstr=STASSUN_ET_AL__2019 href=https://ui.adsabs.harvard.edu/abs/2019AJ....158..138S/abstract target=ref>TICv8</a>,09h36m01.79s,144.0074644,'-21d39m54.23s,-21.6650634,9.44181,0.00511,-0.00511,10.91,0.1,-0.1,6.475,0.017,-0.017,9.88036,0.00144,-0.00144,2019-07-29,2019-08,2019-08-01
46970,1,GJ 357 d,GJ 357,1.0,1.0,3.0,Radial Velocity,2019.0,Multiple Observatories,Published Confirmed,0.0,<a refstr=LUQUE_ET_AL__2019 href=https://ui.adsabs.harvard.edu/abs/2019A&A...628A..39L/abstract target=ref>Luque et al. 2019</a>,55.661,0.055,-0.055,0.0,0.204,0.015,-0.015,0.0,,,,,,,,,6.1,1.0,-1.0,0.0,0.01919265,0.00314634,-0.00314634,0.0,Msini,,,,,0.38,0.01,-0.01,0.0,219.6,5.9,-5.9,0.0,0.0,<a refstr=LUQUE_ET_AL__2019 href=https://ui.adsabs.harvard.edu/abs/2019A&A...628A..39L/abstract target=ref>Luque et al. 2019</a>,M2.5 V,3505.0,51.0,-51.0,0.0,0.337,0.015,-0.015,0.0,0.342,0.011,-0.011,0.0,-0.12,0.16,-0.16,0.0,[Fe/H],4.94,0.07,-0.07,0.0,<a refstr=STASSUN_ET_AL__2019 href=https://ui.adsabs.harvard.edu/abs/2019AJ....158..138S/abstract target=ref>TICv8</a>,09h36m01.79s,144.0074644,'-21d39m54.23s,-21.6650634,9.44181,0.00511,-0.00511,10.91,0.1,-0.1,6.475,0.017,-0.017,9.88036,0.00144,-0.00144,2019-07-29,2019-08,2019-08-01
51172,1,GJ 393 b,GJ 393,1.0,1.0,1.0,Radial Velocity,2021.0,Multiple Observatories,Published Confirmed,0.0,<a refstr=AMADO_ET_AL__2021 href=https://ui.adsabs.harvard.edu/abs/2021A&A...650A.188A/abstract target=ref>Amado et al. 2021</a>,7.02679,0.00082,-0.00085,0.0,0.05402,0.00072,-0.00072,0.0,,,,,,,,,1.71,0.24,-0.24,0.0,0.00538026,0.00075512,-0.00075512,0.0,Msini,,,,,9.21,0.31,-0.31,0.0,485.0,11.0,-11.0,0.0,0.0,<a refstr=AMADO_ET_AL__2021 href=https://ui.adsabs.harvard.edu/abs/2021A&A...650A.188A/abstract target=ref>Amado et al. 2021</a>,M2.0 V,3579.0,51.0,-51.0,0.0,0.426,0.013,-0.013,0.0,0.426,0.017,-0.017,0.0,-0.09,0.16,-0.16,0.0,[Fe/H],4.88,0.07,-0.07,0.0,<a refstr=STASSUN_ET_AL__2019 href=https://ui.adsabs.harvard.edu/abs/2019AJ....158..138S/abstract target=ref>TICv8</a>,10h28m54.93s,157.2288672,'+00d50m16.25s,0.8378485,7.03149,0.002485,-0.002485,9.65,0.1,-0.1,5.311,0.023,-0.023,8.67373,0.00078,-0.00078,2021-07-12,2021-06,2021-07-12
53879,0,GJ 411 b,GJ 411,0.0,1.0,2.0,Radial Velocity,2019.0,Haute-Provence Observatory,Published Confirmed,0.0,<a refstr=STOCK_ET_AL__2020 href=https://ui.adsabs.harvard.edu/abs/2020A&A...643A.112S/abstract target=ref>Stock et al. 2020</a>,12.946,0.005,-0.005,0.0,0.0789,0.00068,-0.00077,0.0,,,,,,,,,2.69,0.25,-0.25,0.0,0.00846364,0.00078658,-0.00078658,0.0,Msini,0.12,0.12,-0.09,0.0,3.13,0.2,-0.22,0.0,370.1,5.8,-6.8,0.0,0.0,<a refstr=STOCK_ET_AL__2020 href=https://ui.adsabs.harvard.edu/abs/2020A&A...643A.112S/abstract target=ref>Stock et al. 2020</a>,M1.5 V,3601.0,51.0,-51.0,0.0,0.392,0.004,-0.004,0.0,0.39,0.011,-0.011,0.0,-0.09,0.16,-0.16,0.0,[Fe/H],4.87,0.07,-0.07,0.0,<a refstr=STASSUN_ET_AL__2019 href=https://ui.adsabs.harvard.edu/abs/2019AJ....158..138S/abstract target=ref>TICv8</a>,11h03m20.27s,165.834471,'+35d58m20.34s,35.972317,5.675773,0.0059099,-0.0059099,7.49,0.1,-0.1,3.501,0.352,-0.352,,,,2021-02-26,2020-11,2021-03-04
53879,0,GJ 411 b,GJ 411,0.0,1.0,2.0,Radial Velocity,2019.0,Haute-Provence Observatory,Published Confirmed,0.0,<a refstr=HARADA_ET_AL_2025 href=https://ui.adsabs.harvard.edu/abs/2025AJ....170..343H/abstract target=ref>Harada et al. 2025</a>,12.9381,0.0016,-0.0016,0.0,0.0767,0.004,-0.0045,0.0,,,,,,,,,2.35,0.35,-0.34,0.0,0.00739393,0.00110122,-0.00106976,0.0,Msini,0.134,0.11,-0.093,0.0,,,,,,,,,0.0,<a refstr=HARADA_ET_AL_2025 href=https://ui.adsabs.harvard.edu/abs/2025AJ....170..343H/abstract target=ref>Harada et al. 2025</a>,,3601.0,,,0.0,,,,,,,,,,,,,,,,,,<a refstr=STASSUN_ET_AL__2019 href=https://ui.adsabs.harvard.edu/abs/2019AJ....158..138S/abstract target=ref>TICv8</a>,11h03m20.27s,165.834471,'+35d58m20.34s,35.972317,5.675773,0.0059099,-0.0059099,7.49,0.1,-0.1,3.501,0.352,-0.352,,,,2026-02-12,2025-12,2026-02-12
53879,1,GJ 411 b,GJ 411,1.0,1.0,2.0,Radial Velocity,2019.0,Haute-Provence Observatory,Published Confirmed,0.0,<a refstr=HURT_ET_AL__2022 href=https://ui.adsabs.harvard.edu/abs/2022AJ....163..218H/abstract target=ref>Hurt et al. 2022</a>,12.9394,0.0014,-0.0013,0.0,0.07879,0.00056,-0.00055,0.0,,,,,,,,,2.69,0.19,-0.18,0.0,0.00846369,0.00059781,-0.00056634,0.0,Msini,0.063,0.061,-0.043,0.0,,,,,,,,,0.0,<a refstr=HURT_ET_AL__2022 href=https://ui.adsabs.harvard.edu/abs/2022AJ....163..218H/abstract target=ref>Hurt et al. 2022</a>,,3719.0,21.0,-31.0,0.0,0.3685,0.0081,-0.0054,0.0,0.3899,0.0106,-0.0061,0.0,-0.3621,0.0872,-0.0687,0.0,[Fe/H],4.895,0.008,-0.01,0.0,<a refstr=STASSUN_ET_AL__2019 href=https://ui.adsabs.harvard.edu/abs/2019AJ....158..138S/abstract target=ref>TICv8</a>,11h03m20.27s,165.834471,'+35d58m20.34s,35.972317,5.675773,0.0059099,-0.0059099,7.49,0.1,-0.1,3.501,0.352,-0.352,,,,2022-05-24,2022-05,2022-05-24
53879,0,GJ 411 b,GJ 411,0.0,1.0,2.0,Radial Velocity,2019.0,Haute-Provence Observatory,Published Confirmed,0.0,<a refstr=D_IACUTE_AZ_ET_AL__2019 href=https://ui.adsabs.harvard.edu/abs/2019A&A...625A..17D/abstract target=ref>D&iacute;az et al. 2019</a>,12.9532,0.0079,-0.0079,0.0,0.0785,0.0027,-0.0027,0.0,,,,,,,,,2.99,0.46,-0.46,0.0,0.00940754,0.00144731,-0.00144731,0.0,Msini,0.22,0.13,-0.13,0.0,,,,,349.83,0.32,-0.32,0.0,0.0,<a refstr=D_IACUTE_AZ_ET_AL__2019 href=https://ui.adsabs.harvard.edu/abs/2019A&A...625A..17D/abstract target=ref>D&iacute;az et al. 2019</a>,M1.9,3563.0,60.0,-60.0,0.0,0.389,0.013,-0.013,0.0,0.386,0.039,-0.039,0.0,-0.38,0.08,-0.08,0.0,[Fe/H],,,,,<a refstr=STASSUN_ET_AL__2019 href=https://ui.adsabs.harvard.edu/abs/2019AJ....158..138S/abstract target=ref>TICv8</a>,11h03m20.27s,165.834471,'+35d58m20.34s,35.972317,5.675773,0.0059099,-0.0059099,7.49,0.1,-0.1,3.501,0.352,-0.352,,,,2021-02-26,2019-05,2019-03-05
53879,0,GJ 411 b,GJ 411,0.0,1.0,2.0,Radial Velocity,2019.0,Haute-Provence Observatory,Published Confirmed,0.0,<a refstr=ROSENTHAL_ET_AL__2021 href=https://ui.adsabs.harvard.edu/abs/2021ApJS..255....8R/abstract target=ref>Rosenthal et al. 2021</a>,12.9382,0.0018,-0.0016,0.0,0.07892,0.00054,-0.00055,0.0,,,,,,,,,2.80324655,0.29240213,-0.31147184,0.0,0.00882,0.00092,-0.00098,0.0,Msini,0.095,0.099,-0.066,0.0,,,,,,,,,0.0,<a refstr=ROSENTHAL_ET_AL__2021 href=https://ui.adsabs.harvard.edu/abs/2021ApJS..255....8R/abstract target=ref>Rosenthal et al. 2021</a>,,3719.95,28.3,-28.3,0.0,0.369083,0.006667,-0.006667,0.0,0.391846,0.008168,-0.008168,0.0,-0.3612,0.0817,-0.0817,0.0,[Fe/H],4.89504,0.008878,-0.008878,0.0,<a refstr=STASSUN_ET_AL__2019 href=https://ui.adsabs.harvard.edu/abs/2019AJ....158..138S/abstract target=ref>TICv8</a>,11h03m20.27s,165.834471,'+35d58m20.34s,35.972317,5.675773,0.0059099,-0.0059099,7.49,0.1,-0.1,3.501,0.352,-0.352,,,,2021-09-20,2021-07,2021-09-20
119492,1,GJ 4274 b,GJ 4274,1.0,1.0,2.0,Radial Velocity,2026.0,Mauna Kea Observatory,Published Confirmed,0.0,<a refstr=CHARPENTIER_ET_AL_2026 href=https://ui.adsabs.harvard.edu/abs/2026A&A...705A.243C/abstract target=ref>Charpentier et al. 2026</a>,1.6339,0.0001,-0.0001,0.0,0.0153,0.0008,-0.0008,0.0,,,,,,,,,2.97,0.54,-0.5,0.0,0.00934467,0.00169903,-0.00157318,0.0,Msini,,,,,14.7,1.5,-1.5,0.0,,,,,0.0,<a refstr=CHARPENTIER_ET_AL_2026 href=https://ui.adsabs.harvard.edu/abs/2026A&A...705A.243C/abstract target=ref>Charpentier et al. 2026</a>,M4.5 V,3228.0,19.0,-19.0,0.0,0.19,0.01,-0.01,0.0,0.18,0.03,-0.03,0.0,-0.19,0.1,-0.1,0.0,[Fe/H],5.26,0.13,-0.13,0.0,<a refstr=STASSUN_ET_AL__2019 href=https://ui.adsabs.harvard.edu/abs/2019AJ....158..138S/abstract target=ref>TICv8</a>,22h23m07.33s,335.7805478,'-17d36m37.47s,-17.6104078,7.23556,0.01313,-0.01308,13.31,0.2,-0.2,7.319,0.018,-0.018,11.5542,0.001564,-0.001564,2026-02-12,2026-01,2026-02-12
119492,1,GJ 4274 c,GJ 4274,1.0,1.0,2.0,Radial Velocity,2026.0,Mauna Kea Observatory,Published Confirmed,0.0,<a refstr=CHARPENTIER_ET_AL_2026 href=https://ui.adsabs.harvard.edu/abs/2026A&A...705A.243C/abstract target=ref>Charpentier et al. 2026</a>,69.57,0.32,-1.14,0.0,0.186,0.01,-0.01,0.0,,,,,,,,,8.39,1.68,-1.57,0.0,0.02639789,0.00528587,-0.00493977,0.0,Msini,,,,,0.1,0.011,-0.011,0.0,,,,,0.0,<a refstr=CHARPENTIER_ET_AL_2026 href=https://ui.adsabs.harvard.edu/abs/2026A&A...705A.243C/abstract target=ref>Charpentier et al. 2026</a>,M4.5 V,3228.0,19.0,-19.0,0.0,0.19,0.01,-0.01,0.0,0.18,0.03,-0.03,0.0,-0.19,0.1,-0.1,0.0,[Fe/H],5.26,0.13,-0.13,0.0,<a refstr=STASSUN_ET_AL__2019 href=https://ui.adsabs.harvard.edu/abs/2019AJ....158..138S/abstract target=ref>TICv8</a>,22h23m07.33s,335.7805478,'-17d36m37.47s,-17.6104078,7.23556,0.01313,-0.01308,13.31,0.2,-0.2,7.319,0.018,-0.018,11.5542,0.001564,-0.001564,2026-02-12,2026-01,2026-02-12
56359,0,GJ 433 b,GJ 433,0.0,1.0,3.0,Radial Velocity,2013.0,La Silla Observatory,Published Confirmed,0.0,<a refstr=DELFOSSE_ET_AL__2013 href=https://ui.adsabs.harvard.edu/abs/2013A%26A...553A...8D/abstract target=ref> Delfosse et al. 2013 </a>,7.3709,0.0008,-0.0008,0.0,0.058,,,0.0,,,,,,,,,5.79,,,0.0,0.018,,,0.0,Msini,0.08,0.08,-0.08,0.0,,,,,,,,,0.0,<a refstr=DELFOSSE_ET_AL__2013 href=https://ui.adsabs.harvard.edu/abs/2013A%26A...553A...8D/abstract target=ref> Delfosse et al. 2013 </a>,M1.5,3600.0,,,0.0,,,,,0.48,,,0.0,-0.22,,,0.0,[Fe/H],,,,,<a refstr=STASSUN_ET_AL__2019 href=https://ui.adsabs.harvard.edu/abs/2019AJ....158..138S/abstract target=ref>TICv8</a>,11h35m26.86s,173.8619194,'-32d32m37.07s,-32.5436302,9.06456,0.00367,-0.00367,9.81,0.1,-0.1,5.623,0.021,-0.021,8.89138,0.000374,-0.000374,2020-02-06,2013-05,2014-05-14
56359,0,GJ 433 b,GJ 433,0.0,1.0,3.0,Radial Velocity,2013.0,La Silla Observatory,Published Confirmed,0.0,<a refstr=TUOMI_ET_AL__2014 href=https://ui.adsabs.harvard.edu/abs/2014MNRAS.441.1545T/abstract target=ref>Tuomi et al. 2014</a>,7.3697,0.0034,-0.0036,0.0,0.06,0.004,-0.008,0.0,,,,,,,,,5.3,2.0,-1.9,0.0,0.01667558,0.00629267,-0.00597804,0.0,Msini,0.05,0.16,-0.05,0.0,,,,,,,,,0.0,<a refstr=TUOMI_ET_AL__2014 href=https://ui.adsabs.harvard.edu/abs/2014MNRAS.441.1545T/abstract target=ref>Tuomi et al. 2014</a>,M1.5 V,3472.0,,,0.0,,,,,0.48,,,0.0,,,,,,,,,,<a refstr=STASSUN_ET_AL__2019 href=https://ui.adsabs.harvard.edu/abs/2019AJ....158..138S/abstract target=ref>TICv8</a>,11h35m26.86s,173.8619194,'-32d32m37.07s,-32.5436302,9.06456,0.00367,-0.00367,9.81,0.1,-0.1,5.623,0.021,-0.021,8.89138,0.000374,-0.000374,2020-02-06,2014-06,2019-10-10
56359,1,GJ 433 b,GJ 433,1.0,1.0,3.0,Radial Velocity,2013.0,La Silla Observatory,Published Confirmed,0.0,<a refstr=FENG_ET_AL__2020 href=https://ui.adsabs.harvard.edu/abs/2020ApJS..246...11F/abstract target=ref>Feng et al. 2020</a>,7.3705,0.0005,-0.0005,0.0,0.062,0.002,-0.002,0.0,,,,,,,,,6.043,0.597,-0.597,0.0,0.01901331,0.00187836,-0.00187836,0.0,Msini,0.04,0.03,-0.03,0.0,,,,,,,,,0.0,<a refstr=FENG_ET_AL__2020 href=https://ui.adsabs.harvard.edu/abs/2020ApJS..246...11F/abstract target=ref>Feng et al. 2020</a>,,,,,,,,,,0.48,,,0.0,,,,,,,,,,<a refstr=STASSUN_ET_AL__2019 href=https://ui.adsabs.harvard.edu/abs/2019AJ....158..138S/abstract target=ref>TICv8</a>,11h35m26.86s,173.8619194,'-32d32m37.07s,-32.5436302,9.06456,0.00367,-0.00367,9.81,0.1,-0.1,5.623,0.021,-0.021,8.89138,0.000374,-0.000374,2020-02-06,2020-01,2020-02-13
56359,0,GJ 433 b,GJ 433,0.0,1.0,3.0,Radial Velocity,2013.0,La Silla Observatory,Published Confirmed,0.0,<a refstr=STASSUN_ET_AL__2017 href=https://ui.adsabs.harvard.edu/abs/2017AJ....153..136S/abstract target=ref>Stassun et al. 2017</a>,7.3709,0.0008,-0.0008,0.0,0.06,0.0,0.0,0.0,,,,,,,,,6.3566,3.1783,-3.1783,0.0,0.02,0.01,-0.01,0.0,Msini,0.08,0.08,-0.08,0.0,,,,,,,,,0.0,<a refstr=STASSUN_ET_AL__2017 href=https://ui.adsabs.harvard.edu/abs/2017AJ....153..136S/abstract target=ref>Stassun et al. 2017</a>,,3461.0,150.0,-150.0,0.0,0.5,0.04,-0.04,0.0,0.59,0.22,-0.22,0.0,-0.17,,,0.0,[Fe/H],4.81,0.14,-0.14,0.0,<a refstr=STASSUN_ET_AL__2019 href=https://ui.adsabs.harvard.edu/abs/2019AJ....158..138S/abstract target=ref>TICv8</a>,11h35m26.86s,173.8619194,'-32d32m37.07s,-32.5436302,9.06456,0.00367,-0.00367,9.81,0.1,-0.1,5.623,0.021,-0.021,8.89138,0.000374,-0.000374,2020-02-06,2017-03,2018-09-06
56359,1,GJ 433 c,GJ 433,1.0,1.0,3.0,Radial Velocity,2014.0,Multiple Observatories,Published Confirmed,0.0,<a refstr=FENG_ET_AL__2020 href=https://ui.adsabs.harvard.edu/abs/2020ApJS..246...11F/abstract target=ref>Feng et al. 2020</a>,5094.105,608.617,-608.617,0.0,4.819,0.417,-0.417,0.0,,,,,,,,,32.422,6.329,-6.329,0.0,0.10201051,0.01991316,-0.01991316,0.0,Msini,0.12,0.07,-0.07,0.0,,,,,,,,,0.0,<a refstr=FENG_ET_AL__2020 href=https://ui.adsabs.harvard.edu/abs/2020ApJS..246...11F/abstract target=ref>Feng et al. 2020</a>,,,,,,,,,,0.48,,,0.0,,,,,,,,,,<a refstr=STASSUN_ET_AL__2019 href=https://ui.adsabs.harvard.edu/abs/2019AJ....158..138S/abstract target=ref>TICv8</a>,11h35m26.86s,173.8619194,'-32d32m37.07s,-32.5436302,9.06456,0.00367,-0.00367,9.81,0.1,-0.1,5.623,0.021,-0.021,8.89138,0.000374,-0.000374,2020-02-07,2020-01,2020-02-13
56359,0,GJ 433 c,GJ 433,0.0,1.0,3.0,Radial Velocity,2014.0,Multiple Observatories,Published Confirmed,0.0,<a refstr=TUOMI_ET_AL__2014 href=https://ui.adsabs.harvard.edu/abs/2014MNRAS.441.1545T/abstract target=ref>Tuomi et al. 2014</a>,3400.0,,,0.0,3.6,,,0.0,,,,,,,,,45.0,,,0.0,0.14158512,,,0.0,Msini,0.08,0.16,-0.08,0.0,,,,,,,,,0.0,<a refstr=TUOMI_ET_AL__2014 href=https://ui.adsabs.harvard.edu/abs/2014MNRAS.441.1545T/abstract target=ref>Tuomi et al. 2014</a>,M1.5 V,3472.0,,,0.0,,,,,0.48,,,0.0,,,,,,,,,,<a refstr=STASSUN_ET_AL__2019 href=https://ui.adsabs.harvard.edu/abs/2019AJ....158..138S/abstract target=ref>TICv8</a>,11h35m26.86s,173.8619194,'-32d32m37.07s,-32.5436302,9.06456,0.00367,-0.00367,9.81,0.1,-0.1,5.623,0.021,-0.021,8.89138,0.000374,-0.000374,2020-02-07,2014-06,2019-10-10
56359,1,GJ 433 d,GJ 433,1.0,1.0,3.0,Radial Velocity,2020.0,Multiple Facilities,Published Confirmed,0.0,<a refstr=FENG_ET_AL__2020 href=https://ui.adsabs.harvard.edu/abs/2020ApJS..246...11F/abstract target=ref>Feng et al. 2020</a>,36.059,0.016,-0.016,0.0,0.178,0.006,-0.006,0.0,,,,,,,,,5.223,0.921,-0.921,0.0,0.01643331,0.00289778,-0.00289778,0.0,Msini,0.07,0.05,-0.05,0.0,,,,,,,,,0.0,<a refstr=FENG_ET_AL__2020 href=https://ui.adsabs.harvard.edu/abs/2020ApJS..246...11F/abstract target=ref>Feng et al. 2020</a>,,,,,,,,,,0.48,,,0.0,,,,,,,,,,<a refstr=STASSUN_ET_AL__2019 href=https://ui.adsabs.harvard.edu/abs/2019AJ....158..138S/abstract target=ref>TICv8</a>,11h35m26.86s,173.8619194,'-32d32m37.07s,-32.5436302,9.06456,0.00367,-0.00367,9.81,0.1,-0.1,5.623,0.021,-0.021,8.89138,0.000374,-0.000374,2020-02-06,2020-01,2020-02-13
62257,1,GJ 486 b,GJ 486,1.0,1.0,1.0,Radial Velocity,2021.0,Calar Alto Observatory,Published Confirmed,0.0,<a refstr=WEINER_MANSFIELD_ET_AL__2024 href=https://ui.adsabs.harvard.edu/abs/2024ApJ...975L..22W/abstract target=ref>Weiner Mansfield et al. 2024</a>,1.46712127,3.1e-07,-3.5e-07,0.0,0.01714,0.00013,-0.00013,0.0,1.289,0.019,-0.014,0.0,0.11499708,0.00169507,-0.001249,0.0,2.77,0.076,-0.073,0.0,0.00871539,0.00023912,-0.00022968,0.0,Mass,0.00086,0.0016,-0.00043,0.0,39.2,1.7,-1.6,0.0,696.3,7.2,-7.3,0.0,0.0,<a refstr=WEINER_MANSFIELD_ET_AL__2024 href=https://ui.adsabs.harvard.edu/abs/2024ApJ...975L..22W/abstract target=ref>Weiner Mansfield et al. 2024</a>,,3317.0,36.0,-37.0,0.0,0.3243,0.0044,-0.0034,0.0,0.312,0.007,-0.0069,0.0,-0.15,0.13,-0.12,0.0,[Fe/H],4.9111,0.0068,-0.011,0.0,<a refstr=STASSUN_ET_AL__2019 href=https://ui.adsabs.harvard.edu/abs/2019AJ....158..138S/abstract target=ref>TICv8</a>,12h47m55.57s,191.981531,'+09d44m57.91s,9.7494181,8.07426,0.004095,-0.004095,11.39,0.1,-0.1,6.362,0.018,-0.018,10.094,0.000746,-0.000746,2025-04-16,2024-11,2025-04-16
62257,0,GJ 486 b,GJ 486,0.0,1.0,1.0,Radial Velocity,2021.0,Calar Alto Observatory,Published Confirmed,0.0,<a refstr=TRIFONOV_ET_AL__2021 href=https://ui.adsabs.harvard.edu/abs/2021Sci...371.1038T/abstract target=ref>Trifonov et al. 2021</a>,1.467119,3.1e-05,-3e-05,0.0,0.01734,0.00026,-0.00027,0.0,1.305,0.063,-0.067,0.0,0.1164243,0.00562048,-0.00597734,0.0,2.82,0.11,-0.12,0.0,0.00887267,0.0003461,-0.00037756,0.0,Mass,0.05,,,1.0,40.3,1.5,-1.4,0.0,701.0,13.0,-13.0,0.0,0.0,<a refstr=TRIFONOV_ET_AL__2021 href=https://ui.adsabs.harvard.edu/abs/2021Sci...371.1038T/abstract target=ref>Trifonov et al. 2021</a>,M3.5 V,3340.0,54.0,-54.0,0.0,0.328,0.011,-0.011,0.0,0.323,0.015,-0.015,0.0,0.07,0.16,-0.16,0.0,[Fe/H],,,,,<a refstr=STASSUN_ET_AL__2019 href=https://ui.adsabs.harvard.edu/abs/2019AJ....158..138S/abstract target=ref>TICv8</a>,12h47m55.57s,191.981531,'+09d44m57.91s,9.7494181,8.07426,0.004095,-0.004095,11.39,0.1,-0.1,6.362,0.018,-0.018,10.094,0.000746,-0.000746,2024-07-12,2021-03,2024-07-12
62257,0,GJ 486 b,GJ 486,0.0,1.0,1.0,Radial Velocity,2021.0,Calar Alto Observatory,Published Confirmed,0.0,<a refstr=CABALLERO_ET_AL__2022 href=https://ui.adsabs.harvard.edu/abs/2022A&A...665A.120C/abstract target=ref>Caballero et al. 2022</a>,1.4671205,1.2e-06,-1.1e-06,0.0,0.01713,0.00091,-0.00098,0.0,1.343,0.063,-0.062,0.0,0.11981464,0.00562049,-0.00553128,0.0,3.0,0.13,-0.13,0.0,0.00943906,0.00040903,-0.00040903,0.0,Mass,0.0,,,0.0,41.3,4.4,-4.8,0.0,706.0,19.0,-20.0,0.0,0.0,<a refstr=CABALLERO_ET_AL__2022 href=https://ui.adsabs.harvard.edu/abs/2022A&A...665A.120C/abstract target=ref>Caballero et al. 2022</a>,M3.5 V,3291.0,75.0,-75.0,0.0,0.339,0.015,-0.015,0.0,0.333,0.019,-0.019,0.0,-0.15,0.13,-0.13,0.0,[Fe/H],4.82,0.12,-0.12,0.0,<a refstr=STASSUN_ET_AL__2019 href=https://ui.adsabs.harvard.edu/abs/2019AJ....158..138S/abstract target=ref>TICv8</a>,12h47m55.57s,191.981531,'+09d44m57.91s,9.7494181,8.07426,0.004095,-0.004095,11.39,0.1,-0.1,6.362,0.018,-0.018,10.094,0.000746,-0.000746,2024-08-29,2022-09,2024-08-29
62257,0,GJ 486 b,GJ 486,0.0,1.0,1.0,Radial Velocity,2021.0,Calar Alto Observatory,TESS Project Candidate,0.0,<a refstr=EXOFOP href=https://exofop.ipac.caltech.edu/tess/view_toi.php target=ref>ExoFOP</a>,1.46711903473,2.4536e-06,-2.4536e-06,0.0,,,,,1.3241394,0.33019075,-0.33019075,0.0,0.11813201,0.0294577,-0.0294577,0.0,,,,,,,,,,,,,,39.4922,,,0.0,639.36,,,0.0,0.0,<a refstr=EXOFOP href=https://exofop.ipac.caltech.edu/tess/view_toi.php target=ref>ExoFOP</a>,,3297.0,157.0,-157.0,0.0,0.331472,0.009831,-0.009831,0.0,,,,,,,,,,4.89,,,0.0,<a refstr=STASSUN_ET_AL__2019 href=https://ui.adsabs.harvard.edu/abs/2019AJ....158..138S/abstract target=ref>TICv8</a>,12h47m55.57s,191.981531,'+09d44m57.91s,9.7494181,8.07426,0.004095,-0.004095,11.39,0.1,-0.1,6.362,0.018,-0.018,10.094,0.000746,-0.000746,2022-11-14,2017-07,2022-11-14
65653,1,GJ 514 b,GJ 514,1.0,1.0,1.0,Radial Velocity,2022.0,Multiple Observatories,Published Confirmed,0.0,<a refstr=DAMASSO_ET_AL_2022 href=https://ui.adsabs.harvard.edu/abs/2022A&A...666A.187D/abstract target=ref>Damasso et al. 2022</a>,140.43,0.41,-0.41,0.0,0.422,0.014,-0.015,0.0,,,,,,,,,5.2,0.9,-0.9,0.0,0.01636103,0.00283172,-0.00283172,0.0,Msini,0.45,0.15,-0.14,0.0,0.28,0.07,-0.06,0.0,202.0,11.0,-11.0,0.0,0.0,<a refstr=DAMASSO_ET_AL_2022 href=https://ui.adsabs.harvard.edu/abs/2022A&A...666A.187D/abstract target=ref>Damasso et al. 2022</a>,M0.5-1.0 V,3728.0,68.0,-68.0,0.0,0.5,0.047,-0.047,0.0,0.51,0.051,-0.051,0.0,-0.14,0.09,-0.09,0.0,[Fe/H],4.76,0.04,-0.04,0.0,<a refstr=STASSUN_ET_AL__2019 href=https://ui.adsabs.harvard.edu/abs/2019AJ....158..138S/abstract target=ref>TICv8</a>,13h30m00.97s,202.5040424,'+10d22m21.14s,10.3725387,7.61778,0.003175,-0.003175,9.05,0.1,-0.1,5.036,0.027,-0.027,8.20621,0.000711,-0.000711,2022-04-19,2022-10,2022-04-19
74766,0,GJ 581 b,GJ 581,0.0,1.0,3.0,Radial Velocity,2005.0,La Silla Observatory,Published Confirmed,0.0,<a refstr=MAYOR_ET_AL__2009 href=https://ui.adsabs.harvard.edu/abs/2009A&A...507..487M/abstract target=ref> Mayor et al. 2009 </a>,5.36874,0.00019,-0.00019,0.0,0.04,,,0.0,,,,,,,,,15.65,,,0.0,0.049,,,0.0,Msini,0.0,,,0.0,,,,,,,,,0.0,<a refstr=MAYOR_ET_AL__2009 href=https://ui.adsabs.harvard.edu/abs/2009A&A...507..487M/abstract target=ref> Mayor et al. 2009 </a>,,,,,,,,,,,,,,,,,,,,,,,<a refstr=STASSUN_ET_AL__2019 href=https://ui.adsabs.harvard.edu/abs/2019AJ....158..138S/abstract target=ref>TICv8</a>,15h19m25.55s,229.8564725,'-07d43m21.70s,-7.7226935,6.2981,0.002095,-0.002095,10.57,0.1,-0.1,5.837,0.023,-0.023,9.411,0.001197,-0.001197,2014-05-14,2009-11,2014-05-14
74766,0,GJ 581 b,GJ 581,0.0,1.0,3.0,Radial Velocity,2005.0,La Silla Observatory,Published Confirmed,0.0,<a refstr=ROSENTHAL_ET_AL__2021 href=https://ui.adsabs.harvard.edu/abs/2021ApJS..255....8R/abstract target=ref>Rosenthal et al. 2021</a>,5.36879,0.00015,-0.00015,0.0,0.04099,0.00042,-0.00044,0.0,,,,,,,,,16.2410316,0.60387397,-0.60387397,0.0,0.0511,0.0019,-0.0019,0.0,Msini,0.02,0.022,-0.014,0.0,,,,,,,,,0.0,<a refstr=ROSENTHAL_ET_AL__2021 href=https://ui.adsabs.harvard.edu/abs/2021ApJS..255....8R/abstract target=ref>Rosenthal et al. 2021</a>,,3490.39,42.51,-42.51,0.0,0.315254,0.007329,-0.007329,0.0,0.318714,0.010055,-0.010055,0.0,-0.0881,0.074,-0.074,0.0,[Fe/H],4.942397,0.012805,-0.012805,0.0,<a refstr=STASSUN_ET_AL__2019 href=https://ui.adsabs.harvard.edu/abs/2019AJ....158..138S/abstract target=ref>TICv8</a>,15h19m25.55s,229.8564725,'-07d43m21.70s,-7.7226935,6.2981,0.002095,-0.002095,10.57,0.1,-0.1,5.837,0.023,-0.023,9.411,0.001197,-0.001197,2021-09-20,2021-07,2021-09-20
74766,0,GJ 581 b,GJ 581,0.0,1.0,3.0,Radial Velocity,2005.0,La Silla Observatory,Published Confirmed,0.0,<a refstr=ROBERTSON_ET_AL__2014 href=https://ui.adsabs.harvard.edu/abs/2014Sci...345..440R/abstract target=ref>Robertson et al. 2014</a>,5.3686,0.0001,-0.0001,0.0,0.04061,3e-05,-3e-05,0.0,,,,,,,,,15.8,0.3,-0.3,0.0,0.0497,0.0009,-0.0009,0.0,Msini,0.0,0.03,-0.03,0.0,,,,,,,,,0.0,<a refstr=STASSUN_ET_AL__2019 href=https://ui.adsabs.harvard.edu/abs/2019AJ....158..138S/abstract target=ref>TICv8</a>,,3396.0,157.0,-157.0,0.0,0.329702,0.009934,-0.009934,0.0,0.310747,0.020262,-0.020262,0.0,,,,,,4.89423,0.002178,-0.002178,0.0,<a refstr=STASSUN_ET_AL__2019 href=https://ui.adsabs.harvard.edu/abs/2019AJ....158..138S/abstract target=ref>TICv8</a>,15h19m25.55s,229.8564725,'-07d43m21.70s,-7.7226935,6.2981,0.002095,-0.002095,10.57,0.1,-0.1,5.837,0.023,-0.023,9.411,0.001197,-0.001197,2014-07-09,2014-07,2014-07-09
74766,0,GJ 581 b,GJ 581,0.0,1.0,3.0,Radial Velocity,2005.0,La Silla Observatory,Published Confirmed,0.0,<a refstr=BONFILS_ET_AL__2005 href=https://ui.adsabs.harvard.edu/abs/2005A&A...443L..15B/abstract target=ref> Bonfils et al. 2005 </a>,5.366,0.001,-0.001,0.0,0.041,,,0.0,,,,,,,,,16.6,,,0.0,0.05222918,,,0.0,Msini,0.0,,,0.0,,,,,,,,,0.0,<a refstr=BONFILS_ET_AL__2005 href=https://ui.adsabs.harvard.edu/abs/2005A&A...443L..15B/abstract target=ref> Bonfils et al. 2005 </a>,M3 V,,,,,0.29,,,0.0,0.31,0.02,-0.02,0.0,-0.25,,,0.0,[Fe/H],,,,,<a refstr=STASSUN_ET_AL__2019 href=https://ui.adsabs.harvard.edu/abs/2019AJ....158..138S/abstract target=ref>TICv8</a>,15h19m25.55s,229.8564725,'-07d43m21.70s,-7.7226935,6.2981,0.002095,-0.002095,10.57,0.1,-0.1,5.837,0.023,-0.023,9.411,0.001197,-0.001197,2016-11-01,2005-12,2016-11-03
74766,1,GJ 581 b,GJ 581,1.0,1.0,3.0,Radial Velocity,2005.0,La Silla Observatory,Published Confirmed,0.0,<a refstr=VON_STAUFFENBERG_ET_AL__2024 href=https://ui.adsabs.harvard.edu/abs/2024A&A...688A.112V/abstract target=ref>von Stauffenberg et al. 2024</a>,5.3686,0.0001,-0.0001,0.0,0.0399,0.0005,-0.0005,0.0,,,,,,,,,20.5,6.2,-3.5,0.0,0.06450021,0.01950738,-0.01101223,0.0,Mass,0.0342,0.009,-0.01,0.0,,,,,,,,,0.0,<a refstr=VON_STAUFFENBERG_ET_AL__2024 href=https://ui.adsabs.harvard.edu/abs/2024A&A...688A.112V/abstract target=ref>von Stauffenberg et al. 2024</a>,M3.0 V,3500.0,26.0,-26.0,0.0,0.302,0.005,-0.005,0.0,0.295,0.01,-0.01,0.0,-0.08,0.07,-0.07,0.0,[Fe/H],4.97,0.11,-0.11,0.0,<a refstr=STASSUN_ET_AL__2019 href=https://ui.adsabs.harvard.edu/abs/2019AJ....158..138S/abstract target=ref>TICv8</a>,15h19m25.55s,229.8564725,'-07d43m21.70s,-7.7226935,6.2981,0.002095,-0.002095,10.57,0.1,-0.1,5.837,0.023,-0.023,9.411,0.001197,-0.001197,2025-03-03,2024-08,2025-03-03
74766,0,GJ 581 b,GJ 581,0.0,1.0,3.0,Radial Velocity,2005.0,La Silla Observatory,Published Confirmed,0.0,<a refstr=VOGT_ET_AL__2010 href=https://ui.adsabs.harvard.edu/abs/2010ApJ...723..954V/abstract target=ref>Vogt et al. 2010</a>,5.36841,0.00026,-0.00026,0.0,0.0406163,1.3e-06,-1.3e-06,0.0,,,,,,,,,15.6,0.3,-0.3,0.0,0.04908284,0.0009439,-0.0009439,0.0,Msini,0.0,,,0.0,,,,,,,,,0.0,<a refstr=VOGT_ET_AL__2010 href=https://ui.adsabs.harvard.edu/abs/2010ApJ...723..954V/abstract target=ref>Vogt et al. 2010</a>,M3 V,,,,,0.29,,,0.0,0.31,0.02,-0.02,0.0,,,,,,,,,,<a refstr=STASSUN_ET_AL__2019 href=https://ui.adsabs.harvard.edu/abs/2019AJ....158..138S/abstract target=ref>TICv8</a>,15h19m25.55s,229.8564725,'-07d43m21.70s,-7.7226935,6.2981,0.002095,-0.002095,10.57,0.1,-0.1,5.837,0.023,-0.023,9.411,0.001197,-0.001197,2016-11-30,2010-11,2016-12-01
74766,0,GJ 581 b,GJ 581,0.0,1.0,3.0,Radial Velocity,2005.0,La Silla Observatory,Published Confirmed,0.0,<a refstr=TRIFONOV_ET_AL__2018 href=https://ui.adsabs.harvard.edu/abs/2018A&A...609A.117T/abstract target=ref>Trifonov et al. 2018</a>,5.368,0.001,-0.001,0.0,0.041,0.001,-0.001,0.0,,,,,,,,,15.2,0.22,-0.27,0.0,0.04782431,0.00069219,-0.00084951,0.0,Msini,0.022,0.027,-0.005,0.0,,,,,,,,,0.0,<a refstr=STASSUN_ET_AL__2019 href=https://ui.adsabs.harvard.edu/abs/2019AJ....158..138S/abstract target=ref>TICv8</a>,,3396.0,157.0,-157.0,0.0,0.329702,0.009934,-0.009934,0.0,0.310747,0.020262,-0.020262,0.0,,,,,,4.89423,0.002178,-0.002178,0.0,<a refstr=STASSUN_ET_AL__2019 href=https://ui.adsabs.harvard.edu/abs/2019AJ....158..138S/abstract target=ref>TICv8</a>,15h19m25.55s,229.8564725,'-07d43m21.70s,-7.7226935,6.2981,0.002095,-0.002095,10.57,0.1,-0.1,5.837,0.023,-0.023,9.411,0.001197,-0.001197,2017-10-16,2018-02,2017-10-19
74766,0,GJ 581 c,GJ 581,0.0,1.0,3.0,Radial Velocity,2007.0,La Silla Observatory,Published Confirmed,0.0,<a refstr=ROSENTHAL_ET_AL__2021 href=https://ui.adsabs.harvard.edu/abs/2021ApJS..255....8R/abstract target=ref>Rosenthal et al. 2021</a>,12.9144,0.0045,-0.0048,0.0,0.07359,0.00076,-0.00078,0.0,,,,,,,,,5.05347167,0.6992225,-0.6992225,0.0,0.0159,0.0022,-0.0022,0.0,Msini,0.12,0.12,-0.084,0.0,,,,,,,,,0.0,<a refstr=ROSENTHAL_ET_AL__2021 href=https://ui.adsabs.harvard.edu/abs/2021ApJS..255....8R/abstract target=ref>Rosenthal et al. 2021</a>,,3490.39,42.51,-42.51,0.0,0.315254,0.007329,-0.007329,0.0,0.318714,0.010055,-0.010055,0.0,-0.0881,0.074,-0.074,0.0,[Fe/H],4.942397,0.012805,-0.012805,0.0,<a refstr=STASSUN_ET_AL__2019 href=https://ui.adsabs.harvard.edu/abs/2019AJ....158..138S/abstract target=ref>TICv8</a>,15h19m25.55s,229.8564725,'-07d43m21.70s,-7.7226935,6.2981,0.002095,-0.002095,10.57,0.1,-0.1,5.837,0.023,-0.023,9.411,0.001197,-0.001197,2021-09-20,2021-07,2021-09-20
74766,0,GJ 581 c,GJ 581,0.0,1.0,3.0,Radial Velocity,2007.0,La Silla Observatory,Published Confirmed,0.0,<a refstr=MAYOR_ET_AL__2009 href=https://ui.adsabs.harvard.edu/abs/2009A&A...507..487M/abstract target=ref> Mayor et al. 2009 </a>,12.9292,0.0047,-0.0047,0.0,0.07,,,0.0,,,,,,,,,5.36,,,0.0,0.017,,,0.0,Msini,0.17,0.07,-0.07,0.0,,,,,,,,,0.0,<a refstr=MAYOR_ET_AL__2009 href=https://ui.adsabs.harvard.edu/abs/2009A&A...507..487M/abstract target=ref> Mayor et al. 2009 </a>,,,,,,,,,,,,,,,,,,,,,,,<a refstr=STASSUN_ET_AL__2019 href=https://ui.adsabs.harvard.edu/abs/2019AJ....158..138S/abstract target=ref>TICv8</a>,15h19m25.55s,229.8564725,'-07d43m21.70s,-7.7226935,6.2981,0.002095,-0.002095,10.57,0.1,-0.1,5.837,0.023,-0.023,9.411,0.001197,-0.001197,2014-05-14,2009-11,2014-05-14
74766,1,GJ 581 c,GJ 581,1.0,1.0,3.0,Radial Velocity,2007.0,La Silla Observatory,Published Confirmed,0.0,<a refstr=VON_STAUFFENBERG_ET_AL__2024 href=https://ui.adsabs.harvard.edu/abs/2024A&A...688A.112V/abstract target=ref>von Stauffenberg et al. 2024</a>,12.9211,0.0008,-0.0007,0.0,0.0718,0.0008,-0.0009,0.0,,,,,,,,,6.81,0.21,-1.16,0.0,0.02142666,0.00066073,-0.00364977,0.0,Mass,0.032,0.027,-0.021,0.0,,,,,,,,,0.0,<a refstr=VON_STAUFFENBERG_ET_AL__2024 href=https://ui.adsabs.harvard.edu/abs/2024A&A...688A.112V/abstract target=ref>von Stauffenberg et al. 2024</a>,M3.0 V,3500.0,26.0,-26.0,0.0,0.302,0.005,-0.005,0.0,0.295,0.01,-0.01,0.0,-0.08,0.07,-0.07,0.0,[Fe/H],4.97,0.11,-0.11,0.0,<a refstr=STASSUN_ET_AL__2019 href=https://ui.adsabs.harvard.edu/abs/2019AJ....158..138S/abstract target=ref>TICv8</a>,15h19m25.55s,229.8564725,'-07d43m21.70s,-7.7226935,6.2981,0.002095,-0.002095,10.57,0.1,-0.1,5.837,0.023,-0.023,9.411,0.001197,-0.001197,2025-03-03,2024-08,2025-03-03
74766,0,GJ 581 c,GJ 581,0.0,1.0,3.0,Radial Velocity,2007.0,La Silla Observatory,Published Confirmed,0.0,<a refstr=TRIFONOV_ET_AL__2018 href=https://ui.adsabs.harvard.edu/abs/2018A&A...609A.117T/abstract target=ref>Trifonov et al. 2018</a>,12.919,0.003,-0.002,0.0,0.074,0.001,-0.001,0.0,,,,,,,,,5.652,0.386,-0.239,0.0,0.01778309,0.00121449,-0.00075197,0.0,Msini,0.087,0.15,-0.016,0.0,,,,,,,,,0.0,<a refstr=STASSUN_ET_AL__2019 href=https://ui.adsabs.harvard.edu/abs/2019AJ....158..138S/abstract target=ref>TICv8</a>,,3396.0,157.0,-157.0,0.0,0.329702,0.009934,-0.009934,0.0,0.310747,0.020262,-0.020262,0.0,,,,,,4.89423,0.002178,-0.002178,0.0,<a refstr=STASSUN_ET_AL__2019 href=https://ui.adsabs.harvard.edu/abs/2019AJ....158..138S/abstract target=ref>TICv8</a>,15h19m25.55s,229.8564725,'-07d43m21.70s,-7.7226935,6.2981,0.002095,-0.002095,10.57,0.1,-0.1,5.837,0.023,-0.023,9.411,0.001197,-0.001197,2017-10-16,2018-02,2017-10-19
74766,0,GJ 581 c,GJ 581,0.0,1.0,3.0,Radial Velocity,2007.0,La Silla Observatory,Published Confirmed,0.0,<a refstr=ROBERTSON_ET_AL__2014 href=https://ui.adsabs.harvard.edu/abs/2014Sci...345..440R/abstract target=ref>Robertson et al. 2014</a>,12.914,0.002,-0.002,0.0,0.0721,0.0003,-0.0003,0.0,,,,,,,,,5.5,0.3,-0.3,0.0,0.0173,0.0009,-0.0009,0.0,Msini,0.0,0.06,-0.06,0.0,,,,,,,,,0.0,<a refstr=STASSUN_ET_AL__2019 href=https://ui.adsabs.harvard.edu/abs/2019AJ....158..138S/abstract target=ref>TICv8</a>,,3396.0,157.0,-157.0,0.0,0.329702,0.009934,-0.009934,0.0,0.310747,0.020262,-0.020262,0.0,,,,,,4.89423,0.002178,-0.002178,0.0,<a refstr=STASSUN_ET_AL__2019 href=https://ui.adsabs.harvard.edu/abs/2019AJ....158..138S/abstract target=ref>TICv8</a>,15h19m25.55s,229.8564725,'-07d43m21.70s,-7.7226935,6.2981,0.002095,-0.002095,10.57,0.1,-0.1,5.837,0.023,-0.023,9.411,0.001197,-0.001197,2014-07-09,2014-07,2014-07-09
74766,0,GJ 581 c,GJ 581,0.0,1.0,3.0,Radial Velocity,2007.0,La Silla Observatory,Published Confirmed,0.0,<a refstr=VOGT_ET_AL__2010 href=https://ui.adsabs.harvard.edu/abs/2010ApJ...723..954V/abstract target=ref>Vogt et al. 2010</a>,12.9191,0.0058,-0.0058,0.0,0.072993,2.2e-05,-2.2e-05,0.0,,,,,,,,,5.6,0.3,-0.3,0.0,0.01761948,0.0009439,-0.0009439,0.0,Msini,0.0,,,0.0,,,,,,,,,0.0,<a refstr=VOGT_ET_AL__2010 href=https://ui.adsabs.harvard.edu/abs/2010ApJ...723..954V/abstract target=ref>Vogt et al. 2010</a>,M3 V,,,,,0.29,,,0.0,0.31,0.02,-0.02,0.0,,,,,,,,,,<a refstr=STASSUN_ET_AL__2019 href=https://ui.adsabs.harvard.edu/abs/2019AJ....158..138S/abstract target=ref>TICv8</a>,15h19m25.55s,229.8564725,'-07d43m21.70s,-7.7226935,6.2981,0.002095,-0.002095,10.57,0.1,-0.1,5.837,0.023,-0.023,9.411,0.001197,-0.001197,2016-11-30,2010-11,2016-12-01
74766,0,GJ 581 e,GJ 581,0.0,1.0,3.0,Radial Velocity,2009.0,La Silla Observatory,Published Confirmed,0.0,<a refstr=VOGT_ET_AL__2010 href=https://ui.adsabs.harvard.edu/abs/2010ApJ...723..954V/abstract target=ref>Vogt et al. 2010</a>,3.14867,0.00039,-0.00039,0.0,0.0284533,2.3e-06,-2.3e-06,0.0,,,,,,,,,1.7,0.2,-0.2,0.0,0.00534877,0.00062927,-0.00062927,0.0,Msini,0.0,,,0.0,,,,,,,,,0.0,<a refstr=VOGT_ET_AL__2010 href=https://ui.adsabs.harvard.edu/abs/2010ApJ...723..954V/abstract target=ref>Vogt et al. 2010</a>,M3 V,,,,,0.29,,,0.0,0.31,0.02,-0.02,0.0,,,,,,,,,,<a refstr=STASSUN_ET_AL__2019 href=https://ui.adsabs.harvard.edu/abs/2019AJ....158..138S/abstract target=ref>TICv8</a>,15h19m25.55s,229.8564725,'-07d43m21.70s,-7.7226935,6.2981,0.002095,-0.002095,10.57,0.1,-0.1,5.837,0.023,-0.023,9.411,0.001197,-0.001197,2016-11-30,2010-11,2016-12-01
74766,1,GJ 581 e,GJ 581,1.0,1.0,3.0,Radial Velocity,2009.0,La Silla Observatory,Published Confirmed,0.0,<a refstr=VON_STAUFFENBERG_ET_AL__2024 href=https://ui.adsabs.harvard.edu/abs/2024A&A...688A.112V/abstract target=ref>von Stauffenberg et al. 2024</a>,3.1481,0.0004,-0.0004,0.0,0.02799,0.0003,-0.0003,0.0,,,,,,,,,2.48,0.7,-0.42,0.0,0.00780295,0.00220245,-0.00132147,0.0,Mass,0.012,0.015,-0.008,0.0,,,,,,,,,0.0,<a refstr=VON_STAUFFENBERG_ET_AL__2024 href=https://ui.adsabs.harvard.edu/abs/2024A&A...688A.112V/abstract target=ref>von Stauffenberg et al. 2024</a>,M3.0 V,3500.0,26.0,-26.0,0.0,0.302,0.005,-0.005,0.0,0.295,0.01,-0.01,0.0,-0.08,0.07,-0.07,0.0,[Fe/H],4.97,0.11,-0.11,0.0,<a refstr=STASSUN_ET_AL__2019 href=https://ui.adsabs.harvard.edu/abs/2019AJ....158..138S/abstract target=ref>TICv8</a>,15h19m25.55s,229.8564725,'-07d43m21.70s,-7.7226935,6.2981,0.002095,-0.002095,10.57,0.1,-0.1,5.837,0.023,-0.023,9.411,0.001197,-0.001197,2025-03-03,2024-08,2025-03-03
74766,0,GJ 581 e,GJ 581,0.0,1.0,3.0,Radial Velocity,2009.0,La Silla Observatory,Published Confirmed,0.0,<a refstr=TRIFONOV_ET_AL__2018 href=https://ui.adsabs.harvard.edu/abs/2018A&A...609A.117T/abstract target=ref>Trifonov et al. 2018</a>,3.153,0.001,-0.006,0.0,0.029,0.001,-0.001,0.0,,,,,,,,,1.657,0.24,-0.161,0.0,0.00521348,0.00075512,-0.00050656,0.0,Msini,0.125,0.078,-0.015,0.0,,,,,,,,,0.0,<a refstr=STASSUN_ET_AL__2019 href=https://ui.adsabs.harvard.edu/abs/2019AJ....158..138S/abstract target=ref>TICv8</a>,,3396.0,157.0,-157.0,0.0,0.329702,0.009934,-0.009934,0.0,0.310747,0.020262,-0.020262,0.0,,,,,,4.89423,0.002178,-0.002178,0.0,<a refstr=STASSUN_ET_AL__2019 href=https://ui.adsabs.harvard.edu/abs/2019AJ....158..138S/abstract target=ref>TICv8</a>,15h19m25.55s,229.8564725,'-07d43m21.70s,-7.7226935,6.2981,0.002095,-0.002095,10.57,0.1,-0.1,5.837,0.023,-0.023,9.411,0.001197,-0.001197,2017-10-16,2018-02,2017-10-19
74766,0,GJ 581 e,GJ 581,0.0,1.0,3.0,Radial Velocity,2009.0,La Silla Observatory,Published Confirmed,0.0,<a refstr=MAYOR_ET_AL__2009 href=https://ui.adsabs.harvard.edu/abs/2009A&A...507..487M/abstract target=ref> Mayor et al. 2009 </a>,3.14942,0.00045,-0.00045,0.0,0.03,,,0.0,,,,,,,,,1.94,,,0.0,0.006,,,0.0,Msini,0.0,,,0.0,,,,,,,,,0.0,<a refstr=MAYOR_ET_AL__2009 href=https://ui.adsabs.harvard.edu/abs/2009A&A...507..487M/abstract target=ref> Mayor et al. 2009 </a>,,,,,,,,,,,,,,,,,,,,,,,<a refstr=STASSUN_ET_AL__2019 href=https://ui.adsabs.harvard.edu/abs/2019AJ....158..138S/abstract target=ref>TICv8</a>,15h19m25.55s,229.8564725,'-07d43m21.70s,-7.7226935,6.2981,0.002095,-0.002095,10.57,0.1,-0.1,5.837,0.023,-0.023,9.411,0.001197,-0.001197,2014-05-14,2009-11,2014-05-14
74766,0,GJ 581 e,GJ 581,0.0,1.0,3.0,Radial Velocity,2009.0,La Silla Observatory,Published Confirmed,0.0,<a refstr=ROBERTSON_ET_AL__2014 href=https://ui.adsabs.harvard.edu/abs/2014Sci...345..440R/abstract target=ref>Robertson et al. 2014</a>,3.149,0.0002,-0.0002,0.0,0.02815,6e-05,-6e-05,0.0,,,,,,,,,1.7,0.2,-0.2,0.0,0.0053,0.0006,-0.0006,0.0,Msini,0.0,0.06,-0.06,0.0,,,,,,,,,0.0,<a refstr=STASSUN_ET_AL__2019 href=https://ui.adsabs.harvard.edu/abs/2019AJ....158..138S/abstract target=ref>TICv8</a>,,3396.0,157.0,-157.0,0.0,0.329702,0.009934,-0.009934,0.0,0.310747,0.020262,-0.020262,0.0,,,,,,4.89423,0.002178,-0.002178,0.0,<a refstr=STASSUN_ET_AL__2019 href=https://ui.adsabs.harvard.edu/abs/2019AJ....158..138S/abstract target=ref>TICv8</a>,15h19m25.55s,229.8564725,'-07d43m21.70s,-7.7226935,6.2981,0.002095,-0.002095,10.57,0.1,-0.1,5.837,0.023,-0.023,9.411,0.001197,-0.001197,2014-07-09,2014-07,2014-07-09
80218,1,GJ 625 b,GJ 625,1.0,1.0,1.0,Radial Velocity,2017.0,Multiple Observatories,Published Confirmed,0.0,<a refstr=SU_AACUTE_REZ_MASCARE_NTILDE_O_ET_AL__2017 href=https://ui.adsabs.harvard.edu/abs/2017A&A...605A..92S/abstract target=ref>Su&aacute;rez Mascare&ntilde;o et al. 2017</a>,14.628,0.012,-0.013,0.0,0.078361,4.4e-05,-4.6e-05,0.0,,,,,,,,,2.82,0.51,-0.51,0.0,0.00887267,0.00160463,-0.00160463,0.0,Msini,0.13,0.12,-0.09,0.0,,,,,,,,,0.0,<a refstr=SU_AACUTE_REZ_MASCARE_NTILDE_O_ET_AL__2017 href=https://ui.adsabs.harvard.edu/abs/2017A&A...605A..92S/abstract target=ref>Su&aacute;rez Mascare&ntilde;o et al. 2017</a>,M2,3499.0,68.0,-68.0,0.0,0.31,0.06,-0.06,0.0,0.3,0.07,-0.07,0.0,-0.38,0.09,-0.09,0.0,[Fe/H],4.94,0.06,-0.06,0.0,<a refstr=STASSUN_ET_AL__2019 href=https://ui.adsabs.harvard.edu/abs/2019AJ....158..138S/abstract target=ref>TICv8</a>,16h25m25.39s,246.3557854,'+54d18m12.10s,54.3033625,6.47249,0.001155,-0.001155,10.066,0.039,-0.039,5.833,0.024,-0.024,9.13702,0.000851,-0.000851,2017-09-27,2017-09,2017-09-28
119144,0,GJ 667 C b,GJ 667 C,0.0,3.0,5.0,Radial Velocity,2012.0,La Silla Observatory,Published Confirmed,0.0,<a refstr=ANGLADA_ESCUDE_ET_AL__2012 href=https://ui.adsabs.harvard.edu/abs/2012ApJ...751L..16A/abstract target=ref> Anglada-Escud&eacute; et al. 2012 </a>,7.20066,0.00067,-0.00067,0.0,0.049,,,0.0,,,,,,,,,5.68,0.23,-0.23,0.0,0.01789,0.00075,-0.00075,0.0,Msini,0.172,0.043,-0.043,0.0,,,,,,,,,0.0,<a refstr=ANGLADA_ESCUDE_ET_AL__2012 href=https://ui.adsabs.harvard.edu/abs/2012ApJ...751L..16A/abstract target=ref> Anglada-Escud&eacute; et al. 2012 </a>,,,,,,,,,,,,,,,,,,,,,,,<a refstr=STASSUN_ET_AL__2019 href=https://ui.adsabs.harvard.edu/abs/2019AJ....158..138S/abstract target=ref>TICv8</a>,17h19m00.25s,259.7510609,'-34d59m51.95s,-34.9977651,7.24396,0.00486,-0.00485,10.602,0.023,-0.023,6.036,0.02,-0.02,9.38033,0.000709,-0.000709,2014-05-16,2012-05,2014-05-16
119144,0,GJ 667 C b,GJ 667 C,0.0,3.0,5.0,Radial Velocity,2012.0,La Silla Observatory,Published Confirmed,0.0,<a refstr=FEROZ__AMP__HOBSON_2014 href=https://ui.adsabs.harvard.edu/abs/2014MNRAS.437.3540F/abstract target=ref>Feroz &amp; Hobson 2014</a>,7.2,0.001,-0.001,0.0,0.05,0.002,-0.002,0.0,,,,,,,,,5.661,0.437,-0.437,0.0,0.018,0.001,-0.001,0.0,Msini,0.122,0.078,-0.078,0.0,,,,,,,,,0.0,<a refstr=STASSUN_ET_AL__2019 href=https://ui.adsabs.harvard.edu/abs/2019AJ....158..138S/abstract target=ref>TICv8</a>,,3650.0,134.69,-119.37,0.0,,,,,,,,,,,,,,,,,,<a refstr=STASSUN_ET_AL__2019 href=https://ui.adsabs.harvard.edu/abs/2019AJ....158..138S/abstract target=ref>TICv8</a>,17h19m00.25s,259.7510609,'-34d59m51.95s,-34.9977651,7.24396,0.00486,-0.00485,10.602,0.023,-0.023,6.036,0.02,-0.02,9.38033,0.000709,-0.000709,2014-09-18,2014-02,2014-09-18
119144,1,GJ 667 C b,GJ 667 C,1.0,3.0,5.0,Radial Velocity,2012.0,La Silla Observatory,Published Confirmed,0.0,<a refstr=BONFILS_ET_AL__2013 href=https://ui.adsabs.harvard.edu/abs/2013A%26A...549A.109B/abstract target=ref> Bonfils et al. 2013 </a>,7.203,0.0019,-0.0019,0.0,,,,,,,,,,,,,,,,,,,,,,0.2,0.1,-0.1,0.0,,,,,,,,,0.0,<a refstr=BONFILS_ET_AL__2013 href=https://ui.adsabs.harvard.edu/abs/2013A%26A...549A.109B/abstract target=ref> Bonfils et al. 2013 </a>,,,,,,,,,,,,,,,,,,,,,,,<a refstr=STASSUN_ET_AL__2019 href=https://ui.adsabs.harvard.edu/abs/2019AJ....158..138S/abstract target=ref>TICv8</a>,17h19m00.25s,259.7510609,'-34d59m51.95s,-34.9977651,7.24396,0.00486,-0.00485,10.602,0.023,-0.023,6.036,0.02,-0.02,9.38033,0.000709,-0.000709,2023-12-14,2013-01,2023-12-14
119144,0,GJ 667 C b,GJ 667 C,0.0,3.0,5.0,Radial Velocity,2012.0,La Silla Observatory,Published Confirmed,0.0,<a refstr=ROBERTSON__AMP__MAHADEVAN_2014 href=https://ui.adsabs.harvard.edu/abs/2014ApJ...793L..24R/abstract target=ref>Robertson &amp; Mahadevan 2014</a>,7.1999,0.0009,-0.0009,0.0,0.050431,4e-06,-4e-06,0.0,,,,,,,,,5.6,0.3,-0.3,0.0,0.018,0.001,-0.001,0.0,Msini,0.15,0.05,-0.05,0.0,,,,,,,,,0.0,<a refstr=STASSUN_ET_AL__2019 href=https://ui.adsabs.harvard.edu/abs/2019AJ....158..138S/abstract target=ref>TICv8</a>,,3650.0,134.69,-119.37,0.0,,,,,,,,,,,,,,,,,,<a refstr=STASSUN_ET_AL__2019 href=https://ui.adsabs.harvard.edu/abs/2019AJ....158..138S/abstract target=ref>TICv8</a>,17h19m00.25s,259.7510609,'-34d59m51.95s,-34.9977651,7.24396,0.00486,-0.00485,10.602,0.023,-0.023,6.036,0.02,-0.02,9.38033,0.000709,-0.000709,2014-09-18,2014-10,2014-09-18
119144,0,GJ 667 C b,GJ 667 C,0.0,3.0,5.0,Radial Velocity,2012.0,La Silla Observatory,Published Confirmed,0.0,<a refstr=ANGLADA_ESCUDE_ET_AL__2013 href=https://ui.adsabs.harvard.edu/abs/2013A%26A...556A.126A/abstract target=ref> Anglada-Escude et al. 2013 </a>,7.2004,0.0017,-0.0017,0.0,0.0505,0.0044,-0.0053,0.0,,,,,,,,,5.6,1.4,-1.3,0.0,0.018,0.004,-0.004,0.0,Msini,0.13,0.1,-0.11,0.0,,,,,,,,,0.0,<a refstr=ANGLADA_ESCUDE_ET_AL__2013 href=https://ui.adsabs.harvard.edu/abs/2013A%26A...556A.126A/abstract target=ref> Anglada-Escude et al. 2013 </a>,M1.5 V,3350.0,50.0,-50.0,0.0,,,,,0.33,0.02,-0.02,0.0,-0.55,0.1,-0.1,0.0,[Fe/H],4.69,0.1,-0.1,0.0,<a refstr=STASSUN_ET_AL__2019 href=https://ui.adsabs.harvard.edu/abs/2019AJ....158..138S/abstract target=ref>TICv8</a>,17h19m00.25s,259.7510609,'-34d59m51.95s,-34.9977651,7.24396,0.00486,-0.00485,10.602,0.023,-0.023,6.036,0.02,-0.02,9.38033,0.000709,-0.000709,2014-05-14,2013-08,2014-05-14
119144,0,GJ 667 C c,GJ 667 C,0.0,3.0,5.0,Radial Velocity,2013.0,La Silla Observatory,Published Confirmed,0.0,<a refstr=FEROZ__AMP__HOBSON_2014 href=https://ui.adsabs.harvard.edu/abs/2014MNRAS.437.3540F/abstract target=ref>Feroz &amp; Hobson 2014</a>,28.143,0.029,-0.029,0.0,0.125,0.004,-0.004,0.0,,,,,,,,,3.709,0.682,-0.682,0.0,,,,,Msini,0.133,0.098,-0.098,0.0,,,,,,,,,0.0,<a refstr=STASSUN_ET_AL__2019 href=https://ui.adsabs.harvard.edu/abs/2019AJ....158..138S/abstract target=ref>TICv8</a>,,3650.0,134.69,-119.37,0.0,,,,,,,,,,,,,,,,,,<a refstr=STASSUN_ET_AL__2019 href=https://ui.adsabs.harvard.edu/abs/2019AJ....158..138S/abstract target=ref>TICv8</a>,17h19m00.25s,259.7510609,'-34d59m51.95s,-34.9977651,7.24396,0.00486,-0.00485,10.602,0.023,-0.023,6.036,0.02,-0.02,9.38033,0.000709,-0.000709,2014-09-18,2014-02,2014-09-18
119144,0,GJ 667 C c,GJ 667 C,0.0,3.0,5.0,Radial Velocity,2013.0,La Silla Observatory,Published Confirmed,0.0,<a refstr=ANGLADA_ESCUDE_ET_AL__2012 href=https://ui.adsabs.harvard.edu/abs/2012ApJ...751L..16A/abstract target=ref> Anglada-Escud&eacute; et al. 2012 </a>,28.155,0.017,-0.017,0.0,0.123,0.02,-0.02,0.0,,,,,,,,,4.54,0.38,-0.38,0.0,0.0143,0.0012,-0.0012,0.0,Msini,0.27,,,1.0,,,,,,,,,0.0,<a refstr=ANGLADA_ESCUDE_ET_AL__2012 href=https://ui.adsabs.harvard.edu/abs/2012ApJ...751L..16A/abstract target=ref> Anglada-Escud&eacute; et al. 2012 </a>,,,,,,,,,,,,,,,,,,,,,,,<a refstr=STASSUN_ET_AL__2019 href=https://ui.adsabs.harvard.edu/abs/2019AJ....158..138S/abstract target=ref>TICv8</a>,17h19m00.25s,259.7510609,'-34d59m51.95s,-34.9977651,7.24396,0.00486,-0.00485,10.602,0.023,-0.023,6.036,0.02,-0.02,9.38033,0.000709,-0.000709,2024-07-12,2012-05,2024-07-12
119144,1,GJ 667 C c,GJ 667 C,1.0,3.0,5.0,Radial Velocity,2013.0,La Silla Observatory,Published Confirmed,0.0,<a refstr=ANGLADA_ESCUDE_ET_AL__2013 href=https://ui.adsabs.harvard.edu/abs/2013A%26A...556A.126A/abstract target=ref> Anglada-Escude et al. 2013 </a>,28.14,0.053,-0.065,0.0,0.125,0.012,-0.013,0.0,,,,,,,,,3.8,1.5,-1.2,0.0,0.012,0.005,-0.004,0.0,Msini,0.02,0.15,-0.02,0.0,,,,,,,,,0.0,<a refstr=ANGLADA_ESCUDE_ET_AL__2013 href=https://ui.adsabs.harvard.edu/abs/2013A%26A...556A.126A/abstract target=ref> Anglada-Escude et al. 2013 </a>,M1.5 V,3350.0,50.0,-50.0,0.0,,,,,0.33,0.02,-0.02,0.0,-0.55,0.1,-0.1,0.0,[Fe/H],4.69,0.1,-0.1,0.0,<a refstr=STASSUN_ET_AL__2019 href=https://ui.adsabs.harvard.edu/abs/2019AJ....158..138S/abstract target=ref>TICv8</a>,17h19m00.25s,259.7510609,'-34d59m51.95s,-34.9977651,7.24396,0.00486,-0.00485,10.602,0.023,-0.023,6.036,0.02,-0.02,9.38033,0.000709,-0.000709,2014-05-14,2013-08,2014-05-14
119144,0,GJ 667 C c,GJ 667 C,0.0,3.0,5.0,Radial Velocity,2013.0,La Silla Observatory,Published Confirmed,0.0,<a refstr=ROBERTSON__AMP__MAHADEVAN_2014 href=https://ui.adsabs.harvard.edu/abs/2014ApJ...793L..24R/abstract target=ref>Robertson &amp; Mahadevan 2014</a>,28.1,0.03,-0.03,0.0,0.12501,9e-05,-9e-05,0.0,,,,,,,,,4.1,0.6,-0.6,0.0,0.013,0.002,-0.002,0.0,Msini,0.27,0.1,-0.1,0.0,,,,,,,,,0.0,<a refstr=STASSUN_ET_AL__2019 href=https://ui.adsabs.harvard.edu/abs/2019AJ....158..138S/abstract target=ref>TICv8</a>,,3650.0,134.69,-119.37,0.0,,,,,,,,,,,,,,,,,,<a refstr=STASSUN_ET_AL__2019 href=https://ui.adsabs.harvard.edu/abs/2019AJ....158..138S/abstract target=ref>TICv8</a>,17h19m00.25s,259.7510609,'-34d59m51.95s,-34.9977651,7.24396,0.00486,-0.00485,10.602,0.023,-0.023,6.036,0.02,-0.02,9.38033,0.000709,-0.000709,2014-09-18,2014-10,2014-09-18
119144,1,GJ 667 C e,GJ 667 C,1.0,3.0,5.0,Radial Velocity,2013.0,La Silla Observatory,Published Confirmed,1.0,<a refstr=ANGLADA_ESCUDE_ET_AL__2013 href=https://ui.adsabs.harvard.edu/abs/2013A%26A...556A.126A/abstract target=ref> Anglada-Escude et al. 2013 </a>,62.24,0.55,-0.55,0.0,0.213,0.019,-0.022,0.0,,,,,,,,,2.7,1.6,-1.4,0.0,0.008,0.005,-0.004,0.0,Msini,0.02,0.22,-0.02,0.0,,,,,,,,,0.0,<a refstr=ANGLADA_ESCUDE_ET_AL__2013 href=https://ui.adsabs.harvard.edu/abs/2013A%26A...556A.126A/abstract target=ref> Anglada-Escude et al. 2013 </a>,M1.5 V,3350.0,50.0,-50.0,0.0,,,,,0.33,0.02,-0.02,0.0,-0.55,0.1,-0.1,0.0,[Fe/H],4.69,0.1,-0.1,0.0,<a refstr=STASSUN_ET_AL__2019 href=https://ui.adsabs.harvard.edu/abs/2019AJ....158..138S/abstract target=ref>TICv8</a>,17h19m00.25s,259.7510609,'-34d59m51.95s,-34.9977651,7.24396,0.00486,-0.00485,10.602,0.023,-0.023,6.036,0.02,-0.02,9.38033,0.000709,-0.000709,2014-05-14,2013-08,2014-05-14
119144,1,GJ 667 C f,GJ 667 C,1.0,3.0,5.0,Radial Velocity,2013.0,La Silla Observatory,Published Confirmed,1.0,<a refstr=ANGLADA_ESCUDE_ET_AL__2013 href=https://ui.adsabs.harvard.edu/abs/2013A%26A...556A.126A/abstract target=ref> Anglada-Escude et al. 2013 </a>,39.026,0.194,-0.211,0.0,0.156,0.014,-0.017,0.0,,,,,,,,,2.7,1.4,-1.2,0.0,0.008,0.004,-0.004,0.0,Msini,0.03,0.16,-0.03,0.0,,,,,,,,,0.0,<a refstr=ANGLADA_ESCUDE_ET_AL__2013 href=https://ui.adsabs.harvard.edu/abs/2013A%26A...556A.126A/abstract target=ref> Anglada-Escude et al. 2013 </a>,M1.5 V,3350.0,50.0,-50.0,0.0,,,,,0.33,0.02,-0.02,0.0,-0.55,0.1,-0.1,0.0,[Fe/H],4.69,0.1,-0.1,0.0,<a refstr=STASSUN_ET_AL__2019 href=https://ui.adsabs.harvard.edu/abs/2019AJ....158..138S/abstract target=ref>TICv8</a>,17h19m00.25s,259.7510609,'-34d59m51.95s,-34.9977651,7.24396,0.00486,-0.00485,10.602,0.023,-0.023,6.036,0.02,-0.02,9.38033,0.000709,-0.000709,2014-05-14,2013-08,2014-05-14
119144,1,GJ 667 C g,GJ 667 C,1.0,3.0,5.0,Radial Velocity,2013.0,La Silla Observatory,Published Confirmed,1.0,<a refstr=ANGLADA_ESCUDE_ET_AL__2013 href=https://ui.adsabs.harvard.edu/abs/2013A%26A...556A.126A/abstract target=ref> Anglada-Escude et al. 2013 </a>,256.2,13.8,-7.9,0.0,0.549,0.052,-0.058,0.0,,,,,,,,,4.6,2.6,-2.3,0.0,0.014,0.008,-0.007,0.0,Msini,0.08,0.41,-0.08,0.0,,,,,,,,,0.0,<a refstr=ANGLADA_ESCUDE_ET_AL__2013 href=https://ui.adsabs.harvard.edu/abs/2013A%26A...556A.126A/abstract target=ref> Anglada-Escude et al. 2013 </a>,M1.5 V,3350.0,50.0,-50.0,0.0,,,,,0.33,0.02,-0.02,0.0,-0.55,0.1,-0.1,0.0,[Fe/H],4.69,0.1,-0.1,0.0,<a refstr=STASSUN_ET_AL__2019 href=https://ui.adsabs.harvard.edu/abs/2019AJ....158..138S/abstract target=ref>TICv8</a>,17h19m00.25s,259.7510609,'-34d59m51.95s,-34.9977651,7.24396,0.00486,-0.00485,10.602,0.023,-0.023,6.036,0.02,-0.02,9.38033,0.000709,-0.000709,2014-05-14,2013-08,2014-05-14
85264,1,GJ 674 b,GJ 674,1.0,1.0,1.0,Radial Velocity,2007.0,La Silla Observatory,Published Confirmed,0.0,<a refstr=BONFILS_ET_AL__2007 href=https://ui.adsabs.harvard.edu/abs/2007A&A...474..293B/abstract target=ref> Bonfils et al. 2007 </a>,4.6938,0.007,-0.007,0.0,0.039,,,0.0,,,,,,,,,11.09,,,0.0,0.035,,,0.0,Msini,0.2,0.02,-0.02,0.0,,,,,,,,,0.0,<a refstr=BONFILS_ET_AL__2007 href=https://ui.adsabs.harvard.edu/abs/2007A&A...474..293B/abstract target=ref> Bonfils et al. 2007 </a>,M2.5,3600.0,100.0,-100.0,0.0,,,,,0.35,,,0.0,-0.28,,,0.0,[Fe/H],,,,,<a refstr=STASSUN_ET_AL__2019 href=https://ui.adsabs.harvard.edu/abs/2019AJ....158..138S/abstract target=ref>TICv8</a>,17h28m40.81s,262.1700476,'-46d53m56.34s,-46.8989826,4.54896,0.001015,-0.001015,9.38,0.1,-0.1,4.855,0.018,-0.018,8.33063,0.001213,-0.001213,2014-05-14,2007-10,2014-05-14
85951,1,GJ 682 b,GJ 682,1.0,1.0,2.0,Radial Velocity,2014.0,Multiple Observatories,Published Confirmed,0.0,<a refstr=TUOMI_ET_AL__2014 href=https://ui.adsabs.harvard.edu/abs/2014MNRAS.441.1545T/abstract target=ref>Tuomi et al. 2014</a>,17.478,0.062,-0.04,0.0,0.08,0.014,-0.004,0.0,,,,,,,,,4.4,3.7,-2.4,0.0,0.01384388,0.01164144,-0.00755121,0.0,Msini,0.08,0.19,-0.08,0.0,,,,,,,,,0.0,<a refstr=TUOMI_ET_AL__2014 href=https://ui.adsabs.harvard.edu/abs/2014MNRAS.441.1545T/abstract target=ref>Tuomi et al. 2014</a>,M3.5 V,3028.0,,,0.0,,,,,0.27,,,0.0,,,,,,,,,,<a refstr=STASSUN_ET_AL__2019 href=https://ui.adsabs.harvard.edu/abs/2019AJ....158..138S/abstract target=ref>TICv8</a>,17h37m02.65s,264.2610245,'-44d19m23.71s,-44.3232519,5.00671,0.0021,-0.0021,10.94,0.1,-0.1,5.606,0.02,-0.02,9.57025,0.001221,-0.001221,2019-10-04,2014-06,2019-10-10
85951,1,GJ 682 c,GJ 682,1.0,1.0,2.0,Radial Velocity,2014.0,Multiple Observatories,Published Confirmed,0.0,<a refstr=TUOMI_ET_AL__2014 href=https://ui.adsabs.harvard.edu/abs/2014MNRAS.441.1545T/abstract target=ref>Tuomi et al. 2014</a>,57.32,0.45,-0.48,0.0,0.176,0.03,-0.009,0.0,,,,,,,,,8.7,5.8,-4.6,0.0,0.02737312,0.01824875,-0.01447315,0.0,Msini,0.1,0.19,-0.1,0.0,,,,,,,,,0.0,<a refstr=TUOMI_ET_AL__2014 href=https://ui.adsabs.harvard.edu/abs/2014MNRAS.441.1545T/abstract target=ref>Tuomi et al. 2014</a>,M3.5 V,3028.0,,,0.0,,,,,0.27,,,0.0,,,,,,,,,,<a refstr=STASSUN_ET_AL__2019 href=https://ui.adsabs.harvard.edu/abs/2019AJ....158..138S/abstract target=ref>TICv8</a>,17h37m02.65s,264.2610245,'-44d19m23.71s,-44.3232519,5.00671,0.0021,-0.0021,10.94,0.1,-0.1,5.606,0.02,-0.02,9.57025,0.001221,-0.001221,2019-10-04,2014-06,2019-10-10
85899,1,GJ 687 b,GJ 687,1.0,1.0,2.0,Radial Velocity,2014.0,Lick Observatory,Published Confirmed,0.0,<a refstr=FENG_ET_AL__2020 href=https://ui.adsabs.harvard.edu/abs/2020ApJS..250...29F/abstract target=ref>Feng et al. 2020</a>,38.142,0.007,-0.007,0.0,0.163,0.003,-0.003,0.0,,,,,,,,,17.2,1.0,-1.0,0.0,0.05411698,0.00314634,-0.00314634,0.0,Msini,0.17,0.05,-0.05,0.0,,,,,,,,,0.0,<a refstr=FENG_ET_AL__2020 href=https://ui.adsabs.harvard.edu/abs/2020ApJS..250...29F/abstract target=ref>Feng et al. 2020</a>,,,,,,,,,,0.4,0.02,-0.02,0.0,,,,,,,,,,<a refstr=STASSUN_ET_AL__2019 href=https://ui.adsabs.harvard.edu/abs/2019AJ....158..138S/abstract target=ref>TICv8</a>,17h36m25.00s,264.1041731,'+68d20m01.23s,68.3336741,4.54939,0.00068,-0.00068,9.15,0.1,-0.1,4.548,0.021,-0.021,8.02754,0.000862,-0.000862,2020-09-08,2020-10,2020-09-03
85899,0,GJ 687 b,GJ 687,0.0,1.0,2.0,Radial Velocity,2014.0,Lick Observatory,Published Confirmed,0.0,<a refstr=STASSUN_ET_AL__2017 href=https://ui.adsabs.harvard.edu/abs/2017AJ....153..136S/abstract target=ref>Stassun et al. 2017</a>,38.14,0.015,-0.015,0.0,0.17,0.01,-0.01,0.0,,,,,,,,,19.0698,3.1783,-3.1783,0.0,0.06,0.01,-0.01,0.0,Msini,0.04,0.08,-0.08,0.0,,,,,,,,,0.0,<a refstr=STASSUN_ET_AL__2017 href=https://ui.adsabs.harvard.edu/abs/2017AJ....153..136S/abstract target=ref>Stassun et al. 2017</a>,,3340.0,97.0,-97.0,0.0,0.43,0.03,-0.03,0.0,0.45,0.07,-0.07,0.0,0.15,,,0.0,[Fe/H],4.82,0.03,-0.03,0.0,<a refstr=STASSUN_ET_AL__2019 href=https://ui.adsabs.harvard.edu/abs/2019AJ....158..138S/abstract target=ref>TICv8</a>,17h36m25.00s,264.1041731,'+68d20m01.23s,68.3336741,4.54939,0.00068,-0.00068,9.15,0.1,-0.1,4.548,0.021,-0.021,8.02754,0.000862,-0.000862,2020-09-08,2017-03,2018-09-06
85899,0,GJ 687 b,GJ 687,0.0,1.0,2.0,Radial Velocity,2014.0,Lick Observatory,Published Confirmed,0.0,<a refstr=BURT_ET_AL__2014 href=https://ui.adsabs.harvard.edu/abs/2014ApJ...789..114B/abstract target=ref> Burt et al. 2014</a>,38.14,0.015,-0.015,0.0,0.16353,4.3e-05,-4.3e-05,0.0,,,,,,,,,18.394,2.167,-2.167,0.0,0.058,0.007,-0.007,0.0,Msini,0.04,0.076,-0.076,0.0,,,,,,,,,0.0,<a refstr=BURT_ET_AL__2014 href=https://ui.adsabs.harvard.edu/abs/2014ApJ...789..114B/abstract target=ref> Burt et al. 2014</a>,M3 V,3413.0,28.0,-28.0,0.0,0.4183,0.007,-0.007,0.0,0.413,0.041,-0.041,0.0,,,,,,,,,,<a refstr=STASSUN_ET_AL__2019 href=https://ui.adsabs.harvard.edu/abs/2019AJ....158..138S/abstract target=ref>TICv8</a>,17h36m25.00s,264.1041731,'+68d20m01.23s,68.3336741,4.54939,0.00068,-0.00068,9.15,0.1,-0.1,4.548,0.021,-0.021,8.02754,0.000862,-0.000862,2020-09-08,2014-07,2014-05-28
85899,0,GJ 687 b,GJ 687,0.0,1.0,2.0,Radial Velocity,2014.0,Lick Observatory,Published Confirmed,0.0,<a refstr=ROSENTHAL_ET_AL__2021 href=https://ui.adsabs.harvard.edu/abs/2021ApJS..255....8R/abstract target=ref>Rosenthal et al. 2021</a>,38.152,0.014,-0.014,0.0,0.1658,0.0012,-0.0012,0.0,,,,,,,,,17.57591091,1.49379351,-1.49379351,0.0,0.0553,0.0047,-0.0047,0.0,Msini,0.153,0.077,-0.08,0.0,,,,,,,,,0.0,<a refstr=ROSENTHAL_ET_AL__2021 href=https://ui.adsabs.harvard.edu/abs/2021ApJS..255....8R/abstract target=ref>Rosenthal et al. 2021</a>,,3561.3,41.82,-41.82,0.0,0.397371,0.007927,-0.007927,0.0,0.417834,0.009077,-0.009077,0.0,0.0631,0.0779,-0.0779,0.0,[Fe/H],4.85936,0.009637,-0.009637,0.0,<a refstr=STASSUN_ET_AL__2019 href=https://ui.adsabs.harvard.edu/abs/2019AJ....158..138S/abstract target=ref>TICv8</a>,17h36m25.00s,264.1041731,'+68d20m01.23s,68.3336741,4.54939,0.00068,-0.00068,9.15,0.1,-0.1,4.548,0.021,-0.021,8.02754,0.000862,-0.000862,2021-09-20,2021-07,2021-09-20
85899,1,GJ 687 c,GJ 687,1.0,1.0,2.0,Radial Velocity,2020.0,Multiple Observatories,Published Confirmed,0.0,<a refstr=FENG_ET_AL__2020 href=https://ui.adsabs.harvard.edu/abs/2020ApJS..250...29F/abstract target=ref>Feng et al. 2020</a>,727.562,12.198,-12.198,0.0,1.165,0.023,-0.023,0.0,,,,,,,,,16.0,4.1,-4.1,0.0,0.05034138,0.01289998,-0.01289998,0.0,Msini,0.4,0.22,-0.22,0.0,,,,,,,,,0.0,<a refstr=FENG_ET_AL__2020 href=https://ui.adsabs.harvard.edu/abs/2020ApJS..250...29F/abstract target=ref>Feng et al. 2020</a>,,,,,,,,,,0.4,0.02,-0.02,0.0,,,,,,,,,,<a refstr=STASSUN_ET_AL__2019 href=https://ui.adsabs.harvard.edu/abs/2019AJ....158..138S/abstract target=ref>TICv8</a>,17h36m25.00s,264.1041731,'+68d20m01.23s,68.3336741,4.54939,0.00068,-0.00068,9.15,0.1,-0.1,4.548,0.021,-0.021,8.02754,0.000862,-0.000862,2020-09-08,2020-10,2020-09-03
106098,0,GJ 832 b,GJ 832,0.0,1.0,1.0,Radial Velocity,2008.0,Anglo-Australian Telescope,Published Confirmed,0.0,<a refstr=WITTENMYER_ET_AL__2014 href=https://ui.adsabs.harvard.edu/abs/2014ApJ...791..114W/abstract target=ref> Wittenmyer et al. 2014</a>,3657.0,104.0,-104.0,0.0,3.56,0.28,-0.28,0.0,,,,,,,,,216.0,29.0,-28.0,0.0,0.68,0.09,-0.09,0.0,Msini,0.08,0.02,-0.06,0.0,,,,,,,,,0.0,<a refstr=WITTENMYER_ET_AL__2014 href=https://ui.adsabs.harvard.edu/abs/2014ApJ...791..114W/abstract target=ref> Wittenmyer et al. 2014</a>,,3472.0,,,0.0,,,,,0.45,0.05,-0.05,0.0,-0.3,0.2,-0.2,0.0,[Fe/H],4.7,,,0.0,<a refstr=STASSUN_ET_AL__2019 href=https://ui.adsabs.harvard.edu/abs/2019AJ....158..138S/abstract target=ref>TICv8</a>,21h33m33.90s,323.3912616,'-49d00m45.06s,-49.0125169,4.96435,0.001065,-0.001065,8.66,0.1,-0.1,4.501,0.018,-0.018,7.73761,0.000702,-0.000702,2014-06-25,2014-08,2014-06-25
106098,1,GJ 832 b,GJ 832,1.0,1.0,1.0,Radial Velocity,2008.0,Anglo-Australian Telescope,Published Confirmed,0.0,<a refstr=PHILIPOT_ET_AL_2023 href=https://ui.adsabs.harvard.edu/abs/2023A&A...678A.107P/abstract target=ref>Philipot et al. 2023</a>,3853.0,51.0,-47.0,0.0,3.7,0.1,-0.1,0.0,,,,,,,,,314.65012293,28.60455663,-25.42627256,0.0,0.99,0.09,-0.08,0.0,Mass,0.05,0.03,-0.03,0.0,,,,,,,,,0.0,<a refstr=PHILIPOT_ET_AL_2023 href=https://ui.adsabs.harvard.edu/abs/2023A&A...678A.107P/abstract target=ref>Philipot et al. 2023</a>,M2/3 V,,,,,,,,,0.45,0.01,-0.01,0.0,,,,,,,,,,<a refstr=STASSUN_ET_AL__2019 href=https://ui.adsabs.harvard.edu/abs/2019AJ....158..138S/abstract target=ref>TICv8</a>,21h33m33.90s,323.3912616,'-49d00m45.06s,-49.0125169,4.96435,0.001065,-0.001065,8.66,0.1,-0.1,4.501,0.018,-0.018,7.73761,0.000702,-0.000702,2023-09-05,2023-10,2023-09-05
106098,0,GJ 832 b,GJ 832,0.0,1.0,1.0,Radial Velocity,2008.0,Anglo-Australian Telescope,Published Confirmed,0.0,<a refstr=XIAO_ET_AL__2023 href=https://ui.adsabs.harvard.edu/abs/2023RAA....23e5022X/abstract target=ref>Xiao et al. 2023</a>,3610.0,120.0,-120.0,0.0,3.53,0.15,-0.16,0.0,,,,,,,,,254.2627256,38.13940884,-34.96112477,0.0,0.8,0.12,-0.11,0.0,Mass,0.069,0.026,-0.027,0.0,,,,,,,,,0.0,<a refstr=XIAO_ET_AL__2023 href=https://ui.adsabs.harvard.edu/abs/2023RAA....23e5022X/abstract target=ref>Xiao et al. 2023</a>,M1 V,3472.0,,,0.0,,,,,0.45,0.05,-0.05,0.0,-0.3,,,0.0,[Fe/H],4.7,,,0.0,<a refstr=STASSUN_ET_AL__2019 href=https://ui.adsabs.harvard.edu/abs/2019AJ....158..138S/abstract target=ref>TICv8</a>,21h33m33.90s,323.3912616,'-49d00m45.06s,-49.0125169,4.96435,0.001065,-0.001065,8.66,0.1,-0.1,4.501,0.018,-0.018,7.73761,0.000702,-0.000702,2023-06-12,2023-05,2023-06-12
106098,0,GJ 832 b,GJ 832,0.0,1.0,1.0,Radial Velocity,2008.0,Anglo-Australian Telescope,Published Confirmed,0.0,<a refstr=BAILEY_ET_AL__2009 href=https://ui.adsabs.harvard.edu/abs/2009ApJ...690..743B/abstract target=ref> Bailey et al. 2009 </a>,3416.0,131.0,-131.0,0.0,3.4,0.4,-0.4,0.0,,,,,,,,,203.4,12.71,-12.71,0.0,0.64,0.06,-0.06,0.0,Msini,0.12,0.11,-0.11,0.0,,,,,,,,,0.0,<a refstr=BAILEY_ET_AL__2009 href=https://ui.adsabs.harvard.edu/abs/2009ApJ...690..743B/abstract target=ref> Bailey et al. 2009 </a>,M1.5,3657.0,,,0.0,0.48,,,0.0,0.45,0.05,-0.05,0.0,-0.7,,,0.0,[Fe/H],4.7,,,0.0,<a refstr=STASSUN_ET_AL__2019 href=https://ui.adsabs.harvard.edu/abs/2019AJ....158..138S/abstract target=ref>TICv8</a>,21h33m33.90s,323.3912616,'-49d00m45.06s,-49.0125169,4.96435,0.001065,-0.001065,8.66,0.1,-0.1,4.501,0.018,-0.018,7.73761,0.000702,-0.000702,2014-05-14,2009-01,2014-05-14
106098,0,GJ 832 b,GJ 832,0.0,1.0,1.0,Radial Velocity,2008.0,Anglo-Australian Telescope,Published Confirmed,0.0,<a refstr=AN_ET_AL_2025 href=https://ui.adsabs.harvard.edu/abs/2025ApJS..280...61A/abstract target=ref>An et al. 2025</a>,3795.0,106.0,-80.0,0.0,3.651,0.071,-0.059,0.0,,,,,,,,,330.22371487,13.98444991,-13.6666215,0.0,1.039,0.044,-0.043,0.0,Mass,0.021,0.027,-0.015,0.0,,,,,,,,,0.0,<a refstr=AN_ET_AL_2025 href=https://ui.adsabs.harvard.edu/abs/2025ApJS..280...61A/abstract target=ref>An et al. 2025</a>,,,,,,,,,,0.4491,0.0087,-0.0091,0.0,,,,,,,,,,<a refstr=STASSUN_ET_AL__2019 href=https://ui.adsabs.harvard.edu/abs/2019AJ....158..138S/abstract target=ref>TICv8</a>,21h33m33.90s,323.3912616,'-49d00m45.06s,-49.0125169,4.96435,0.001065,-0.001065,8.66,0.1,-0.1,4.501,0.018,-0.018,7.73761,0.000702,-0.000702,2025-11-13,2025-10,2025-11-13
106098,0,GJ 832 b,GJ 832,0.0,1.0,1.0,Radial Velocity,2008.0,Anglo-Australian Telescope,Published Confirmed,0.0,<a refstr=BONFILS_ET_AL__2013 href=https://ui.adsabs.harvard.edu/abs/2013A%26A...549A.109B/abstract target=ref> Bonfils et al. 2013 </a>,3507.0,181.0,-181.0,0.0,3.46,,,0.0,,,,,,,,,197.046,0.0,0.0,0.0,0.62,,,0.0,Msini,0.08,0.05,-0.05,0.0,,,,,,,,,0.0,<a refstr=STASSUN_ET_AL__2019 href=https://ui.adsabs.harvard.edu/abs/2019AJ....158..138S/abstract target=ref>TICv8</a>,,,,,,0.441557,0.013069,-0.013069,0.0,0.437474,0.020231,-0.020231,0.0,,,,,,4.78905,0.005617,-0.005617,0.0,<a refstr=STASSUN_ET_AL__2019 href=https://ui.adsabs.harvard.edu/abs/2019AJ....158..138S/abstract target=ref>TICv8</a>,21h33m33.90s,323.3912616,'-49d00m45.06s,-49.0125169,4.96435,0.001065,-0.001065,8.66,0.1,-0.1,4.501,0.018,-0.018,7.73761,0.000702,-0.000702,2014-05-16,2013-01,2014-05-16
109042,1,GJ 849 b,GJ 849,1.0,1.0,2.0,Radial Velocity,2006.0,W. M. Keck Observatory,Published Confirmed,0.0,<a refstr=PINAMONTI_ET_AL__2023 href=https://ui.adsabs.harvard.edu/abs/2023A&A...677A.122P/abstract target=ref>Pinamonti et al. 2023</a>,1925.31,6.5,-6.5,0.0,2.32,0.11,-0.13,0.0,,,,,,,,,283.82076745,29.87587026,-30.82935548,0.0,0.893,0.094,-0.097,0.0,Msini,0.029,0.019,-0.019,0.0,,,,,,,,,0.0,<a refstr=PINAMONTI_ET_AL__2023 href=https://ui.adsabs.harvard.edu/abs/2023A&A...677A.122P/abstract target=ref>Pinamonti et al. 2023</a>,M3.5,3467.0,68.0,-68.0,0.0,0.45,0.07,-0.07,0.0,0.45,0.07,-0.07,0.0,0.09,0.09,-0.09,0.0,[Fe/H],4.8,0.07,-0.07,0.0,<a refstr=STASSUN_ET_AL__2019 href=https://ui.adsabs.harvard.edu/abs/2019AJ....158..138S/abstract target=ref>TICv8</a>,22h09m41.52s,332.4229938,'-04d38m26.99s,-4.6408317,8.80058,0.003615,-0.003615,10.41,0.1,-0.1,5.594,0.017,-0.017,9.2245,0.000651,-0.000651,2023-07-10,2023-09,2023-07-10
109042,0,GJ 849 b,GJ 849,0.0,1.0,2.0,Radial Velocity,2006.0,W. M. Keck Observatory,Published Confirmed,0.0,<a refstr=BUTLER_ET_AL__2006 href=https://ui.adsabs.harvard.edu/abs/2006PASP..118.1685B/abstract target=ref> Butler et al. 2006 </a>,1890.0,130.0,-130.0,0.0,2.35,,,0.0,,,,,,,,,260.61,,,0.0,0.82,,,0.0,Msini,0.06,0.09,-0.09,0.0,,,,,,,,,0.0,<a refstr=BUTLER_ET_AL__2006 href=https://ui.adsabs.harvard.edu/abs/2006PASP..118.1685B/abstract target=ref> Butler et al. 2006 </a>,M3.5 V,,,,,,,,,0.49,0.05,-0.05,0.0,0.16,0.2,-0.2,0.0,[Fe/H],,,,,<a refstr=STASSUN_ET_AL__2019 href=https://ui.adsabs.harvard.edu/abs/2019AJ....158..138S/abstract target=ref>TICv8</a>,22h09m41.52s,332.4229938,'-04d38m26.99s,-4.6408317,8.80058,0.003615,-0.003615,10.41,0.1,-0.1,5.594,0.017,-0.017,9.2245,0.000651,-0.000651,2018-04-25,2006-12,2014-08-27
109042,0,GJ 849 b,GJ 849,0.0,1.0,2.0,Radial Velocity,2006.0,W. M. Keck Observatory,Published Confirmed,0.0,<a refstr=ROSENTHAL_ET_AL__2021 href=https://ui.adsabs.harvard.edu/abs/2021ApJS..255....8R/abstract target=ref>Rosenthal et al. 2021</a>,1940.0,12.0,-12.0,0.0,2.409,0.018,-0.017,0.0,,,,,,,,,283.18511064,11.44182265,-11.44182265,0.0,0.891,0.036,-0.036,0.0,Msini,0.05,0.029,-0.03,0.0,,,,,,,,,0.0,<a refstr=ROSENTHAL_ET_AL__2021 href=https://ui.adsabs.harvard.edu/abs/2021ApJS..255....8R/abstract target=ref>Rosenthal et al. 2021</a>,,3562.68,30.5,-30.5,0.0,0.468458,0.006829,-0.006829,0.0,0.495859,0.008814,-0.008814,0.0,0.396,0.0616,-0.0616,0.0,[Fe/H],4.790628,0.008822,-0.008822,0.0,<a refstr=STASSUN_ET_AL__2019 href=https://ui.adsabs.harvard.edu/abs/2019AJ....158..138S/abstract target=ref>TICv8</a>,22h09m41.52s,332.4229938,'-04d38m26.99s,-4.6408317,8.80058,0.003615,-0.003615,10.41,0.1,-0.1,5.594,0.017,-0.017,9.2245,0.000651,-0.000651,2021-09-20,2021-07,2021-09-20
109042,0,GJ 849 b,GJ 849,0.0,1.0,2.0,Radial Velocity,2006.0,W. M. Keck Observatory,Published Confirmed,0.0,<a refstr=STASSUN_ET_AL__2017 href=https://ui.adsabs.harvard.edu/abs/2017AJ....153..136S/abstract target=ref>Stassun et al. 2017</a>,1882.0,250.0,-250.0,0.0,2.35,0.22,-0.22,0.0,,,,,,,,,317.83,98.5273,-98.5273,0.0,1.0,0.31,-0.31,0.0,Msini,0.04,0.02,-0.02,0.0,,,,,,,,,0.0,<a refstr=STASSUN_ET_AL__2017 href=https://ui.adsabs.harvard.edu/abs/2017AJ....153..136S/abstract target=ref>Stassun et al. 2017</a>,,3241.0,150.0,-150.0,0.0,0.53,0.05,-0.05,0.0,0.65,0.24,-0.24,0.0,0.24,,,0.0,[Fe/H],4.8,0.14,-0.14,0.0,<a refstr=STASSUN_ET_AL__2019 href=https://ui.adsabs.harvard.edu/abs/2019AJ....158..138S/abstract target=ref>TICv8</a>,22h09m41.52s,332.4229938,'-04d38m26.99s,-4.6408317,8.80058,0.003615,-0.003615,10.41,0.1,-0.1,5.594,0.017,-0.017,9.2245,0.000651,-0.000651,2018-09-04,2017-03,2018-09-06
109042,0,GJ 849 b,GJ 849,0.0,1.0,2.0,Radial Velocity,2006.0,W. M. Keck Observatory,Published Confirmed,0.0,<a refstr=BONFILS_ET_AL__2013 href=https://ui.adsabs.harvard.edu/abs/2013A%26A...549A.109B/abstract target=ref> Bonfils et al. 2013 </a>,1845.0,15.0,-15.0,0.0,2.32,,,0.0,,,,,,,,,289.21,,,0.0,0.91,,,0.0,Msini,0.05,0.03,-0.03,0.0,,,,,,,,,0.0,<a refstr=BONFILS_ET_AL__2013 href=https://ui.adsabs.harvard.edu/abs/2013A%26A...549A.109B/abstract target=ref> Bonfils et al. 2013 </a>,M3 V,,,,,,,,,0.49,,,0.0,,,,,,,,,,<a refstr=STASSUN_ET_AL__2019 href=https://ui.adsabs.harvard.edu/abs/2019AJ....158..138S/abstract target=ref>TICv8</a>,22h09m41.52s,332.4229938,'-04d38m26.99s,-4.6408317,8.80058,0.003615,-0.003615,10.41,0.1,-0.1,5.594,0.017,-0.017,9.2245,0.000651,-0.000651,2018-04-25,2013-01,2014-08-27
109042,0,GJ 849 b,GJ 849,0.0,1.0,2.0,Radial Velocity,2006.0,W. M. Keck Observatory,Published Confirmed,0.0,<a refstr=MONTET_ET_AL__2014 href=https://ui.adsabs.harvard.edu/abs/2014ApJ...781...28M/abstract target=ref>Montet et al. 2014</a>,1915.0,23.0,-24.0,0.0,,,,,,,,,,,,,286.0455663,13.6666215,-14.30227832,0.0,0.9,0.043,-0.045,0.0,Msini,,,,,,,,,,,,,0.0,<a refstr=MONTET_ET_AL__2014 href=https://ui.adsabs.harvard.edu/abs/2014ApJ...781...28M/abstract target=ref>Montet et al. 2014</a>,M3.5,,,,,,,,,0.49,0.049,-0.049,0.0,0.22,0.17,-0.17,0.0,[Fe/H],,,,,<a refstr=STASSUN_ET_AL__2019 href=https://ui.adsabs.harvard.edu/abs/2019AJ....158..138S/abstract target=ref>TICv8</a>,22h09m41.52s,332.4229938,'-04d38m26.99s,-4.6408317,8.80058,0.003615,-0.003615,10.41,0.1,-0.1,5.594,0.017,-0.017,9.2245,0.000651,-0.000651,2021-06-28,2014-01,2021-06-28
109042,0,GJ 849 b,GJ 849,0.0,1.0,2.0,Radial Velocity,2006.0,W. M. Keck Observatory,Published Confirmed,0.0,<a refstr=FENG_ET_AL__2015 href=https://ui.adsabs.harvard.edu/abs/2015ApJ...800...22F/abstract target=ref>Feng et al. 2015</a>,1924.0,15.0,-15.0,0.0,2.39,0.082,-0.082,0.0,,,,,,,,,289.531,11.441,-11.441,0.0,0.911,0.036,-0.036,0.0,Msini,0.038,0.019,-0.019,0.0,,,,,,,,,0.0,<a refstr=STASSUN_ET_AL__2019 href=https://ui.adsabs.harvard.edu/abs/2019AJ....158..138S/abstract target=ref>TICv8</a>,,3407.0,157.0,-157.0,0.0,0.463912,0.013663,-0.013663,0.0,0.461286,0.02019,-0.02019,0.0,,,,,,4.76917,0.006569,-0.006569,0.0,<a refstr=STASSUN_ET_AL__2019 href=https://ui.adsabs.harvard.edu/abs/2019AJ....158..138S/abstract target=ref>TICv8</a>,22h09m41.52s,332.4229938,'-04d38m26.99s,-4.6408317,8.80058,0.003615,-0.003615,10.41,0.1,-0.1,5.594,0.017,-0.017,9.2245,0.000651,-0.000651,2018-04-25,2015-02,2015-02-12
109042,0,GJ 849 c,GJ 849,0.0,1.0,2.0,Radial Velocity,2014.0,W. M. Keck Observatory,Published Confirmed,0.0,<a refstr=MONTET_ET_AL__2014 href=https://ui.adsabs.harvard.edu/abs/2014ApJ...781...28M/abstract target=ref>Montet et al. 2014</a>,7068.0,6282.0,-2166.0,0.0,,,,,,,,,,,,,223.11554171,109.33297201,-64.51916662,0.0,0.702,0.344,-0.203,0.0,Msini,,,,,,,,,,,,,0.0,<a refstr=MONTET_ET_AL__2014 href=https://ui.adsabs.harvard.edu/abs/2014ApJ...781...28M/abstract target=ref>Montet et al. 2014</a>,M3.5,,,,,,,,,0.49,0.049,-0.049,0.0,0.22,0.17,-0.17,0.0,[Fe/H],,,,,<a refstr=STASSUN_ET_AL__2019 href=https://ui.adsabs.harvard.edu/abs/2019AJ....158..138S/abstract target=ref>TICv8</a>,22h09m41.52s,332.4229938,'-04d38m26.99s,-4.6408317,8.80058,0.003615,-0.003615,10.41,0.1,-0.1,5.594,0.017,-0.017,9.2245,0.000651,-0.000651,2021-06-28,2014-01,2021-06-28
109042,0,GJ 849 c,GJ 849,0.0,1.0,2.0,Radial Velocity,2014.0,W. M. Keck Observatory,Published Confirmed,0.0,<a refstr=ROSENTHAL_ET_AL__2021 href=https://ui.adsabs.harvard.edu/abs/2021ApJS..255....8R/abstract target=ref>Rosenthal et al. 2021</a>,5750.0,130.0,-120.0,0.0,4.974,0.083,-0.074,0.0,,,,,,,,,342.93685115,16.84490557,-16.84490557,0.0,1.079,0.053,-0.053,0.0,Msini,0.099,0.041,-0.04,0.0,,,,,,,,,0.0,<a refstr=ROSENTHAL_ET_AL__2021 href=https://ui.adsabs.harvard.edu/abs/2021ApJS..255....8R/abstract target=ref>Rosenthal et al. 2021</a>,,3562.68,30.5,-30.5,0.0,0.468458,0.006829,-0.006829,0.0,0.495859,0.008814,-0.008814,0.0,0.396,0.0616,-0.0616,0.0,[Fe/H],4.790628,0.008822,-0.008822,0.0,<a refstr=STASSUN_ET_AL__2019 href=https://ui.adsabs.harvard.edu/abs/2019AJ....158..138S/abstract target=ref>TICv8</a>,22h09m41.52s,332.4229938,'-04d38m26.99s,-4.6408317,8.80058,0.003615,-0.003615,10.41,0.1,-0.1,5.594,0.017,-0.017,9.2245,0.000651,-0.000651,2021-09-20,2021-07,2021-09-20
109042,1,GJ 849 c,GJ 849,1.0,1.0,2.0,Radial Velocity,2014.0,W. M. Keck Observatory,Published Confirmed,0.0,<a refstr=PINAMONTI_ET_AL__2023 href=https://ui.adsabs.harvard.edu/abs/2023A&A...677A.122P/abstract target=ref>Pinamonti et al. 2023</a>,5990.0,110.0,-100.0,0.0,4.95,0.25,-0.28,0.0,,,,,,,,,314.65012293,34.96112477,-34.96112477,0.0,0.99,0.11,-0.11,0.0,Msini,0.092,0.038,-0.036,0.0,,,,,,,,,0.0,<a refstr=PINAMONTI_ET_AL__2023 href=https://ui.adsabs.harvard.edu/abs/2023A&A...677A.122P/abstract target=ref>Pinamonti et al. 2023</a>,M3.5,3467.0,68.0,-68.0,0.0,0.45,0.07,-0.07,0.0,0.45,0.07,-0.07,0.0,0.09,0.09,-0.09,0.0,[Fe/H],4.8,0.07,-0.07,0.0,<a refstr=STASSUN_ET_AL__2019 href=https://ui.adsabs.harvard.edu/abs/2019AJ....158..138S/abstract target=ref>TICv8</a>,22h09m41.52s,332.4229938,'-04d38m26.99s,-4.6408317,8.80058,0.003615,-0.003615,10.41,0.1,-0.1,5.594,0.017,-0.017,9.2245,0.000651,-0.000651,2023-10-21,2023-09,2023-10-21
112660,0,GJ 876 b,GJ 876,0.0,1.0,4.0,Radial Velocity,1998.0,Multiple Observatories,Published Confirmed,0.0,<a refstr=ROSENTHAL_ET_AL__2021 href=https://ui.adsabs.harvard.edu/abs/2021ApJS..255....8R/abstract target=ref>Rosenthal et al. 2021</a>,61.03474,0.0008,-0.00084,0.0,0.2177,0.0018,-0.0019,0.0,,,,,,,,,672.20708081,11.12399425,-11.44182265,0.0,2.115,0.035,-0.036,0.0,Msini,0.002,0.0019,-0.0014,0.0,,,,,,,,,0.0,<a refstr=ROSENTHAL_ET_AL__2021 href=https://ui.adsabs.harvard.edu/abs/2021ApJS..255....8R/abstract target=ref>Rosenthal et al. 2021</a>,,3293.74,48.39,-48.39,0.0,0.367,0.00802,-0.00802,0.0,0.369607,0.009251,-0.009251,0.0,0.2129,0.0637,-0.0637,0.0,[Fe/H],4.874911,0.011674,-0.011674,0.0,<a refstr=STASSUN_ET_AL__2019 href=https://ui.adsabs.harvard.edu/abs/2019AJ....158..138S/abstract target=ref>TICv8</a>,22h53m17.75s,343.3239737,'-14d15m59.74s,-14.2665958,4.67517,0.00167,-0.00167,10.16,0.1,-0.1,5.01,0.021,-0.021,8.8753,0.00145,-0.00145,2021-09-20,2021-07,2021-09-20
112660,0,GJ 876 b,GJ 876,0.0,1.0,4.0,Radial Velocity,1998.0,Multiple Observatories,Published Confirmed,0.0,<a refstr=GAIA_COLLABORATION_ET_AL__2023 href=https://ui.adsabs.harvard.edu/abs/2023A&A...674A..34G/abstract target=ref>Gaia Collaboration et al. 2023</a>,61.4,0.2,-0.2,0.0,,,,,,,,,,,,,1144.1822652,127.1313628,-127.1313628,0.0,3.6,0.4,-0.4,0.0,Mass,0.16,0.15,-0.15,0.0,,,,,,,,,0.0,,,,,,,,,,,,,,,,,,,,,,,,<a refstr=STASSUN_ET_AL__2019 href=https://ui.adsabs.harvard.edu/abs/2019AJ....158..138S/abstract target=ref>TICv8</a>,22h53m17.75s,343.3239737,'-14d15m59.74s,-14.2665958,4.67517,0.00167,-0.00167,10.16,0.1,-0.1,5.01,0.021,-0.021,8.8753,0.00145,-0.00145,2024-09-16,2023-06,2024-09-16
112660,1,GJ 876 b,GJ 876,1.0,1.0,4.0,Radial Velocity,1998.0,Multiple Observatories,Published Confirmed,0.0,<a refstr=RIVERA_ET_AL__2010 href=https://ui.adsabs.harvard.edu/abs/2010ApJ...719..890R/abstract target=ref> Rivera et al. 2010 </a>,61.1166,0.0086,-0.0086,0.0,0.208317,2e-05,-2e-05,0.0,,,,,,,,,723.2235,1.4302,-1.4302,0.0,2.2756,0.0045,-0.0045,0.0,Mass,0.0324,0.0013,-0.0013,0.0,,,,,,,,,0.0,<a refstr=RIVERA_ET_AL__2010 href=https://ui.adsabs.harvard.edu/abs/2010ApJ...719..890R/abstract target=ref> Rivera et al. 2010 </a>,,,,,,0.3,,,0.0,0.32,0.03,-0.03,0.0,,,,,,,,,,<a refstr=STASSUN_ET_AL__2019 href=https://ui.adsabs.harvard.edu/abs/2019AJ....158..138S/abstract target=ref>TICv8</a>,22h53m17.75s,343.3239737,'-14d15m59.74s,-14.2665958,4.67517,0.00167,-0.00167,10.16,0.1,-0.1,5.01,0.021,-0.021,8.8753,0.00145,-0.00145,2014-08-27,2010-08,2014-08-27
112660,0,GJ 876 b,GJ 876,0.0,1.0,4.0,Radial Velocity,1998.0,Multiple Observatories,Published Confirmed,0.0,<a refstr=TRIFONOV_ET_AL__2018 href=https://ui.adsabs.harvard.edu/abs/2018A&A...609A.117T/abstract target=ref>Trifonov et al. 2018</a>,61.082,0.006,-0.01,0.0,0.214,0.001,-0.001,0.0,,,,,,,,,887.69135194,1.1666334,-1.1666334,0.0,2.79297534,0.00367062,-0.00367062,0.0,Msin(i)/sin(i),0.027,0.002,-0.002,0.0,,,,,,,,,0.0,<a refstr=STASSUN_ET_AL__2019 href=https://ui.adsabs.harvard.edu/abs/2019AJ....158..138S/abstract target=ref>TICv8</a>,,3271.0,157.0,-157.0,0.0,0.352224,0.01053,-0.01053,0.0,0.336778,0.020241,-0.020241,0.0,,,,,,4.87177,0.000398,-0.000398,0.0,<a refstr=STASSUN_ET_AL__2019 href=https://ui.adsabs.harvard.edu/abs/2019AJ....158..138S/abstract target=ref>TICv8</a>,22h53m17.75s,343.3239737,'-14d15m59.74s,-14.2665958,4.67517,0.00167,-0.00167,10.16,0.1,-0.1,5.01,0.021,-0.021,8.8753,0.00145,-0.00145,2017-10-16,2018-02,2017-10-19
112660,0,GJ 876 b,GJ 876,0.0,1.0,4.0,Radial Velocity,1998.0,Multiple Observatories,Published Confirmed,0.0,<a refstr=RIVERA_ET_AL__2005 href=https://ui.adsabs.harvard.edu/abs/2005ApJ...634..625R/abstract target=ref> Rivera et al. 2005 </a>,60.83,0.019,-0.019,0.0,0.20774,4e-05,-4e-05,0.0,,,,,,,,,804.076,2.543,-2.543,0.0,2.53,0.008,-0.008,0.0,Mass,0.0338,0.0025,-0.0025,0.0,,,,,,,,,0.0,<a refstr=STASSUN_ET_AL__2019 href=https://ui.adsabs.harvard.edu/abs/2019AJ....158..138S/abstract target=ref>TICv8</a>,,3271.0,157.0,-157.0,0.0,0.352224,0.01053,-0.01053,0.0,0.336778,0.020241,-0.020241,0.0,,,,,,4.87177,0.000398,-0.000398,0.0,<a refstr=STASSUN_ET_AL__2019 href=https://ui.adsabs.harvard.edu/abs/2019AJ....158..138S/abstract target=ref>TICv8</a>,22h53m17.75s,343.3239737,'-14d15m59.74s,-14.2665958,4.67517,0.00167,-0.00167,10.16,0.1,-0.1,5.01,0.021,-0.021,8.8753,0.00145,-0.00145,2014-08-27,2005-11,2014-08-27
112660,0,GJ 876 b,GJ 876,0.0,1.0,4.0,Radial Velocity,1998.0,Multiple Observatories,Published Confirmed,0.0,<a refstr=MARCY_ET_AL__2001 href=https://ui.adsabs.harvard.edu/abs/2001ApJ...556..296M/abstract target=ref> Marcy et al. 2001 </a>,61.02,0.03,-0.03,0.0,0.208,,,0.0,,,,,,,,,600.67,95.34,-95.34,0.0,1.89,0.3,-0.3,0.0,Msini,0.1,0.02,-0.02,0.0,,,,,,,,,0.0,<a refstr=STASSUN_ET_AL__2019 href=https://ui.adsabs.harvard.edu/abs/2019AJ....158..138S/abstract target=ref>TICv8</a>,,3271.0,157.0,-157.0,0.0,0.352224,0.01053,-0.01053,0.0,0.336778,0.020241,-0.020241,0.0,,,,,,4.87177,0.000398,-0.000398,0.0,<a refstr=STASSUN_ET_AL__2019 href=https://ui.adsabs.harvard.edu/abs/2019AJ....158..138S/abstract target=ref>TICv8</a>,22h53m17.75s,343.3239737,'-14d15m59.74s,-14.2665958,4.67517,0.00167,-0.00167,10.16,0.1,-0.1,5.01,0.021,-0.021,8.8753,0.00145,-0.00145,2014-08-27,2001-07,2014-08-27
112660,0,GJ 876 b,GJ 876,0.0,1.0,4.0,Radial Velocity,1998.0,Multiple Observatories,Published Confirmed,0.0,<a refstr=NELSON_ET_AL__2016 href=https://ui.adsabs.harvard.edu/abs/2016MNRAS.455.2484N/abstract target=ref>Nelson et al. 2016</a>,61.087,0.011,-0.012,0.0,0.218585,2.6e-05,-2.6e-05,0.0,,,,,,,,,845.3,16.6,-15.0,0.0,2.6595979,0.05222918,-0.04719504,0.0,Mass,0.0368,0.0019,-0.0025,0.0,,,,,,,,,0.0,<a refstr=NELSON_ET_AL__2016 href=https://ui.adsabs.harvard.edu/abs/2016MNRAS.455.2484N/abstract target=ref>Nelson et al. 2016</a>,,,,,,,,,,0.37,,,0.0,,,,,,,,,,<a refstr=STASSUN_ET_AL__2019 href=https://ui.adsabs.harvard.edu/abs/2019AJ....158..138S/abstract target=ref>TICv8</a>,22h53m17.75s,343.3239737,'-14d15m59.74s,-14.2665958,4.67517,0.00167,-0.00167,10.16,0.1,-0.1,5.01,0.021,-0.021,8.8753,0.00145,-0.00145,2016-01-27,2016-01,2016-01-28
112660,0,GJ 876 b,GJ 876,0.0,1.0,4.0,Radial Velocity,1998.0,Multiple Observatories,Published Confirmed,0.0,<a refstr=CORREIA_ET_AL__2010 href=https://ui.adsabs.harvard.edu/abs/2010A%26A...511A..21C/abstract target=ref> Correia et al. 2010 </a>,61.065,0.012,-0.012,0.0,0.211,,,0.0,,,,,,,,,839.04,,,0.0,2.64,,,0.0,Mass,0.031,0.001,-0.001,0.0,,,,,,,,,0.0,<a refstr=CORREIA_ET_AL__2010 href=https://ui.adsabs.harvard.edu/abs/2010A%26A...511A..21C/abstract target=ref> Correia et al. 2010 </a>,M4 V,,,,,,,,,0.334,0.033,-0.033,0.0,0.05,0.2,-0.2,0.0,[Fe/H],,,,,<a refstr=STASSUN_ET_AL__2019 href=https://ui.adsabs.harvard.edu/abs/2019AJ....158..138S/abstract target=ref>TICv8</a>,22h53m17.75s,343.3239737,'-14d15m59.74s,-14.2665958,4.67517,0.00167,-0.00167,10.16,0.1,-0.1,5.01,0.021,-0.021,8.8753,0.00145,-0.00145,2014-08-27,2010-02,2014-08-27
112660,0,GJ 876 b,GJ 876,0.0,1.0,4.0,Radial Velocity,1998.0,Multiple Observatories,Published Confirmed,0.0,<a refstr=MARCY_ET_AL__1998 href=https://ui.adsabs.harvard.edu/abs/1998ApJ...505L.147M/abstract target=ref> Marcy et al. 1998 </a>,60.85,0.15,-0.15,0.0,0.21,0.01,-0.01,0.0,,,,,,,,,670.59,63.56,-63.56,0.0,2.11,0.2,-0.2,0.0,Msini,0.27,0.03,-0.03,0.0,,,,,,,,,0.0,<a refstr=STASSUN_ET_AL__2019 href=https://ui.adsabs.harvard.edu/abs/2019AJ....158..138S/abstract target=ref>TICv8</a>,,3271.0,157.0,-157.0,0.0,0.352224,0.01053,-0.01053,0.0,0.336778,0.020241,-0.020241,0.0,,,,,,4.87177,0.000398,-0.000398,0.0,<a refstr=STASSUN_ET_AL__2019 href=https://ui.adsabs.harvard.edu/abs/2019AJ....158..138S/abstract target=ref>TICv8</a>,22h53m17.75s,343.3239737,'-14d15m59.74s,-14.2665958,4.67517,0.00167,-0.00167,10.16,0.1,-0.1,5.01,0.021,-0.021,8.8753,0.00145,-0.00145,2014-08-27,1998-10,2014-08-27
112660,0,GJ 876 c,GJ 876,0.0,1.0,4.0,Radial Velocity,2000.0,Multiple Observatories,Published Confirmed,0.0,<a refstr=NELSON_ET_AL__2016 href=https://ui.adsabs.harvard.edu/abs/2016MNRAS.455.2484N/abstract target=ref>Nelson et al. 2016</a>,30.0784,0.0075,-0.0071,0.0,0.135989,2.3e-05,-2.1e-05,0.0,,,,,,,,,266.2,4.8,-4.3,0.0,0.83755467,0.01510241,-0.01352925,0.0,Mass,0.2531,0.0031,-0.0031,0.0,,,,,,,,,0.0,<a refstr=NELSON_ET_AL__2016 href=https://ui.adsabs.harvard.edu/abs/2016MNRAS.455.2484N/abstract target=ref>Nelson et al. 2016</a>,,,,,,,,,,0.37,,,0.0,,,,,,,,,,<a refstr=STASSUN_ET_AL__2019 href=https://ui.adsabs.harvard.edu/abs/2019AJ....158..138S/abstract target=ref>TICv8</a>,22h53m17.75s,343.3239737,'-14d15m59.74s,-14.2665958,4.67517,0.00167,-0.00167,10.16,0.1,-0.1,5.01,0.021,-0.021,8.8753,0.00145,-0.00145,2016-01-27,2016-01,2016-01-28
112660,0,GJ 876 c,GJ 876,0.0,1.0,4.0,Radial Velocity,2000.0,Multiple Observatories,Published Confirmed,0.0,<a refstr=MARCY_ET_AL__2001 href=https://ui.adsabs.harvard.edu/abs/2001ApJ...556..296M/abstract target=ref> Marcy et al. 2001 </a>,30.12,0.02,-0.02,0.0,0.13,,,0.0,,,,,,,,,177.98,28.6,-28.6,0.0,0.56,0.09,-0.09,0.0,Msini,0.27,0.04,-0.04,0.0,,,,,,,,,0.0,<a refstr=STASSUN_ET_AL__2019 href=https://ui.adsabs.harvard.edu/abs/2019AJ....158..138S/abstract target=ref>TICv8</a>,,3271.0,157.0,-157.0,0.0,0.352224,0.01053,-0.01053,0.0,0.336778,0.020241,-0.020241,0.0,,,,,,4.87177,0.000398,-0.000398,0.0,<a refstr=STASSUN_ET_AL__2019 href=https://ui.adsabs.harvard.edu/abs/2019AJ....158..138S/abstract target=ref>TICv8</a>,22h53m17.75s,343.3239737,'-14d15m59.74s,-14.2665958,4.67517,0.00167,-0.00167,10.16,0.1,-0.1,5.01,0.021,-0.021,8.8753,0.00145,-0.00145,2014-08-27,2001-07,2014-08-27
112660,0,GJ 876 c,GJ 876,0.0,1.0,4.0,Radial Velocity,2000.0,Multiple Observatories,Published Confirmed,0.0,<a refstr=RIVERA_ET_AL__2005 href=https://ui.adsabs.harvard.edu/abs/2005ApJ...634..625R/abstract target=ref> Rivera et al. 2005 </a>,30.455,0.019,-0.019,0.0,0.13065,5e-05,-5e-05,0.0,,,,,,,,,251.075,1.907,-1.907,0.0,0.79,0.006,-0.006,0.0,Mass,0.2632,0.0013,-0.0013,0.0,,,,,,,,,0.0,<a refstr=STASSUN_ET_AL__2019 href=https://ui.adsabs.harvard.edu/abs/2019AJ....158..138S/abstract target=ref>TICv8</a>,,3271.0,157.0,-157.0,0.0,0.352224,0.01053,-0.01053,0.0,0.336778,0.020241,-0.020241,0.0,,,,,,4.87177,0.000398,-0.000398,0.0,<a refstr=STASSUN_ET_AL__2019 href=https://ui.adsabs.harvard.edu/abs/2019AJ....158..138S/abstract target=ref>TICv8</a>,22h53m17.75s,343.3239737,'-14d15m59.74s,-14.2665958,4.67517,0.00167,-0.00167,10.16,0.1,-0.1,5.01,0.021,-0.021,8.8753,0.00145,-0.00145,2014-08-27,2005-11,2014-08-27
112660,0,GJ 876 c,GJ 876,0.0,1.0,4.0,Radial Velocity,2000.0,Multiple Observatories,Published Confirmed,0.0,<a refstr=TRIFONOV_ET_AL__2018 href=https://ui.adsabs.harvard.edu/abs/2018A&A...609A.117T/abstract target=ref>Trifonov et al. 2018</a>,30.126,0.011,-0.003,0.0,0.134,0.001,-0.001,0.0,,,,,,,,,281.74196543,0.81664338,-0.81664338,0.0,0.88645491,0.00256943,-0.00256943,0.0,Msin(i)/sin(i),0.25,0.001,-0.002,0.0,,,,,,,,,0.0,<a refstr=STASSUN_ET_AL__2019 href=https://ui.adsabs.harvard.edu/abs/2019AJ....158..138S/abstract target=ref>TICv8</a>,,3271.0,157.0,-157.0,0.0,0.352224,0.01053,-0.01053,0.0,0.336778,0.020241,-0.020241,0.0,,,,,,4.87177,0.000398,-0.000398,0.0,<a refstr=STASSUN_ET_AL__2019 href=https://ui.adsabs.harvard.edu/abs/2019AJ....158..138S/abstract target=ref>TICv8</a>,22h53m17.75s,343.3239737,'-14d15m59.74s,-14.2665958,4.67517,0.00167,-0.00167,10.16,0.1,-0.1,5.01,0.021,-0.021,8.8753,0.00145,-0.00145,2017-10-16,2018-02,2017-10-19
112660,1,GJ 876 c,GJ 876,1.0,1.0,4.0,Radial Velocity,2000.0,Multiple Observatories,Published Confirmed,0.0,<a refstr=RIVERA_ET_AL__2010 href=https://ui.adsabs.harvard.edu/abs/2010ApJ...719..890R/abstract target=ref> Rivera et al. 2010 </a>,30.0881,0.0082,-0.0082,0.0,0.12959,2.4e-05,-2.4e-05,0.0,,,,,,,,,226.9846,1.2395,-1.2395,0.0,0.7142,0.0039,-0.0039,0.0,Mass,0.25591,0.00093,-0.00093,0.0,,,,,,,,,0.0,<a refstr=RIVERA_ET_AL__2010 href=https://ui.adsabs.harvard.edu/abs/2010ApJ...719..890R/abstract target=ref> Rivera et al. 2010 </a>,,,,,,0.3,,,0.0,0.32,0.03,-0.03,0.0,,,,,,,,,,<a refstr=STASSUN_ET_AL__2019 href=https://ui.adsabs.harvard.edu/abs/2019AJ....158..138S/abstract target=ref>TICv8</a>,22h53m17.75s,343.3239737,'-14d15m59.74s,-14.2665958,4.67517,0.00167,-0.00167,10.16,0.1,-0.1,5.01,0.021,-0.021,8.8753,0.00145,-0.00145,2014-08-27,2010-08,2014-08-27
112660,0,GJ 876 c,GJ 876,0.0,1.0,4.0,Radial Velocity,2000.0,Multiple Observatories,Published Confirmed,0.0,<a refstr=CORREIA_ET_AL__2010 href=https://ui.adsabs.harvard.edu/abs/2010A%26A...511A..21C/abstract target=ref> Correia et al. 2010 </a>,30.259,0.01,-0.01,0.0,0.132,,,0.0,,,,,,,,,273.32,,,0.0,0.86,,,0.0,Mass,0.265,0.002,-0.002,0.0,,,,,,,,,0.0,<a refstr=CORREIA_ET_AL__2010 href=https://ui.adsabs.harvard.edu/abs/2010A%26A...511A..21C/abstract target=ref> Correia et al. 2010 </a>,M4 V,,,,,,,,,0.334,0.033,-0.033,0.0,0.05,0.2,-0.2,0.0,[Fe/H],,,,,<a refstr=STASSUN_ET_AL__2019 href=https://ui.adsabs.harvard.edu/abs/2019AJ....158..138S/abstract target=ref>TICv8</a>,22h53m17.75s,343.3239737,'-14d15m59.74s,-14.2665958,4.67517,0.00167,-0.00167,10.16,0.1,-0.1,5.01,0.021,-0.021,8.8753,0.00145,-0.00145,2014-08-27,2010-02,2014-08-27
112660,0,GJ 876 c,GJ 876,0.0,1.0,4.0,Radial Velocity,2000.0,Multiple Observatories,Published Confirmed,0.0,<a refstr=ROSENTHAL_ET_AL__2021 href=https://ui.adsabs.harvard.edu/abs/2021ApJS..255....8R/abstract target=ref>Rosenthal et al. 2021</a>,30.22902,0.00052,-0.00055,0.0,0.1363,0.0011,-0.0012,0.0,,,,,,,,,221.84422809,3.81394088,-4.13176929,0.0,0.698,0.012,-0.013,0.0,Msini,0.0069,0.0063,-0.005,0.0,,,,,,,,,0.0,<a refstr=ROSENTHAL_ET_AL__2021 href=https://ui.adsabs.harvard.edu/abs/2021ApJS..255....8R/abstract target=ref>Rosenthal et al. 2021</a>,,3293.74,48.39,-48.39,0.0,0.367,0.00802,-0.00802,0.0,0.369607,0.009251,-0.009251,0.0,0.2129,0.0637,-0.0637,0.0,[Fe/H],4.874911,0.011674,-0.011674,0.0,<a refstr=STASSUN_ET_AL__2019 href=https://ui.adsabs.harvard.edu/abs/2019AJ....158..138S/abstract target=ref>TICv8</a>,22h53m17.75s,343.3239737,'-14d15m59.74s,-14.2665958,4.67517,0.00167,-0.00167,10.16,0.1,-0.1,5.01,0.021,-0.021,8.8753,0.00145,-0.00145,2021-09-20,2021-07,2021-09-20
112660,0,GJ 876 d,GJ 876,0.0,1.0,4.0,Radial Velocity,2005.0,W. M. Keck Observatory,Published Confirmed,0.0,<a refstr=RIVERA_ET_AL__2005 href=https://ui.adsabs.harvard.edu/abs/2005ApJ...634..625R/abstract target=ref> Rivera et al. 2005 </a>,1.93774,6e-05,-6e-05,0.0,0.0208067,4e-07,-4e-07,0.0,,,,,,,,,7.53,0.7,-0.7,0.0,0.024,0.002,-0.002,0.0,Mass,0.0,,,0.0,,,,,,,,,0.0,<a refstr=STASSUN_ET_AL__2019 href=https://ui.adsabs.harvard.edu/abs/2019AJ....158..138S/abstract target=ref>TICv8</a>,,3271.0,157.0,-157.0,0.0,0.352224,0.01053,-0.01053,0.0,0.336778,0.020241,-0.020241,0.0,,,,,,4.87177,0.000398,-0.000398,0.0,<a refstr=STASSUN_ET_AL__2019 href=https://ui.adsabs.harvard.edu/abs/2019AJ....158..138S/abstract target=ref>TICv8</a>,22h53m17.75s,343.3239737,'-14d15m59.74s,-14.2665958,4.67517,0.00167,-0.00167,10.16,0.1,-0.1,5.01,0.021,-0.021,8.8753,0.00145,-0.00145,2014-08-27,2005-11,2014-08-27
112660,1,GJ 876 d,GJ 876,1.0,1.0,4.0,Radial Velocity,2005.0,W. M. Keck Observatory,Published Confirmed,0.0,<a refstr=RIVERA_ET_AL__2010 href=https://ui.adsabs.harvard.edu/abs/2010ApJ...719..890R/abstract target=ref> Rivera et al. 2010 </a>,1.93778,2e-05,-2e-05,0.0,0.02080665,1.5e-07,-1.5e-07,0.0,,,,,,,,,6.83,0.4,-0.4,0.0,0.021,0.001,-0.001,0.0,Mass,0.207,0.055,-0.055,0.0,,,,,,,,,0.0,<a refstr=RIVERA_ET_AL__2010 href=https://ui.adsabs.harvard.edu/abs/2010ApJ...719..890R/abstract target=ref> Rivera et al. 2010 </a>,,,,,,0.3,,,0.0,0.32,0.03,-0.03,0.0,,,,,,,,,,<a refstr=STASSUN_ET_AL__2019 href=https://ui.adsabs.harvard.edu/abs/2019AJ....158..138S/abstract target=ref>TICv8</a>,22h53m17.75s,343.3239737,'-14d15m59.74s,-14.2665958,4.67517,0.00167,-0.00167,10.16,0.1,-0.1,5.01,0.021,-0.021,8.8753,0.00145,-0.00145,2014-08-27,2010-08,2014-08-27
112660,0,GJ 876 d,GJ 876,0.0,1.0,4.0,Radial Velocity,2005.0,W. M. Keck Observatory,Published Confirmed,0.0,<a refstr=TRIFONOV_ET_AL__2018 href=https://ui.adsabs.harvard.edu/abs/2018A&A...609A.117T/abstract target=ref>Trifonov et al. 2018</a>,1.938,0.001,-0.001,0.0,0.021,0.001,-0.001,0.0,,,,,,,,,8.06143677,0.31499102,-0.31499102,0.0,0.02536399,0.00099107,-0.00099107,0.0,Msin(i)/sin(i),0.082,0.043,-0.025,0.0,,,,,,,,,0.0,<a refstr=STASSUN_ET_AL__2019 href=https://ui.adsabs.harvard.edu/abs/2019AJ....158..138S/abstract target=ref>TICv8</a>,,3271.0,157.0,-157.0,0.0,0.352224,0.01053,-0.01053,0.0,0.336778,0.020241,-0.020241,0.0,,,,,,4.87177,0.000398,-0.000398,0.0,<a refstr=STASSUN_ET_AL__2019 href=https://ui.adsabs.harvard.edu/abs/2019AJ....158..138S/abstract target=ref>TICv8</a>,22h53m17.75s,343.3239737,'-14d15m59.74s,-14.2665958,4.67517,0.00167,-0.00167,10.16,0.1,-0.1,5.01,0.021,-0.021,8.8753,0.00145,-0.00145,2017-10-16,2018-02,2017-10-19
112660,0,GJ 876 d,GJ 876,0.0,1.0,4.0,Radial Velocity,2005.0,W. M. Keck Observatory,Published Confirmed,0.0,<a refstr=CORREIA_ET_AL__2010 href=https://ui.adsabs.harvard.edu/abs/2010A%26A...511A..21C/abstract target=ref> Correia et al. 2010 </a>,1.93785,2e-05,-2e-05,0.0,0.021,,,0.0,,,,,,,,,7.4,,,0.0,0.02,,,0.0,Msin(i)/sin(i),0.124,0.032,-0.032,0.0,,,,,,,,,0.0,<a refstr=CORREIA_ET_AL__2010 href=https://ui.adsabs.harvard.edu/abs/2010A%26A...511A..21C/abstract target=ref> Correia et al. 2010 </a>,M4 V,,,,,,,,,0.334,0.033,-0.033,0.0,0.05,0.2,-0.2,0.0,[Fe/H],,,,,<a refstr=STASSUN_ET_AL__2019 href=https://ui.adsabs.harvard.edu/abs/2019AJ....158..138S/abstract target=ref>TICv8</a>,22h53m17.75s,343.3239737,'-14d15m59.74s,-14.2665958,4.67517,0.00167,-0.00167,10.16,0.1,-0.1,5.01,0.021,-0.021,8.8753,0.00145,-0.00145,2014-08-27,2010-02,2014-08-27
112660,0,GJ 876 d,GJ 876,0.0,1.0,4.0,Radial Velocity,2005.0,W. M. Keck Observatory,Published Confirmed,0.0,<a refstr=ROSENTHAL_ET_AL__2021 href=https://ui.adsabs.harvard.edu/abs/2021ApJS..255....8R/abstract target=ref>Rosenthal et al. 2021</a>,1.937916,2.7e-05,-3e-05,0.0,0.02183,0.00018,-0.00019,0.0,,,,,,,,,5.84804269,0.50852545,-0.47674261,0.0,0.0184,0.0016,-0.0015,0.0,Msini,0.273,0.093,-0.098,0.0,,,,,,,,,0.0,<a refstr=ROSENTHAL_ET_AL__2021 href=https://ui.adsabs.harvard.edu/abs/2021ApJS..255....8R/abstract target=ref>Rosenthal et al. 2021</a>,,3293.74,48.39,-48.39,0.0,0.367,0.00802,-0.00802,0.0,0.369607,0.009251,-0.009251,0.0,0.2129,0.0637,-0.0637,0.0,[Fe/H],4.874911,0.011674,-0.011674,0.0,<a refstr=STASSUN_ET_AL__2019 href=https://ui.adsabs.harvard.edu/abs/2019AJ....158..138S/abstract target=ref>TICv8</a>,22h53m17.75s,343.3239737,'-14d15m59.74s,-14.2665958,4.67517,0.00167,-0.00167,10.16,0.1,-0.1,5.01,0.021,-0.021,8.8753,0.00145,-0.00145,2022-05-09,2021-07,2022-05-09
112660,0,GJ 876 d,GJ 876,0.0,1.0,4.0,Radial Velocity,2005.0,W. M. Keck Observatory,Published Confirmed,0.0,<a refstr=KAMMER_ET_AL__2014 href=https://ui.adsabs.harvard.edu/abs/2014ApJ...781..103K/abstract target=ref>Kammer et al. 2014</a>,1.93778,2e-05,-2e-05,0.0,,,,,,,,,,,,,5.85,0.39,-0.39,0.0,0.01840607,0.00122707,-0.00122707,0.0,Msini,0.207,0.055,-0.055,0.0,,,,,,,,,0.0,<a refstr=STASSUN_ET_AL__2019 href=https://ui.adsabs.harvard.edu/abs/2019AJ....158..138S/abstract target=ref>TICv8</a>,,3271.0,157.0,-157.0,0.0,0.352224,0.01053,-0.01053,0.0,0.336778,0.020241,-0.020241,0.0,,,,,,4.87177,0.000398,-0.000398,0.0,<a refstr=STASSUN_ET_AL__2019 href=https://ui.adsabs.harvard.edu/abs/2019AJ....158..138S/abstract target=ref>TICv8</a>,22h53m17.75s,343.3239737,'-14d15m59.74s,-14.2665958,4.67517,0.00167,-0.00167,10.16,0.1,-0.1,5.01,0.021,-0.021,8.8753,0.00145,-0.00145,2015-04-24,2014-02,2015-04-24
112660,0,GJ 876 d,GJ 876,0.0,1.0,4.0,Radial Velocity,2005.0,W. M. Keck Observatory,Published Confirmed,0.0,<a refstr=NELSON_ET_AL__2016 href=https://ui.adsabs.harvard.edu/abs/2016MNRAS.455.2484N/abstract target=ref>Nelson et al. 2016</a>,1.937848,2.4e-05,-2.3e-05,0.0,0.02183911,1.9e-07,-1.8e-07,0.0,,,,,,,,,7.49,0.43,-0.41,0.0,0.02356606,0.00135292,-0.00129,0.0,Mass,0.119,0.05,-0.052,0.0,,,,,,,,,0.0,<a refstr=NELSON_ET_AL__2016 href=https://ui.adsabs.harvard.edu/abs/2016MNRAS.455.2484N/abstract target=ref>Nelson et al. 2016</a>,,,,,,,,,,0.37,,,0.0,,,,,,,,,,<a refstr=STASSUN_ET_AL__2019 href=https://ui.adsabs.harvard.edu/abs/2019AJ....158..138S/abstract target=ref>TICv8</a>,22h53m17.75s,343.3239737,'-14d15m59.74s,-14.2665958,4.67517,0.00167,-0.00167,10.16,0.1,-0.1,5.01,0.021,-0.021,8.8753,0.00145,-0.00145,2016-01-27,2016-01,2016-01-28
112660,0,GJ 876 e,GJ 876,0.0,1.0,4.0,Radial Velocity,2010.0,W. M. Keck Observatory,Published Confirmed,0.0,<a refstr=NELSON_ET_AL__2016 href=https://ui.adsabs.harvard.edu/abs/2016MNRAS.455.2484N/abstract target=ref>Nelson et al. 2016</a>,124.5,1.33,-1.33,0.0,0.3514,0.0025,-0.0025,0.0,,,,,,,,,16.58,1.96,-2.11,0.0,0.05216625,0.00616682,-0.00663877,0.0,Mass,0.031,0.03,-0.025,0.0,,,,,,,,,0.0,<a refstr=NELSON_ET_AL__2016 href=https://ui.adsabs.harvard.edu/abs/2016MNRAS.455.2484N/abstract target=ref>Nelson et al. 2016</a>,,,,,,,,,,0.37,,,0.0,,,,,,,,,,<a refstr=STASSUN_ET_AL__2019 href=https://ui.adsabs.harvard.edu/abs/2019AJ....158..138S/abstract target=ref>TICv8</a>,22h53m17.75s,343.3239737,'-14d15m59.74s,-14.2665958,4.67517,0.00167,-0.00167,10.16,0.1,-0.1,5.01,0.021,-0.021,8.8753,0.00145,-0.00145,2016-01-27,2016-01,2016-01-28
112660,1,GJ 876 e,GJ 876,1.0,1.0,4.0,Radial Velocity,2010.0,W. M. Keck Observatory,Published Confirmed,0.0,<a refstr=RIVERA_ET_AL__2010 href=https://ui.adsabs.harvard.edu/abs/2010ApJ...719..890R/abstract target=ref> Rivera et al. 2010 </a>,124.26,0.7,-0.7,0.0,0.3343,0.0013,-0.0013,0.0,,,,,,,,,14.6,1.7,-1.7,0.0,0.046,0.005,-0.005,0.0,Mass,0.055,0.012,-0.012,0.0,,,,,,,,,0.0,<a refstr=RIVERA_ET_AL__2010 href=https://ui.adsabs.harvard.edu/abs/2010ApJ...719..890R/abstract target=ref> Rivera et al. 2010 </a>,,,,,,0.3,,,0.0,0.32,0.03,-0.03,0.0,,,,,,,,,,<a refstr=STASSUN_ET_AL__2019 href=https://ui.adsabs.harvard.edu/abs/2019AJ....158..138S/abstract target=ref>TICv8</a>,22h53m17.75s,343.3239737,'-14d15m59.74s,-14.2665958,4.67517,0.00167,-0.00167,10.16,0.1,-0.1,5.01,0.021,-0.021,8.8753,0.00145,-0.00145,2014-08-27,2010-08,2014-08-27
112660,0,GJ 876 e,GJ 876,0.0,1.0,4.0,Radial Velocity,2010.0,W. M. Keck Observatory,Published Confirmed,0.0,<a refstr=TRIFONOV_ET_AL__2018 href=https://ui.adsabs.harvard.edu/abs/2018A&A...609A.117T/abstract target=ref>Trifonov et al. 2018</a>,124.4,0.3,-0.7,0.0,0.345,0.001,-0.002,0.0,,,,,,,,,18.00115332,1.50495708,-1.50495708,0.0,0.05663768,0.0047351,-0.0047351,0.0,Msin(i)/sin(i),0.04,0.021,-0.004,0.0,,,,,,,,,0.0,<a refstr=STASSUN_ET_AL__2019 href=https://ui.adsabs.harvard.edu/abs/2019AJ....158..138S/abstract target=ref>TICv8</a>,,3271.0,157.0,-157.0,0.0,0.352224,0.01053,-0.01053,0.0,0.336778,0.020241,-0.020241,0.0,,,,,,4.87177,0.000398,-0.000398,0.0,<a refstr=STASSUN_ET_AL__2019 href=https://ui.adsabs.harvard.edu/abs/2019AJ....158..138S/abstract target=ref>TICv8</a>,22h53m17.75s,343.3239737,'-14d15m59.74s,-14.2665958,4.67517,0.00167,-0.00167,10.16,0.1,-0.1,5.01,0.021,-0.021,8.8753,0.00145,-0.00145,2017-10-16,2018-02,2017-10-19
113687,1,GJ 887 b,GJ 887,1.0,1.0,4.0,Radial Velocity,2020.0,La Silla Observatory,Published Confirmed,0.0,<a refstr=HARTOGH_ET_AL_2026 href=https://ui.adsabs.harvard.edu/abs/2026A&A...707A..93H/abstract target=ref>Hartogh et al. 2026</a>,9.2619,0.0005,-0.0005,0.0,0.0683,0.0022,-0.0024,0.0,,,,,,,,,3.9,0.5,-0.5,0.0,0.01227077,0.00157318,-0.00157318,0.0,Msini,0.14,0.06,-0.06,0.0,7.8,1.3,-1.1,0.0,426.0,16.0,-16.0,0.0,0.0,<a refstr=HARTOGH_ET_AL_2026 href=https://ui.adsabs.harvard.edu/abs/2026A&A...707A..93H/abstract target=ref>Hartogh et al. 2026</a>,M1 V,3688.0,86.0,-86.0,0.0,0.468,0.022,-0.022,0.0,0.495,0.049,-0.049,0.0,-0.06,0.08,-0.08,0.0,[Fe/H],4.156,0.04,-0.038,0.0,<a refstr=STASSUN_ET_AL__2019 href=https://ui.adsabs.harvard.edu/abs/2019AJ....158..138S/abstract target=ref>TICv8</a>,23h06m00.66s,346.5027573,'-35d50m50.46s,-35.8473489,3.28679,0.00049,-0.00049,7.56,0.2,-0.2,3.465,0.2,-0.2,6.52199,0.000896,-0.000896,2026-02-26,2026-03,2026-02-26
113687,0,GJ 887 b,GJ 887,0.0,1.0,4.0,Radial Velocity,2020.0,La Silla Observatory,Published Confirmed,0.0,<a refstr=JEFFERS_ET_AL__2020 href=https://ui.adsabs.harvard.edu/abs/2020Sci...368.1477J/abstract target=ref>Jeffers et al. 2020</a>,9.262,0.001,-0.001,0.0,0.068,0.002,-0.002,0.0,,,,,,,,,4.2,0.6,-0.6,0.0,0.01321461,0.0018878,-0.0018878,0.0,Msini,0.0,,,0.0,7.95,0.2,-0.2,0.0,468.0,,,0.0,0.0,<a refstr=JEFFERS_ET_AL__2020 href=https://ui.adsabs.harvard.edu/abs/2020Sci...368.1477J/abstract target=ref>Jeffers et al. 2020</a>,M1 V,3688.0,86.0,-86.0,0.0,0.4712,0.086,-0.086,0.0,0.489,0.05,-0.05,0.0,-0.06,0.08,-0.08,0.0,[Fe/H],4.78,,,0.0,<a refstr=HIPPARCOS_AND_TYCHO_CATALOGS href=https://ui.adsabs.harvard.edu/abs/1997HIP...C......0E/abstract target=ref> Hipparcos and Tycho Catalogs </a>,23h05m52.04s,346.4668274,'-35d51m11.0s,-35.8530693,3.29,0.01,-0.01,,,,,,,,,,2020-07-02,2020-06,2020-07-09
113687,0,GJ 887 b,GJ 887,0.0,1.0,4.0,Radial Velocity,2020.0,La Silla Observatory,Published Confirmed,0.0,<a refstr=HARADA_ET_AL_2025 href=https://ui.adsabs.harvard.edu/abs/2025AJ....170..343H/abstract target=ref>Harada et al. 2025</a>,9.26177,0.00055,-0.00053,0.0,0.0751,0.0095,-0.013,0.0,,,,,,,,,6.9,2.1,-2.2,0.0,0.02170983,0.00660734,-0.00692197,0.0,Msini,0.083,0.085,-0.058,0.0,,,,,,,,,0.0,<a refstr=HARADA_ET_AL_2025 href=https://ui.adsabs.harvard.edu/abs/2025AJ....170..343H/abstract target=ref>Harada et al. 2025</a>,,3680.0,,,0.0,,,,,,,,,,,,,,,,,,<a refstr=STASSUN_ET_AL__2019 href=https://ui.adsabs.harvard.edu/abs/2019AJ....158..138S/abstract target=ref>TICv8</a>,23h06m00.66s,346.5027573,'-35d50m50.46s,-35.8473489,3.28679,0.00049,-0.00049,7.56,0.2,-0.2,3.465,0.2,-0.2,6.52199,0.000896,-0.000896,2026-02-12,2025-12,2026-02-12
113687,0,GJ 887 c,GJ 887,0.0,1.0,4.0,Radial Velocity,2020.0,La Silla Observatory,Published Confirmed,0.0,<a refstr=HARADA_ET_AL_2025 href=https://ui.adsabs.harvard.edu/abs/2025AJ....170..343H/abstract target=ref>Harada et al. 2025</a>,21.7952,0.0025,-0.0024,0.0,0.133,0.017,-0.022,0.0,,,,,,,,,10.2,3.0,-3.2,0.0,0.03209279,0.00943906,-0.01006833,0.0,Msini,0.265,0.076,-0.077,0.0,,,,,,,,,0.0,<a refstr=HARADA_ET_AL_2025 href=https://ui.adsabs.harvard.edu/abs/2025AJ....170..343H/abstract target=ref>Harada et al. 2025</a>,,3680.0,,,0.0,,,,,,,,,,,,,,,,,,<a refstr=STASSUN_ET_AL__2019 href=https://ui.adsabs.harvard.edu/abs/2019AJ....158..138S/abstract target=ref>TICv8</a>,23h06m00.66s,346.5027573,'-35d50m50.46s,-35.8473489,3.28679,0.00049,-0.00049,7.56,0.2,-0.2,3.465,0.2,-0.2,6.52199,0.000896,-0.000896,2026-02-12,2025-12,2026-02-12
113687,1,GJ 887 c,GJ 887,1.0,1.0,4.0,Radial Velocity,2020.0,La Silla Observatory,Published Confirmed,0.0,<a refstr=HARTOGH_ET_AL_2026 href=https://ui.adsabs.harvard.edu/abs/2026A&A...707A..93H/abstract target=ref>Hartogh et al. 2026</a>,21.784,0.004,-0.004,0.0,0.121,0.004,-0.005,0.0,,,,,,,,,6.5,1.0,-0.9,0.0,0.02045129,0.00314635,-0.00283172,0.0,Msini,0.17,0.06,-0.06,0.0,2.5,0.4,-0.4,0.0,320.0,13.0,-12.0,0.0,0.0,<a refstr=HARTOGH_ET_AL_2026 href=https://ui.adsabs.harvard.edu/abs/2026A&A...707A..93H/abstract target=ref>Hartogh et al. 2026</a>,M1 V,3688.0,86.0,-86.0,0.0,0.468,0.022,-0.022,0.0,0.495,0.049,-0.049,0.0,-0.06,0.08,-0.08,0.0,[Fe/H],4.156,0.04,-0.038,0.0,<a refstr=STASSUN_ET_AL__2019 href=https://ui.adsabs.harvard.edu/abs/2019AJ....158..138S/abstract target=ref>TICv8</a>,23h06m00.66s,346.5027573,'-35d50m50.46s,-35.8473489,3.28679,0.00049,-0.00049,7.56,0.2,-0.2,3.465,0.2,-0.2,6.52199,0.000896,-0.000896,2026-02-26,2026-03,2026-02-26
113687,0,GJ 887 c,GJ 887,0.0,1.0,4.0,Radial Velocity,2020.0,La Silla Observatory,Published Confirmed,0.0,<a refstr=JEFFERS_ET_AL__2020 href=https://ui.adsabs.harvard.edu/abs/2020Sci...368.1477J/abstract target=ref>Jeffers et al. 2020</a>,21.789,0.004,-0.005,0.0,0.12,0.004,-0.004,0.0,,,,,,,,,7.6,1.2,-1.2,0.0,0.02391215,0.0037756,-0.0037756,0.0,Msini,,,,,2.56,0.2,-0.2,0.0,352.0,,,0.0,0.0,<a refstr=JEFFERS_ET_AL__2020 href=https://ui.adsabs.harvard.edu/abs/2020Sci...368.1477J/abstract target=ref>Jeffers et al. 2020</a>,M1 V,3688.0,86.0,-86.0,0.0,0.4712,0.086,-0.086,0.0,0.489,0.05,-0.05,0.0,-0.06,0.08,-0.08,0.0,[Fe/H],4.78,,,0.0,<a refstr=HIPPARCOS_AND_TYCHO_CATALOGS href=https://ui.adsabs.harvard.edu/abs/1997HIP...C......0E/abstract target=ref> Hipparcos and Tycho Catalogs </a>,23h05m52.04s,346.4668274,'-35d51m11.0s,-35.8530693,3.29,0.01,-0.01,,,,,,,,,,2020-07-02,2020-06,2020-07-09
113687,1,GJ 887 d,GJ 887,1.0,1.0,4.0,Radial Velocity,2026.0,Multiple Observatories,Published Confirmed,0.0,<a refstr=HARTOGH_ET_AL_2026 href=https://ui.adsabs.harvard.edu/abs/2026A&A...707A..93H/abstract target=ref>Hartogh et al. 2026</a>,50.77,0.05,-0.05,0.0,0.212,0.007,-0.008,0.0,,,,,,,,,6.1,1.4,-1.4,0.0,0.01919275,0.00440489,-0.00440489,0.0,Msini,,,,,0.81,0.13,-0.12,0.0,241.0,10.0,-9.0,0.0,0.0,<a refstr=HARTOGH_ET_AL_2026 href=https://ui.adsabs.harvard.edu/abs/2026A&A...707A..93H/abstract target=ref>Hartogh et al. 2026</a>,M1 V,3688.0,86.0,-86.0,0.0,0.468,0.022,-0.022,0.0,0.495,0.049,-0.049,0.0,-0.06,0.08,-0.08,0.0,[Fe/H],4.156,0.04,-0.038,0.0,<a refstr=STASSUN_ET_AL__2019 href=https://ui.adsabs.harvard.edu/abs/2019AJ....158..138S/abstract target=ref>TICv8</a>,23h06m00.66s,346.5027573,'-35d50m50.46s,-35.8473489,3.28679,0.00049,-0.00049,7.56,0.2,-0.2,3.465,0.2,-0.2,6.52199,0.000896,-0.000896,2026-02-26,2026-03,2026-02-26
113687,1,GJ 887 e,GJ 887,1.0,1.0,4.0,Radial Velocity,2026.0,Multiple Observatories,Published Confirmed,0.0,<a refstr=HARTOGH_ET_AL_2026 href=https://ui.adsabs.harvard.edu/abs/2026A&A...707A..93H/abstract target=ref>Hartogh et al. 2026</a>,4.4249,0.00014,-0.00013,0.0,0.0417,0.0014,-0.0015,0.0,,,,,,,,,1.46,0.19,-0.18,0.0,0.00459367,0.00059781,-0.00056634,0.0,Msini,,,,,20.9,4.0,-2.9,0.0,544.0,21.0,-20.0,0.0,0.0,<a refstr=HARTOGH_ET_AL_2026 href=https://ui.adsabs.harvard.edu/abs/2026A&A...707A..93H/abstract target=ref>Hartogh et al. 2026</a>,M1 V,3688.0,86.0,-86.0,0.0,0.468,0.022,-0.022,0.0,0.495,0.049,-0.049,0.0,-0.06,0.08,-0.08,0.0,[Fe/H],4.156,0.04,-0.038,0.0,<a refstr=STASSUN_ET_AL__2019 href=https://ui.adsabs.harvard.edu/abs/2019AJ....158..138S/abstract target=ref>TICv8</a>,23h06m00.66s,346.5027573,'-35d50m50.46s,-35.8473489,3.28679,0.00049,-0.00049,7.56,0.2,-0.2,3.465,0.2,-0.2,6.52199,0.000896,-0.000896,2026-02-26,2026-03,2026-02-26
115766,1,GJ 896 A b,GJ 896 A,1.0,2.0,1.0,Astrometry,2022.0,Very Long Baseline Array,Published Confirmed,0.0,<a refstr=CURIEL_ET_AL__2022 href=https://ui.adsabs.harvard.edu/abs/2022AJ....164...93C/abstract target=ref>Curiel et al. 2022</a>,284.39,1.47,-1.47,0.0,0.63965,0.00067,-0.00067,0.0,,,,,,,,,718.29219982,181.16219199,-181.16219199,0.0,2.26,0.57,-0.57,0.0,Mass,0.35,0.19,-0.19,0.0,,,,,,,,,0.0,<a refstr=CURIEL_ET_AL__2022 href=https://ui.adsabs.harvard.edu/abs/2022AJ....164...93C/abstract target=ref>Curiel et al. 2022</a>,M3.5 V,,,,,,,,,0.43599,0.00092,-0.00092,0.0,,,,,,,,,,<a refstr=STASSUN_ET_AL__2019 href=https://ui.adsabs.harvard.edu/abs/2019AJ....158..138S/abstract target=ref>TICv8</a>,23h31m52.81s,352.9700384,'+19d56m13.20s,19.9370011,6.26022,0.003265,-0.003265,10.05,0.1,-0.1,5.326,0.018,-0.018,9.03758,0.000673,-0.000673,2022-09-14,2022-09,2022-09-14
118100,0,GJ 9066 c,GJ 9066,0.0,1.0,1.0,Radial Velocity,2020.0,Multiple Observatories,Published Confirmed,0.0,<a refstr=FENG_ET_AL__2020 href=https://ui.adsabs.harvard.edu/abs/2020ApJS..250...29F/abstract target=ref>Feng et al. 2020</a>,767.887,7.5,-7.5,0.0,0.87,0.04,-0.04,0.0,,,,,,,,,71.6,10.3,-10.3,0.0,0.22527766,0.03240726,-0.03240726,0.0,Msini,0.33,0.1,-0.1,0.0,,,,,,,,,0.0,<a refstr=FENG_ET_AL__2020 href=https://ui.adsabs.harvard.edu/abs/2020ApJS..250...29F/abstract target=ref>Feng et al. 2020</a>,M4.5 V,,,,,,,,,0.15,0.02,-0.02,0.0,,,,,,,,,,<a refstr=STASSUN_ET_AL__2019 href=https://ui.adsabs.harvard.edu/abs/2019AJ....158..138S/abstract target=ref>TICv8</a>,02h00m14.12s,30.0588307,'+13d02m39.54s,13.0443172,4.471,0.00215,-0.00215,12.71,0.2,-0.2,6.648,0.017,-0.017,10.6711,0.00094,-0.00094,2020-09-08,2020-10,2020-09-03
118100,1,GJ 9066 c,GJ 9066,1.0,1.0,1.0,Radial Velocity,2020.0,Multiple Observatories,Published Confirmed,0.0,<a refstr=QUIRRENBACH_ET_AL_2022 href=https://ui.adsabs.harvard.edu/abs/2022A&A...663A..48Q/abstract target=ref>Quirrenbach et al. 2022</a>,771.36,1.34,-1.23,0.0,0.88,0.02,-0.02,0.0,,,,,,,,,66.74396547,6.35656814,-6.35656814,0.0,0.21,0.02,-0.02,0.0,Msini,0.46,0.04,-0.04,0.0,,,,,,,,,0.0,<a refstr=QUIRRENBACH_ET_AL_2022 href=https://ui.adsabs.harvard.edu/abs/2022A&A...663A..48Q/abstract target=ref>Quirrenbach et al. 2022</a>,M5.0 V,3154.0,54.0,-54.0,0.0,0.164,0.005,-0.005,0.0,0.15,0.01,-0.01,0.0,-0.13,0.19,-0.19,0.0,[Fe/H],5.01,0.06,-0.06,0.0,<a refstr=STASSUN_ET_AL__2019 href=https://ui.adsabs.harvard.edu/abs/2019AJ....158..138S/abstract target=ref>TICv8</a>,02h00m14.12s,30.0588307,'+13d02m39.54s,13.0443172,4.471,0.00215,-0.00215,12.71,0.2,-0.2,6.648,0.017,-0.017,10.6711,0.00094,-0.00094,2022-05-03,2022-07,2022-05-03
86022,0,Gl 686 b,Gl 686,0.0,1.0,1.0,Radial Velocity,2018.0,Roque de los Muchachos Observatory,Published Confirmed,0.0,<a refstr=LALITHA_ET_AL__2019 href=https://ui.adsabs.harvard.edu/abs/2019A&A...627A.116L/abstract target=ref>Lalitha et al. 2019</a>,15.5314,0.0015,-0.0014,0.0,0.0917,0.0024,-0.0023,0.0,,,,,,,,,6.64,0.53,-0.54,0.0,0.02089167,0.00166756,-0.00169902,0.0,Msini,0.077,0.056,-0.058,0.0,,,,,,,,,0.0,<a refstr=LALITHA_ET_AL__2019 href=https://ui.adsabs.harvard.edu/abs/2019A&A...627A.116L/abstract target=ref>Lalitha et al. 2019</a>,M1.0 V,3654.0,51.0,-51.0,0.0,0.427,0.017,-0.017,0.0,0.426,0.033,-0.033,0.0,-0.22,0.16,-0.16,0.0,[Fe/H],4.88,0.07,-0.07,0.0,<a refstr=STASSUN_ET_AL__2019 href=https://ui.adsabs.harvard.edu/abs/2019AJ....158..138S/abstract target=ref>TICv8</a>,17h37m54.36s,264.4764878,'+18d35m45.42s,18.5959509,8.15728,0.00232,-0.00232,9.62,0.1,-0.1,5.572,0.02,-0.02,8.73899,0.000634,-0.000634,2020-12-10,2019-07,2019-06-13
86022,1,Gl 686 b,Gl 686,1.0,1.0,1.0,Radial Velocity,2018.0,Roque de los Muchachos Observatory,Published Confirmed,0.0,<a refstr=BURT_ET_AL__2021 href=https://ui.adsabs.harvard.edu/abs/2021AJ....161...10B/abstract target=ref>Burt et al. 2021</a>,15.53,0.0011,-0.0011,0.0,0.091,0.001,-0.001,0.0,,,,,,,,,6.624,0.432,-0.432,0.0,0.02084133,0.00135922,-0.00135922,0.0,Msini,0.05,0.03,-0.03,0.0,,,,,,,,,0.0,<a refstr=BURT_ET_AL__2021 href=https://ui.adsabs.harvard.edu/abs/2021AJ....161...10B/abstract target=ref>Burt et al. 2021</a>,,3656.0,51.0,-51.0,0.0,0.427,0.013,-0.013,0.0,0.426,0.017,-0.017,0.0,-0.23,0.16,-0.16,0.0,[Fe/H],4.87,0.07,-0.07,0.0,<a refstr=STASSUN_ET_AL__2019 href=https://ui.adsabs.harvard.edu/abs/2019AJ....158..138S/abstract target=ref>TICv8</a>,17h37m54.36s,264.4764878,'+18d35m45.42s,18.5959509,8.15728,0.00232,-0.00232,9.62,0.1,-0.1,5.572,0.02,-0.02,8.73899,0.000634,-0.000634,2020-12-10,2021-01,2020-12-17
86022,0,Gl 686 b,Gl 686,0.0,1.0,1.0,Radial Velocity,2018.0,Roque de los Muchachos Observatory,Published Confirmed,0.0,<a refstr=AFFER_ET_AL__2019 href=https://ui.adsabs.harvard.edu/abs/2019A&A...622A.193A/abstract target=ref>Affer et al. 2019</a>,15.53209,0.00166,-0.00167,0.0,0.091,0.004,-0.004,0.0,,,,,,,,,7.1,0.9,-0.9,0.0,0.02233899,0.0028317,-0.0028317,0.0,Msini,0.0,,,0.0,,,,,379.0,24.0,-25.0,0.0,0.0,<a refstr=AFFER_ET_AL__2019 href=https://ui.adsabs.harvard.edu/abs/2019A&A...622A.193A/abstract target=ref>Affer et al. 2019</a>,M1,3663.0,68.0,-68.0,0.0,0.42,0.05,-0.05,0.0,0.42,0.05,-0.05,0.0,-0.3,0.09,-0.09,0.0,[Fe/H],4.83,0.04,-0.04,0.0,<a refstr=STASSUN_ET_AL__2019 href=https://ui.adsabs.harvard.edu/abs/2019AJ....158..138S/abstract target=ref>TICv8</a>,17h37m54.36s,264.4764878,'+18d35m45.42s,18.5959509,8.15728,0.00232,-0.00232,9.62,0.1,-0.1,5.572,0.02,-0.02,8.73899,0.000634,-0.000634,2024-06-25,2019-02,2024-06-25
91484,1,Gl 725 A b,Gl 725 A,1.0,2.0,2.0,Radial Velocity,2025.0,Multiple Observatories,Published Confirmed,0.0,<a refstr=CORTES_ZULETA_ET_AL_2025 href=https://ui.adsabs.harvard.edu/abs/2025A&A...693A.164C/abstract target=ref>Cort&eacute;s-Zuleta et al. 2025</a>,11.2201,0.0051,-0.0051,0.0,0.068,0.001,-0.001,0.0,,,,,,,,,2.78,0.35,-0.35,0.0,0.00874686,0.00110122,-0.00110122,0.0,Msini,0.0,,,0.0,,,,,,,,,0.0,<a refstr=CORTES_ZULETA_ET_AL_2025 href=https://ui.adsabs.harvard.edu/abs/2025A&A...693A.164C/abstract target=ref>Cort&eacute;s-Zuleta et al. 2025</a>,M3,3433.0,68.0,-68.0,0.0,0.351,0.003,-0.003,0.0,0.33,0.008,-0.008,0.0,-0.19,0.13,-0.13,0.0,[Fe/H],4.87,0.01,-0.01,0.0,<a refstr=STASSUN_ET_AL__2019 href=https://ui.adsabs.harvard.edu/abs/2019AJ....158..138S/abstract target=ref>TICv8</a>,18h42m44.02s,280.6834312,'+59d38m17.19s,59.638109,3.5214,0.00078,-0.00078,8.94,0.1,-0.1,4.432,0.02,-0.02,7.84944,0.001262,-0.001262,2025-02-24,2025-01,2025-02-24
91487,1,Gl 725 B c,Gl 725 B,1.0,2.0,2.0,Radial Velocity,2026.0,Mauna Kea Observatory,Published Confirmed,0.0,<a refstr=OULD_ELHKIM_ET_AL_2026 href=https://ui.adsabs.harvard.edu/abs/2026A&A...705A.234O/abstract target=ref>Ould-Elhkim et al. 2026</a>,37.9,0.17,-0.17,0.0,0.139,0.004,-0.004,0.0,,,,,,,,,3.4,0.7,-0.7,0.0,0.0106976,0.00220245,-0.00220245,0.0,Msini,,,,,,,,,215.0,4.0,-4.0,0.0,0.0,<a refstr=OULD_ELHKIM_ET_AL_2026 href=https://ui.adsabs.harvard.edu/abs/2026A&A...705A.234O/abstract target=ref>Ould-Elhkim et al. 2026</a>,,3379.0,31.0,-31.0,0.0,0.28,0.005,-0.005,0.0,0.25,0.02,-0.02,0.0,-0.28,0.1,-0.1,0.0,[M/H],4.82,0.06,-0.06,0.0,<a refstr=STASSUN_ET_AL__2019 href=https://ui.adsabs.harvard.edu/abs/2019AJ....158..138S/abstract target=ref>TICv8</a>,18h42m46.88s,280.695353,'+59d37m37.42s,59.62706,6.842357,,,9.7,0.1,-0.1,5.0,0.023,-0.023,,,,2026-08-20,2026-01,2026-08-20
4847,1,Gliese 48 b,Gliese 48,1.0,1.0,1.0,Radial Velocity,2026.0,Multiple Observatories,Published Confirmed,0.0,<a refstr=CONZO_ET_AL_2026 href=https://ui.adsabs.harvard.edu/abs/2026OEJV..273....1C/abstract target=ref>Conzo et al. 2026</a>,39.6299,0.29,-0.29,0.0,0.1752,0.0011,-0.0011,0.0,,,,,,,,,8.11,1.63,-1.63,0.0,0.02551691,0.00512855,-0.00512855,0.0,Msini,0.0,,,0.0,0.89,,,0.0,271.0,,,0.0,0.0,<a refstr=CONZO_ET_AL_2026 href=https://ui.adsabs.harvard.edu/abs/2026OEJV..273....1C/abstract target=ref>Conzo et al. 2026</a>,M3.5 V,3450.0,50.0,-50.0,0.0,0.463,0.01,-0.01,0.0,0.47,0.01,-0.01,0.0,,,,,,,,,,<a refstr=STASSUN_ET_AL__2019 href=https://ui.adsabs.harvard.edu/abs/2019AJ....158..138S/abstract target=ref>TICv8</a>,01h02m37.98s,15.6582402,'+71d40m41.42s,71.6781735,8.23366,0.00232,-0.00232,9.98,0.1,-0.1,5.449,0.017,-0.017,8.93343,0.000565,-0.000565,2026-07-30,2026-06,2026-07-30
94466,0,HD 180617 b,HD 180617,0.0,2.0,1.0,Radial Velocity,2018.0,Calar Alto Observatory,Published Confirmed,0.0,<a refstr=KAMINSKI_ET_AL__2018 href=https://ui.adsabs.harvard.edu/abs/2018A&A...618A.115K/abstract target=ref>Kaminski et al. 2018</a>,105.9,0.09,-0.1,0.0,0.3357,0.0099,-0.01,0.0,,,,,,,,,12.2,1.0,-1.4,0.0,0.0383853,0.00314634,-0.00440487,0.0,Msini,0.16,0.05,-0.1,0.0,,,,,,,,,0.0,<a refstr=KAMINSKI_ET_AL__2018 href=https://ui.adsabs.harvard.edu/abs/2018A&A...618A.115K/abstract target=ref>Kaminski et al. 2018</a>,M2.5 V,3557.0,51.0,-51.0,0.0,0.453,0.019,-0.019,0.0,0.45,0.04,-0.04,0.0,0.0,0.16,-0.16,0.0,[Fe/H],4.86,0.07,-0.07,0.0,<a refstr=STASSUN_ET_AL__2019 href=https://ui.adsabs.harvard.edu/abs/2019AJ....158..138S/abstract target=ref>TICv8</a>,19h16m54.66s,289.2277322,'+05d09m47.38s,5.1631615,5.91059,0.00183,-0.00183,9.12,0.1,-0.1,4.673,0.02,-0.02,8.0976,0.00109,-0.00109,2020-12-10,2018-10,2019-06-13
94466,1,HD 180617 b,HD 180617,1.0,2.0,1.0,Radial Velocity,2018.0,Calar Alto Observatory,Published Confirmed,0.0,<a refstr=BURT_ET_AL__2021 href=https://ui.adsabs.harvard.edu/abs/2021AJ....161...10B/abstract target=ref>Burt et al. 2021</a>,105.911,0.109,-0.109,0.0,0.343,0.004,-0.004,0.0,,,,,,,,,12.214,1.05,-1.05,0.0,0.03842935,0.00330365,-0.00330365,0.0,Msini,0.101,0.053,-0.053,0.0,,,,,,,,,0.0,<a refstr=BURT_ET_AL__2021 href=https://ui.adsabs.harvard.edu/abs/2021AJ....161...10B/abstract target=ref>Burt et al. 2021</a>,,3534.0,51.0,-51.0,0.0,0.481,0.014,-0.014,0.0,0.484,0.019,-0.019,0.0,-0.04,0.16,-0.16,0.0,[Fe/H],4.9,0.07,-0.07,0.0,<a refstr=STASSUN_ET_AL__2019 href=https://ui.adsabs.harvard.edu/abs/2019AJ....158..138S/abstract target=ref>TICv8</a>,19h16m54.66s,289.2277322,'+05d09m47.38s,5.1631615,5.91059,0.00183,-0.00183,9.12,0.1,-0.1,4.673,0.02,-0.02,8.0976,0.00109,-0.00109,2020-12-10,2021-01,2020-12-17
99507,0,HD 192310 b,HD 192310,0.0,1.0,2.0,Radial Velocity,2011.0,La Silla Observatory,Published Confirmed,0.0,<a refstr=ROSENTHAL_ET_AL__2021 href=https://ui.adsabs.harvard.edu/abs/2021ApJS..255....8R/abstract target=ref>Rosenthal et al. 2021</a>,74.062,0.085,-0.085,0.0,0.3262,0.0036,-0.0037,0.0,,,,,,,,,14.33406116,2.0341018,-1.8751876,0.0,0.0451,0.0064,-0.0059,0.0,Msini,0.14,0.12,-0.093,0.0,,,,,,,,,0.0,<a refstr=ROSENTHAL_ET_AL__2021 href=https://ui.adsabs.harvard.edu/abs/2021ApJS..255....8R/abstract target=ref>Rosenthal et al. 2021</a>,,5181.11,63.09,-63.09,0.0,0.857922,0.015566,-0.015566,0.0,0.844324,0.028209,-0.028209,0.0,0.0807,0.0597,-0.0597,0.0,[Fe/H],4.493769,0.022491,-0.022491,0.0,<a refstr=STASSUN_ET_AL__2019 href=https://ui.adsabs.harvard.edu/abs/2019AJ....158..138S/abstract target=ref>TICv8</a>,20h15m18.83s,303.8284712,'-27d02m01.52s,-27.0337556,8.79687,0.00925,-0.00924,5.73,0.03,-0.03,3.501,0.232,-0.232,5.47661,0.0019526,-0.0019526,2021-09-20,2021-07,2021-09-20
99507,0,HD 192310 b,HD 192310,0.0,1.0,2.0,Radial Velocity,2011.0,La Silla Observatory,Published Confirmed,0.0,<a refstr=HARADA_ET_AL_2025 href=https://ui.adsabs.harvard.edu/abs/2025AJ....170..343H/abstract target=ref>Harada et al. 2025</a>,74.262,0.032,-0.032,0.0,0.3127,0.0055,-0.0057,0.0,,,,,,,,,13.64,0.73,-0.71,0.0,0.04291624,0.00229684,-0.00223391,0.0,Msini,0.03,0.03,-0.02,0.0,,,,,,,,,0.0,<a refstr=HARADA_ET_AL_2025 href=https://ui.adsabs.harvard.edu/abs/2025AJ....170..343H/abstract target=ref>Harada et al. 2025</a>,,5087.0,,,0.0,,,,,,,,,,,,,,,,,,<a refstr=STASSUN_ET_AL__2019 href=https://ui.adsabs.harvard.edu/abs/2019AJ....158..138S/abstract target=ref>TICv8</a>,20h15m18.83s,303.8284712,'-27d02m01.52s,-27.0337556,8.79687,0.00925,-0.00924,5.73,0.03,-0.03,3.501,0.232,-0.232,5.47661,0.0019526,-0.0019526,2026-02-12,2025-12,2026-02-12
99507,1,HD 192310 b,HD 192310,1.0,1.0,2.0,Radial Velocity,2011.0,La Silla Observatory,Published Confirmed,0.0,<a refstr=PEPE_ET_AL__2011 href=https://ui.adsabs.harvard.edu/abs/2011A%26A...534A..58P/abstract target=ref> Pepe et al. 2011 </a>,74.72,0.1,-0.1,0.0,0.32,0.005,-0.005,0.0,,,,,,,,,16.9,0.9,-0.9,0.0,0.0532,0.0028,-0.0028,0.0,Msin(i)/sin(i),0.13,0.04,-0.04,0.0,,,,,355.0,,,0.0,0.0,<a refstr=PEPE_ET_AL__2011 href=https://ui.adsabs.harvard.edu/abs/2011A%26A...534A..58P/abstract target=ref> Pepe et al. 2011 </a>,,5166.0,49.0,-49.0,0.0,,,,,0.8,,,0.0,-0.04,0.03,-0.03,0.0,[Fe/H],4.51,0.09,-0.09,0.0,<a refstr=STASSUN_ET_AL__2019 href=https://ui.adsabs.harvard.edu/abs/2019AJ....158..138S/abstract target=ref>TICv8</a>,20h15m18.83s,303.8284712,'-27d02m01.52s,-27.0337556,8.79687,0.00925,-0.00924,5.73,0.03,-0.03,3.501,0.232,-0.232,5.47661,0.0019526,-0.0019526,2015-07-01,2011-10,2015-07-02
99507,0,HD 192310 b,HD 192310,0.0,1.0,2.0,Radial Velocity,2011.0,La Silla Observatory,Published Confirmed,0.0,<a refstr=HOWARD_ET_AL__2011 href=https://ui.adsabs.harvard.edu/abs/2011ApJ...730...10H/abstract target=ref> Howard et al. 2011 </a>,74.39,0.12,-0.12,0.0,0.319,0.005,-0.005,0.0,,,,,,,,,21.6,2.0,-2.0,0.0,0.06796086,0.00629267,-0.00629267,0.0,Msini,0.3,0.09,-0.09,0.0,,,,,,,,,0.0,<a refstr=HOWARD_ET_AL__2011 href=https://ui.adsabs.harvard.edu/abs/2011ApJ...730...10H/abstract target=ref> Howard et al. 2011 </a>,,5144.0,50.0,-50.0,0.0,0.73,0.02,-0.02,0.0,0.85,0.02,-0.02,0.0,0.08,0.03,-0.03,0.0,[Fe/H],4.6,0.06,-0.06,0.0,<a refstr=STASSUN_ET_AL__2019 href=https://ui.adsabs.harvard.edu/abs/2019AJ....158..138S/abstract target=ref>TICv8</a>,20h15m18.83s,303.8284712,'-27d02m01.52s,-27.0337556,8.79687,0.00925,-0.00924,5.73,0.03,-0.03,3.501,0.232,-0.232,5.47661,0.0019526,-0.0019526,2015-04-16,2011-03,2015-04-16
99507,1,HD 192310 c,HD 192310,1.0,1.0,2.0,Radial Velocity,2011.0,La Silla Observatory,Published Confirmed,0.0,<a refstr=PEPE_ET_AL__2011 href=https://ui.adsabs.harvard.edu/abs/2011A%26A...534A..58P/abstract target=ref> Pepe et al. 2011 </a>,525.8,9.2,-9.2,0.0,1.18,0.025,-0.025,0.0,,,,,,,,,24.0,5.0,-5.0,0.0,0.076,0.016,-0.016,0.0,Msin(i)/sin(i),0.32,0.11,-0.11,0.0,,,,,185.0,,,0.0,0.0,<a refstr=PEPE_ET_AL__2011 href=https://ui.adsabs.harvard.edu/abs/2011A%26A...534A..58P/abstract target=ref> Pepe et al. 2011 </a>,,5166.0,49.0,-49.0,0.0,,,,,0.8,,,0.0,-0.04,0.03,-0.03,0.0,[Fe/H],4.51,0.09,-0.09,0.0,<a refstr=STASSUN_ET_AL__2019 href=https://ui.adsabs.harvard.edu/abs/2019AJ....158..138S/abstract target=ref>TICv8</a>,20h15m18.83s,303.8284712,'-27d02m01.52s,-27.0337556,8.79687,0.00925,-0.00924,5.73,0.03,-0.03,3.501,0.232,-0.232,5.47661,0.0019526,-0.0019526,2015-07-01,2011-10,2015-07-02
99507,0,HD 192310 c,HD 192310,0.0,1.0,2.0,Radial Velocity,2011.0,La Silla Observatory,Published Confirmed,0.0,<a refstr=HARADA_ET_AL_2025 href=https://ui.adsabs.harvard.edu/abs/2025AJ....170..343H/abstract target=ref>Harada et al. 2025</a>,546.5,3.4,-3.4,0.0,1.183,0.022,-0.022,0.0,,,,,,,,,14.3,1.2,-1.2,0.0,0.04499283,0.00377562,-0.00377562,0.0,Msini,0.053,0.061,-0.038,0.0,,,,,,,,,0.0,<a refstr=HARADA_ET_AL_2025 href=https://ui.adsabs.harvard.edu/abs/2025AJ....170..343H/abstract target=ref>Harada et al. 2025</a>,,5087.0,,,0.0,,,,,,,,,,,,,,,,,,<a refstr=STASSUN_ET_AL__2019 href=https://ui.adsabs.harvard.edu/abs/2019AJ....158..138S/abstract target=ref>TICv8</a>,20h15m18.83s,303.8284712,'-27d02m01.52s,-27.0337556,8.79687,0.00925,-0.00924,5.73,0.03,-0.03,3.501,0.232,-0.232,5.47661,0.0019526,-0.0019526,2026-02-12,2025-12,2026-02-12
15471,0,HD 20794 b,HD 20794,0.0,1.0,4.0,Radial Velocity,2011.0,La Silla Observatory,Published Confirmed,0.0,<a refstr=HARADA_ET_AL_2025 href=https://ui.adsabs.harvard.edu/abs/2025AJ....170..343H/abstract target=ref>Harada et al. 2025</a>,18.3159,0.0048,-0.005,0.0,0.1303,0.0029,-0.003,0.0,,,,,,,,,2.29,0.28,-0.27,0.0,0.00720515,0.00088098,-0.00084952,0.0,Msini,0.25,0.12,-0.14,0.0,,,,,,,,,0.0,<a refstr=HARADA_ET_AL_2025 href=https://ui.adsabs.harvard.edu/abs/2025AJ....170..343H/abstract target=ref>Harada et al. 2025</a>,,5432.0,,,0.0,,,,,,,,,,,,,,,,,,<a refstr=STASSUN_ET_AL__2019 href=https://ui.adsabs.harvard.edu/abs/2019AJ....158..138S/abstract target=ref>TICv8</a>,03h19m59.94s,49.9997666,'-43d03m59.95s,-43.0666533,6.00278,0.00854,-0.00851,4.26,0.03,-0.03,2.636,0.278,-0.278,4.06635,0.0051023,-0.0051023,2026-02-12,2025-12,2026-02-12
15471,0,HD 20794 b,HD 20794,0.0,1.0,4.0,Radial Velocity,2011.0,La Silla Observatory,Published Confirmed,0.0,<a refstr=PEPE_ET_AL__2011 href=https://ui.adsabs.harvard.edu/abs/2011A%26A...534A..58P/abstract target=ref> Pepe et al. 2011 </a>,18.315,0.008,-0.008,0.0,0.1207,0.002,-0.002,0.0,,,,,,,,,2.7,0.3,-0.3,0.0,0.0085,0.0009,-0.0009,0.0,Msin(i)/sin(i),0.0,,,0.0,,,,,660.0,,,0.0,0.0,<a refstr=PEPE_ET_AL__2011 href=https://ui.adsabs.harvard.edu/abs/2011A%26A...534A..58P/abstract target=ref> Pepe et al. 2011 </a>,G8 V,5401.0,17.0,-17.0,0.0,,,,,0.7,,,0.0,-0.4,0.01,-0.01,0.0,[Fe/H],4.22,0.11,-0.11,0.0,<a refstr=STASSUN_ET_AL__2019 href=https://ui.adsabs.harvard.edu/abs/2019AJ....158..138S/abstract target=ref>TICv8</a>,03h19m59.94s,49.9997666,'-43d03m59.95s,-43.0666533,6.00278,0.00854,-0.00851,4.26,0.03,-0.03,2.636,0.278,-0.278,4.06635,0.0051023,-0.0051023,2015-08-26,2011-10,2015-08-27
15471,1,HD 20794 b,HD 20794,1.0,1.0,4.0,Radial Velocity,2011.0,La Silla Observatory,Published Confirmed,0.0,<a refstr=NARI_ET_AL_2025 href=https://ui.adsabs.harvard.edu/abs/2025A&A...693A.297N/abstract target=ref>Nari et al. 2025</a>,18.314,0.0022,-0.0022,0.0,0.1257,0.00052,-0.00053,0.0,,,,,,,,,2.15,0.17,-0.17,0.0,0.00676466,0.00053488,-0.00053488,0.0,Msini,0.064,0.065,-0.046,0.0,,,,,,,,,0.0,<a refstr=NARI_ET_AL_2025 href=https://ui.adsabs.harvard.edu/abs/2025A&A...693A.297N/abstract target=ref>Nari et al. 2025</a>,G6 V,5368.0,64.0,-64.0,0.0,0.93,0.03,-0.03,0.0,0.79,0.01,-0.01,0.0,-0.42,0.02,-0.02,0.0,[Fe/H],4.39,0.03,-0.03,0.0,<a refstr=STASSUN_ET_AL__2019 href=https://ui.adsabs.harvard.edu/abs/2019AJ....158..138S/abstract target=ref>TICv8</a>,03h19m59.94s,49.9997666,'-43d03m59.95s,-43.0666533,6.00278,0.00854,-0.00851,4.26,0.03,-0.03,2.636,0.278,-0.278,4.06635,0.0051023,-0.0051023,2025-02-12,2025-01,2025-02-12
15471,0,HD 20794 b,HD 20794,0.0,1.0,4.0,Radial Velocity,2011.0,La Silla Observatory,Published Confirmed,0.0,<a refstr=FENG_ET_AL__2017 href=https://ui.adsabs.harvard.edu/abs/2017A&A...605A.103F/abstract target=ref>Feng et al. 2017</a>,18.33,0.01,-0.02,0.0,0.127,0.001,-0.001,0.0,,,,,,,,,2.82,0.1,-0.8,0.0,0.00887267,0.00031463,-0.00251707,0.0,Msini,0.27,0.04,-0.22,0.0,,,,,,,,,0.0,<a refstr=FENG_ET_AL__2017 href=https://ui.adsabs.harvard.edu/abs/2017A&A...605A.103F/abstract target=ref>Feng et al. 2017</a>,G8,,,,,,,,,0.813,0.018,-0.012,0.0,,,,,,,,,,<a refstr=STASSUN_ET_AL__2019 href=https://ui.adsabs.harvard.edu/abs/2019AJ....158..138S/abstract target=ref>TICv8</a>,03h19m59.94s,49.9997666,'-43d03m59.95s,-43.0666533,6.00278,0.00854,-0.00851,4.26,0.03,-0.03,2.636,0.278,-0.278,4.06635,0.0051023,-0.0051023,2017-06-06,2017-09,2017-06-08
15471,0,HD 20794 d,HD 20794,0.0,1.0,4.0,Radial Velocity,2011.0,La Silla Observatory,Published Confirmed,0.0,<a refstr=FENG_ET_AL__2017 href=https://ui.adsabs.harvard.edu/abs/2017A&A...605A.103F/abstract target=ref>Feng et al. 2017</a>,88.9,0.37,-0.41,0.0,0.364,0.004,-0.004,0.0,,,,,,,,,3.52,0.58,-1.01,0.0,0.0110751,0.00182487,-0.0031778,0.0,Msini,0.25,0.16,-0.21,0.0,,,,,,,,,0.0,<a refstr=FENG_ET_AL__2017 href=https://ui.adsabs.harvard.edu/abs/2017A&A...605A.103F/abstract target=ref>Feng et al. 2017</a>,G8,,,,,,,,,0.813,0.018,-0.012,0.0,,,,,,,,,,<a refstr=STASSUN_ET_AL__2019 href=https://ui.adsabs.harvard.edu/abs/2019AJ....158..138S/abstract target=ref>TICv8</a>,03h19m59.94s,49.9997666,'-43d03m59.95s,-43.0666533,6.00278,0.00854,-0.00851,4.26,0.03,-0.03,2.636,0.278,-0.278,4.06635,0.0051023,-0.0051023,2017-06-06,2017-09,2017-06-08
15471,0,HD 20794 d,HD 20794,0.0,1.0,4.0,Radial Velocity,2011.0,La Silla Observatory,Published Confirmed,0.0,<a refstr=HARADA_ET_AL_2025 href=https://ui.adsabs.harvard.edu/abs/2025AJ....170..343H/abstract target=ref>Harada et al. 2025</a>,89.77,0.17,-0.11,0.0,0.3761,0.0083,-0.0088,0.0,,,,,,,,,3.65,0.51,-0.5,0.0,0.01148418,0.00160464,-0.00157318,0.0,Msini,0.35,0.12,-0.12,0.0,,,,,,,,,0.0,<a refstr=HARADA_ET_AL_2025 href=https://ui.adsabs.harvard.edu/abs/2025AJ....170..343H/abstract target=ref>Harada et al. 2025</a>,,5432.0,,,0.0,,,,,,,,,,,,,,,,,,<a refstr=STASSUN_ET_AL__2019 href=https://ui.adsabs.harvard.edu/abs/2019AJ....158..138S/abstract target=ref>TICv8</a>,03h19m59.94s,49.9997666,'-43d03m59.95s,-43.0666533,6.00278,0.00854,-0.00851,4.26,0.03,-0.03,2.636,0.278,-0.278,4.06635,0.0051023,-0.0051023,2026-02-12,2025-12,2026-02-12
15471,1,HD 20794 d,HD 20794,1.0,1.0,4.0,Radial Velocity,2011.0,La Silla Observatory,Published Confirmed,0.0,<a refstr=NARI_ET_AL_2025 href=https://ui.adsabs.harvard.edu/abs/2025A&A...693A.297N/abstract target=ref>Nari et al. 2025</a>,89.68,0.1,-0.1,0.0,0.3625,0.0015,-0.0016,0.0,,,,,,,,,2.98,0.29,-0.29,0.0,0.00937613,0.00091244,-0.00091244,0.0,Msini,0.077,0.084,-0.055,0.0,,,,,,,,,0.0,<a refstr=NARI_ET_AL_2025 href=https://ui.adsabs.harvard.edu/abs/2025A&A...693A.297N/abstract target=ref>Nari et al. 2025</a>,G6 V,5368.0,64.0,-64.0,0.0,0.93,0.03,-0.03,0.0,0.79,0.01,-0.01,0.0,-0.42,0.02,-0.02,0.0,[Fe/H],4.39,0.03,-0.03,0.0,<a refstr=STASSUN_ET_AL__2019 href=https://ui.adsabs.harvard.edu/abs/2019AJ....158..138S/abstract target=ref>TICv8</a>,03h19m59.94s,49.9997666,'-43d03m59.95s,-43.0666533,6.00278,0.00854,-0.00851,4.26,0.03,-0.03,2.636,0.278,-0.278,4.06635,0.0051023,-0.0051023,2025-02-12,2025-01,2025-02-12
15471,0,HD 20794 d,HD 20794,0.0,1.0,4.0,Radial Velocity,2011.0,La Silla Observatory,Published Confirmed,0.0,<a refstr=PEPE_ET_AL__2011 href=https://ui.adsabs.harvard.edu/abs/2011A%26A...534A..58P/abstract target=ref> Pepe et al. 2011 </a>,90.309,0.184,-0.184,0.0,0.3499,0.0059,-0.0059,0.0,,,,,,,,,4.8,0.6,-0.6,0.0,0.015,0.002,-0.002,0.0,Msin(i)/sin(i),0.0,,,0.0,,,,,388.0,,,0.0,0.0,<a refstr=PEPE_ET_AL__2011 href=https://ui.adsabs.harvard.edu/abs/2011A%26A...534A..58P/abstract target=ref> Pepe et al. 2011 </a>,G8 V,5401.0,17.0,-17.0,0.0,,,,,0.7,,,0.0,-0.4,0.01,-0.01,0.0,[Fe/H],4.22,0.11,-0.11,0.0,<a refstr=STASSUN_ET_AL__2019 href=https://ui.adsabs.harvard.edu/abs/2019AJ....158..138S/abstract target=ref>TICv8</a>,03h19m59.94s,49.9997666,'-43d03m59.95s,-43.0666533,6.00278,0.00854,-0.00851,4.26,0.03,-0.03,2.636,0.278,-0.278,4.06635,0.0051023,-0.0051023,2015-08-26,2011-10,2015-08-27
15471,1,HD 20794 e,HD 20794,1.0,1.0,4.0,Radial Velocity,2017.0,La Silla Observatory,Published Confirmed,1.0,<a refstr=FENG_ET_AL__2017 href=https://ui.adsabs.harvard.edu/abs/2017A&A...605A.103F/abstract target=ref>Feng et al. 2017</a>,147.02,1.43,-0.91,0.0,0.509,0.006,-0.006,0.0,,,,,,,,,4.77,0.96,-0.86,0.0,0.01500802,0.00302048,-0.00270585,0.0,Msini,0.29,0.14,-0.18,0.0,,,,,,,,,0.0,<a refstr=FENG_ET_AL__2017 href=https://ui.adsabs.harvard.edu/abs/2017A&A...605A.103F/abstract target=ref>Feng et al. 2017</a>,G8,,,,,,,,,0.813,0.018,-0.012,0.0,,,,,,,,,,<a refstr=STASSUN_ET_AL__2019 href=https://ui.adsabs.harvard.edu/abs/2019AJ....158..138S/abstract target=ref>TICv8</a>,03h19m59.94s,49.9997666,'-43d03m59.95s,-43.0666533,6.00278,0.00854,-0.00851,4.26,0.03,-0.03,2.636,0.278,-0.278,4.06635,0.0051023,-0.0051023,2017-06-06,2017-09,2017-06-08
15471,1,HD 20794 f,HD 20794,1.0,1.0,4.0,Radial Velocity,2025.0,Multiple Observatories,Published Confirmed,0.0,<a refstr=NARI_ET_AL_2025 href=https://ui.adsabs.harvard.edu/abs/2025A&A...693A.297N/abstract target=ref>Nari et al. 2025</a>,647.6,2.5,-2.7,0.0,1.3541,0.0068,-0.0068,0.0,,,,,,,,,5.82,0.57,-0.57,0.0,0.01831177,0.00179342,-0.00179342,0.0,Msini,0.45,0.1,-0.11,0.0,,,,,,,,,0.0,<a refstr=NARI_ET_AL_2025 href=https://ui.adsabs.harvard.edu/abs/2025A&A...693A.297N/abstract target=ref>Nari et al. 2025</a>,G6 V,5368.0,64.0,-64.0,0.0,0.93,0.03,-0.03,0.0,0.79,0.01,-0.01,0.0,-0.42,0.02,-0.02,0.0,[Fe/H],4.39,0.03,-0.03,0.0,<a refstr=STASSUN_ET_AL__2019 href=https://ui.adsabs.harvard.edu/abs/2019AJ....158..138S/abstract target=ref>TICv8</a>,03h19m59.94s,49.9997666,'-43d03m59.95s,-43.0666533,6.00278,0.00854,-0.00851,4.26,0.03,-0.03,2.636,0.278,-0.278,4.06635,0.0051023,-0.0051023,2025-02-12,2025-01,2025-02-12
114260,0,HD 219134 b,HD 219134,0.0,1.0,6.0,Radial Velocity,2015.0,Roque de los Muchachos Observatory,Published Confirmed,0.0,<a refstr=ROSENTHAL_ET_AL__2021 href=https://ui.adsabs.harvard.edu/abs/2021ApJS..255....8R/abstract target=ref>Rosenthal et al. 2021</a>,3.092947,7.6e-05,-7.9e-05,0.0,0.03838,0.00044,-0.00044,0.0,,,,,,,,,4.13176929,0.31782841,-0.34961125,0.0,0.013,0.001,-0.0011,0.0,Msini,0.063,0.07,-0.045,0.0,,,,,,,,,0.0,<a refstr=ROSENTHAL_ET_AL__2021 href=https://ui.adsabs.harvard.edu/abs/2021ApJS..255....8R/abstract target=ref>Rosenthal et al. 2021</a>,,4817.14,62.04,-62.04,0.0,0.757466,0.012968,-0.012968,0.0,0.788484,0.026654,-0.026654,0.0,0.0834,0.0585,-0.0585,0.0,[Fe/H],4.574892,0.021159,-0.021159,0.0,<a refstr=STASSUN_ET_AL__2019 href=https://ui.adsabs.harvard.edu/abs/2019AJ....158..138S/abstract target=ref>TICv8</a>,23h13m20.93s,348.3372026,'+57d10m10.65s,57.1696255,6.53127,0.00384,-0.00385,5.56911,0.023,-0.023,3.261,0.304,-0.304,5.2402,0.0022257,-0.0022257,2022-05-09,2021-07,2022-05-09
114260,0,HD 219134 b,HD 219134,0.0,1.0,6.0,Radial Velocity,2015.0,Roque de los Muchachos Observatory,Published Confirmed,0.0,<a refstr=SEAGER_ET_AL__2021 href=https://ui.adsabs.harvard.edu/abs/2021AJ....161..117S/abstract target=ref>Seager et al. 2021</a>,3.09292,1.1e-05,-1.1e-05,0.0,0.03863,0.00062,-0.00062,0.0,1.533,0.097,-0.078,0.0,0.13676533,0.00865378,-0.00695871,0.0,,,,,,,,,,,,,,,,,,930.1,7.6,-7.6,0.0,0.0,<a refstr=SEAGER_ET_AL__2021 href=https://ui.adsabs.harvard.edu/abs/2021AJ....161..117S/abstract target=ref>Seager et al. 2021</a>,,4700.0,20.0,-20.0,0.0,0.778,0.005,-0.005,0.0,0.81,0.03,-0.03,0.0,0.11,0.04,-0.04,0.0,[Fe/H],4.567,0.018,-0.018,0.0,<a refstr=STASSUN_ET_AL__2019 href=https://ui.adsabs.harvard.edu/abs/2019AJ....158..138S/abstract target=ref>TICv8</a>,23h13m20.93s,348.3372026,'+57d10m10.65s,57.1696255,6.53127,0.00384,-0.00385,5.56911,0.023,-0.023,3.261,0.304,-0.304,5.2402,0.0022257,-0.0022257,2022-11-07,2021-03,2022-11-07
114260,0,HD 219134 b,HD 219134,0.0,1.0,6.0,Radial Velocity,2015.0,Roque de los Muchachos Observatory,TESS Project Candidate,0.0,<a refstr=EXOFOP href=https://exofop.ipac.caltech.edu/tess/view_toi.php target=ref>ExoFOP</a>,3.0929386,1.3e-06,-1.3e-06,0.0,,,,,1.28153171,0.31337672,-0.31337672,0.0,0.1143308,0.02795765,-0.02795765,0.0,,,,,,,,,,,,,,192.9305,,,0.0,950.54,,,0.0,0.0,<a refstr=EXOFOP href=https://exofop.ipac.caltech.edu/tess/view_toi.php target=ref>ExoFOP</a>,,4884.29,142.84,-142.84,0.0,0.750598,0.057535,-0.057535,0.0,,,,,,,,,,4.59034,0.099051,-0.099051,0.0,<a refstr=STASSUN_ET_AL__2019 href=https://ui.adsabs.harvard.edu/abs/2019AJ....158..138S/abstract target=ref>TICv8</a>,23h13m20.93s,348.3372026,'+57d10m10.65s,57.1696255,6.53127,0.00384,-0.00385,5.56911,0.023,-0.023,3.261,0.304,-0.304,5.2402,0.0022257,-0.0022257,2025-05-05,2017-07,2025-05-05
114260,0,HD 219134 b,HD 219134,0.0,1.0,6.0,Radial Velocity,2015.0,Roque de los Muchachos Observatory,Published Confirmed,0.0,<a refstr=HARADA_ET_AL_2025 href=https://ui.adsabs.harvard.edu/abs/2025AJ....170..343H/abstract target=ref>Harada et al. 2025</a>,3.092926,6.8e-05,-6.7e-05,0.0,0.03671,0.00086,-0.00091,0.0,,,,,,,,,3.73,0.34,-0.33,0.0,0.01173589,0.00106976,-0.0010383,0.0,Msini,0.121,0.084,-0.077,0.0,,,,,,,,,0.0,<a refstr=HARADA_ET_AL_2025 href=https://ui.adsabs.harvard.edu/abs/2025AJ....170..343H/abstract target=ref>Harada et al. 2025</a>,,4874.0,,,0.0,,,,,,,,,,,,,,,,,,<a refstr=STASSUN_ET_AL__2019 href=https://ui.adsabs.harvard.edu/abs/2019AJ....158..138S/abstract target=ref>TICv8</a>,23h13m20.93s,348.3372026,'+57d10m10.65s,57.1696255,6.53127,0.00384,-0.00385,5.56911,0.023,-0.023,3.261,0.304,-0.304,5.2402,0.0022257,-0.0022257,2026-02-12,2025-12,2026-02-12
114260,1,HD 219134 b,HD 219134,1.0,1.0,6.0,Radial Velocity,2015.0,Roque de los Muchachos Observatory,Published Confirmed,0.0,<a refstr=GILLON_ET_AL__2017 href=https://ui.adsabs.harvard.edu/abs/2017NatAs...1E..56G/abstract target=ref>Gillon et al. 2017</a>,3.092926,1e-05,-1e-05,0.0,0.03876,0.00047,-0.00047,0.0,1.602,0.055,-0.055,0.0,0.14292087,0.00490677,-0.00490677,0.0,4.74,0.19,-0.19,0.0,0.01491363,0.0005978,-0.0005978,0.0,Mass,0.0,,,0.0,176.2,5.5,-5.5,0.0,1015.0,8.0,-8.0,0.0,0.0,<a refstr=GILLON_ET_AL__2017 href=https://ui.adsabs.harvard.edu/abs/2017NatAs...1E..56G/abstract target=ref>Gillon et al. 2017</a>,,4699.0,16.0,-16.0,0.0,0.778,0.005,-0.005,0.0,0.81,0.03,-0.03,0.0,0.11,0.04,-0.04,0.0,[Fe/H],4.567,0.018,-0.018,0.0,<a refstr=STASSUN_ET_AL__2019 href=https://ui.adsabs.harvard.edu/abs/2019AJ....158..138S/abstract target=ref>TICv8</a>,23h13m20.93s,348.3372026,'+57d10m10.65s,57.1696255,6.53127,0.00384,-0.00385,5.56911,0.023,-0.023,3.261,0.304,-0.304,5.2402,0.0022257,-0.0022257,2017-03-14,2017-03,2017-03-16
114260,0,HD 219134 b,HD 219134,0.0,1.0,6.0,Radial Velocity,2015.0,Roque de los Muchachos Observatory,Published Confirmed,0.0,<a refstr=KOKORI_ET_AL__2023 href=https://ui.adsabs.harvard.edu/abs/2023ApJS..265....4K/abstract target=ref>Kokori et al. 2023</a>,3.0929338,1.7e-06,-1.7e-06,0.0,,,,,,,,,,,,,,,,,,,,,,,,,,,,,,,,,,0.0,<a refstr=MOTALEBI_ET_AL__2015 href=https://ui.adsabs.harvard.edu/abs/2015A&A...584A..72M/abstract target=ref>Motalebi et al. 2015</a>,K3 V,4699.0,16.0,-16.0,0.0,0.778,0.005,-0.005,0.0,0.78,0.02,-0.02,0.0,0.11,0.04,-0.04,0.0,[Fe/H],4.63,0.1,-0.1,0.0,<a refstr=STASSUN_ET_AL__2019 href=https://ui.adsabs.harvard.edu/abs/2019AJ....158..138S/abstract target=ref>TICv8</a>,23h13m20.93s,348.3372026,'+57d10m10.65s,57.1696255,6.53127,0.00384,-0.00385,5.56911,0.023,-0.023,3.261,0.304,-0.304,5.2402,0.0022257,-0.0022257,2024-03-04,2023-03,2024-03-04
114260,0,HD 219134 b,HD 219134,0.0,1.0,6.0,Radial Velocity,2015.0,Roque de los Muchachos Observatory,Published Confirmed,0.0,<a refstr=VOGT_ET_AL__2015 href=https://ui.adsabs.harvard.edu/abs/2015ApJ...814...12V/abstract target=ref>Vogt et al. 2015</a>,3.0931,0.0001,-0.0001,0.0,0.038474,8e-07,-8e-07,0.0,,,,,,,,,3.81396,0.31783,-0.31783,0.0,0.012,0.001,-0.001,0.0,Msini,0.0,,,0.0,,,,,,,,,0.0,<a refstr=VOGT_ET_AL__2015 href=https://ui.adsabs.harvard.edu/abs/2015ApJ...814...12V/abstract target=ref>Vogt et al. 2015</a>,K3 V,4913.0,,,0.0,0.77,0.02,-0.02,0.0,0.794,0.037,-0.022,0.0,0.08,,,0.0,[Fe/H],4.51,,,0.0,<a refstr=STASSUN_ET_AL__2019 href=https://ui.adsabs.harvard.edu/abs/2019AJ....158..138S/abstract target=ref>TICv8</a>,23h13m20.93s,348.3372026,'+57d10m10.65s,57.1696255,6.53127,0.00384,-0.00385,5.56911,0.023,-0.023,3.261,0.304,-0.304,5.2402,0.0022257,-0.0022257,2017-03-14,2015-11,2015-11-19
114260,0,HD 219134 b,HD 219134,0.0,1.0,6.0,Radial Velocity,2015.0,Roque de los Muchachos Observatory,Published Confirmed,0.0,<a refstr=MOTALEBI_ET_AL__2015 href=https://ui.adsabs.harvard.edu/abs/2015A&A...584A..72M/abstract target=ref>Motalebi et al. 2015</a>,3.0935,0.0003,-0.0003,0.0,0.0382,0.0003,-0.0003,0.0,1.606,0.086,-0.086,0.0,0.14327772,0.00767241,-0.00767241,0.0,4.3361199,0.44164184,-0.44164184,0.0,0.01364289,0.00138955,-0.00138955,0.0,Msin(i)/sin(i),0.02,0.12,0.0,0.0,,,,,,,,,0.0,<a refstr=MOTALEBI_ET_AL__2015 href=https://ui.adsabs.harvard.edu/abs/2015A&A...584A..72M/abstract target=ref>Motalebi et al. 2015</a>,K3 V,4699.0,16.0,-16.0,0.0,0.778,0.005,-0.005,0.0,0.78,0.02,-0.02,0.0,0.11,0.04,-0.04,0.0,[Fe/H],4.63,0.1,-0.1,0.0,<a refstr=STASSUN_ET_AL__2019 href=https://ui.adsabs.harvard.edu/abs/2019AJ....158..138S/abstract target=ref>TICv8</a>,23h13m20.93s,348.3372026,'+57d10m10.65s,57.1696255,6.53127,0.00384,-0.00385,5.56911,0.023,-0.023,3.261,0.304,-0.304,5.2402,0.0022257,-0.0022257,2017-03-14,2015-12,2016-01-28
114260,1,HD 219134 c,HD 219134,1.0,1.0,6.0,Radial Velocity,2015.0,Roque de los Muchachos Observatory,Published Confirmed,0.0,<a refstr=GILLON_ET_AL__2017 href=https://ui.adsabs.harvard.edu/abs/2017NatAs...1E..56G/abstract target=ref>Gillon et al. 2017</a>,6.76458,0.00033,-0.00033,0.0,0.0653,0.0008,-0.0008,0.0,1.511,0.047,-0.047,0.0,0.13480239,0.00419306,-0.00419306,0.0,4.36,0.22,-0.22,0.0,0.01371803,0.00069219,-0.00069219,0.0,Mass,0.062,0.039,-0.039,0.0,62.1,1.9,-1.9,0.0,782.0,6.0,-6.0,0.0,0.0,<a refstr=GILLON_ET_AL__2017 href=https://ui.adsabs.harvard.edu/abs/2017NatAs...1E..56G/abstract target=ref>Gillon et al. 2017</a>,,4699.0,16.0,-16.0,0.0,0.778,0.005,-0.005,0.0,0.81,0.03,-0.03,0.0,0.11,0.04,-0.04,0.0,[Fe/H],4.567,0.018,-0.018,0.0,<a refstr=STASSUN_ET_AL__2019 href=https://ui.adsabs.harvard.edu/abs/2019AJ....158..138S/abstract target=ref>TICv8</a>,23h13m20.93s,348.3372026,'+57d10m10.65s,57.1696255,6.53127,0.00384,-0.00385,5.56911,0.023,-0.023,3.261,0.304,-0.304,5.2402,0.0022257,-0.0022257,2017-03-14,2017-03,2017-03-16
114260,0,HD 219134 c,HD 219134,0.0,1.0,6.0,Radial Velocity,2015.0,Roque de los Muchachos Observatory,Published Confirmed,0.0,<a refstr=VOGT_ET_AL__2015 href=https://ui.adsabs.harvard.edu/abs/2015ApJ...814...12V/abstract target=ref>Vogt et al. 2015</a>,6.7635,0.0006,-0.0006,0.0,0.064816,4e-06,-4e-06,0.0,,,,,,,,,3.49613,0.63566,-0.63566,0.0,0.011,0.002,-0.002,0.0,Msini,0.0,,,0.0,,,,,,,,,0.0,<a refstr=VOGT_ET_AL__2015 href=https://ui.adsabs.harvard.edu/abs/2015ApJ...814...12V/abstract target=ref>Vogt et al. 2015</a>,K3 V,4913.0,,,0.0,0.77,0.02,-0.02,0.0,0.794,0.037,-0.022,0.0,0.08,,,0.0,[Fe/H],4.51,,,0.0,<a refstr=STASSUN_ET_AL__2019 href=https://ui.adsabs.harvard.edu/abs/2019AJ....158..138S/abstract target=ref>TICv8</a>,23h13m20.93s,348.3372026,'+57d10m10.65s,57.1696255,6.53127,0.00384,-0.00385,5.56911,0.023,-0.023,3.261,0.304,-0.304,5.2402,0.0022257,-0.0022257,2017-03-14,2015-11,2015-11-19
114260,0,HD 219134 c,HD 219134,0.0,1.0,6.0,Radial Velocity,2015.0,Roque de los Muchachos Observatory,TESS Project Candidate,0.0,<a refstr=EXOFOP href=https://exofop.ipac.caltech.edu/tess/view_toi.php target=ref>ExoFOP</a>,6.7650398,7.4e-06,-7.4e-06,0.0,,,,,1.39215,0.11279,-0.11279,0.0,0.12419952,0.01006247,-0.01006247,0.0,,,,,,,,,,,,,,64.6487,,,0.0,789.0,,,0.0,0.0,<a refstr=EXOFOP href=https://exofop.ipac.caltech.edu/tess/view_toi.php target=ref>ExoFOP</a>,,4884.29,142.84,-142.84,0.0,0.75,0.06,-0.06,0.0,,,,,,,,,,4.59034,0.099051,-0.099051,0.0,<a refstr=STASSUN_ET_AL__2019 href=https://ui.adsabs.harvard.edu/abs/2019AJ....158..138S/abstract target=ref>TICv8</a>,23h13m20.93s,348.3372026,'+57d10m10.65s,57.1696255,6.53127,0.00384,-0.00385,5.56911,0.023,-0.023,3.261,0.304,-0.304,5.2402,0.0022257,-0.0022257,2025-05-05,2017-07,2025-05-05
114260,0,HD 219134 c,HD 219134,0.0,1.0,6.0,Radial Velocity,2015.0,Roque de los Muchachos Observatory,Published Confirmed,0.0,<a refstr=MOTALEBI_ET_AL__2015 href=https://ui.adsabs.harvard.edu/abs/2015A&A...584A..72M/abstract target=ref>Motalebi et al. 2015</a>,6.767,0.004,-0.004,0.0,0.064,0.001,-0.001,0.0,,,,,,,,,2.78,0.61,-0.61,0.0,0.00874681,0.00191927,-0.00191927,0.0,Msini,0.08,0.45,-0.01,0.0,,,,,,,,,0.0,<a refstr=MOTALEBI_ET_AL__2015 href=https://ui.adsabs.harvard.edu/abs/2015A&A...584A..72M/abstract target=ref>Motalebi et al. 2015</a>,K3 V,4699.0,16.0,-16.0,0.0,0.778,0.005,-0.005,0.0,0.78,0.02,-0.02,0.0,0.11,0.04,-0.04,0.0,[Fe/H],4.63,0.1,-0.1,0.0,<a refstr=STASSUN_ET_AL__2019 href=https://ui.adsabs.harvard.edu/abs/2019AJ....158..138S/abstract target=ref>TICv8</a>,23h13m20.93s,348.3372026,'+57d10m10.65s,57.1696255,6.53127,0.00384,-0.00385,5.56911,0.023,-0.023,3.261,0.304,-0.304,5.2402,0.0022257,-0.0022257,2017-03-14,2015-12,2016-01-28
114260,0,HD 219134 c,HD 219134,0.0,1.0,6.0,Radial Velocity,2015.0,Roque de los Muchachos Observatory,Published Confirmed,0.0,<a refstr=HARADA_ET_AL_2025 href=https://ui.adsabs.harvard.edu/abs/2025AJ....170..343H/abstract target=ref>Harada et al. 2025</a>,6.76379,0.00059,-0.00057,0.0,0.0618,0.0015,-0.0015,0.0,,,,,,,,,3.12,0.42,-0.4,0.0,0.00981662,0.00132147,-0.00125854,0.0,Msini,0.18,0.13,-0.12,0.0,,,,,,,,,0.0,<a refstr=HARADA_ET_AL_2025 href=https://ui.adsabs.harvard.edu/abs/2025AJ....170..343H/abstract target=ref>Harada et al. 2025</a>,,4874.0,,,0.0,,,,,,,,,,,,,,,,,,<a refstr=STASSUN_ET_AL__2019 href=https://ui.adsabs.harvard.edu/abs/2019AJ....158..138S/abstract target=ref>TICv8</a>,23h13m20.93s,348.3372026,'+57d10m10.65s,57.1696255,6.53127,0.00384,-0.00385,5.56911,0.023,-0.023,3.261,0.304,-0.304,5.2402,0.0022257,-0.0022257,2026-02-12,2025-12,2026-02-12
114260,0,HD 219134 c,HD 219134,0.0,1.0,6.0,Radial Velocity,2015.0,Roque de los Muchachos Observatory,Published Confirmed,0.0,<a refstr=ROSENTHAL_ET_AL__2021 href=https://ui.adsabs.harvard.edu/abs/2021ApJS..255....8R/abstract target=ref>Rosenthal et al. 2021</a>,6.76406,0.00093,-0.00076,0.0,0.06466,0.00074,-0.00073,0.0,,,,,,,,,3.55967816,0.44495977,-0.44495977,0.0,0.0112,0.0014,-0.0014,0.0,Msini,0.16,0.12,-0.11,0.0,,,,,,,,,0.0,<a refstr=ROSENTHAL_ET_AL__2021 href=https://ui.adsabs.harvard.edu/abs/2021ApJS..255....8R/abstract target=ref>Rosenthal et al. 2021</a>,,4817.14,62.04,-62.04,0.0,0.757466,0.012968,-0.012968,0.0,0.788484,0.026654,-0.026654,0.0,0.0834,0.0585,-0.0585,0.0,[Fe/H],4.574892,0.021159,-0.021159,0.0,<a refstr=STASSUN_ET_AL__2019 href=https://ui.adsabs.harvard.edu/abs/2019AJ....158..138S/abstract target=ref>TICv8</a>,23h13m20.93s,348.3372026,'+57d10m10.65s,57.1696255,6.53127,0.00384,-0.00385,5.56911,0.023,-0.023,3.261,0.304,-0.304,5.2402,0.0022257,-0.0022257,2021-09-20,2021-07,2021-09-20
114260,0,HD 219134 c,HD 219134,0.0,1.0,6.0,Radial Velocity,2015.0,Roque de los Muchachos Observatory,Published Confirmed,0.0,<a refstr=SEAGER_ET_AL__2021 href=https://ui.adsabs.harvard.edu/abs/2021AJ....161..117S/abstract target=ref>Seager et al. 2021</a>,6.765149,3.3e-05,-3.6e-05,0.0,0.0652,0.001,-0.001,0.0,1.507,0.074,-0.06,0.0,0.13444577,0.00660185,-0.00535285,0.0,,,,,,,,,,,,,,,,,,715.9,5.8,-5.8,0.0,0.0,<a refstr=SEAGER_ET_AL__2021 href=https://ui.adsabs.harvard.edu/abs/2021AJ....161..117S/abstract target=ref>Seager et al. 2021</a>,,4700.0,20.0,-20.0,0.0,0.778,0.005,-0.005,0.0,0.81,0.03,-0.03,0.0,0.11,0.04,-0.04,0.0,[Fe/H],4.567,0.018,-0.018,0.0,<a refstr=STASSUN_ET_AL__2019 href=https://ui.adsabs.harvard.edu/abs/2019AJ....158..138S/abstract target=ref>TICv8</a>,23h13m20.93s,348.3372026,'+57d10m10.65s,57.1696255,6.53127,0.00384,-0.00385,5.56911,0.023,-0.023,3.261,0.304,-0.304,5.2402,0.0022257,-0.0022257,2022-11-07,2021-03,2022-11-07
114260,1,HD 219134 d,HD 219134,1.0,1.0,6.0,Radial Velocity,2015.0,Roque de los Muchachos Observatory,Published Confirmed,0.0,<a refstr=GILLON_ET_AL__2017 href=https://ui.adsabs.harvard.edu/abs/2017NatAs...1E..56G/abstract target=ref>Gillon et al. 2017</a>,46.859,0.028,-0.028,0.0,0.237,0.003,-0.003,0.0,1.61,0.02,-0.02,-1.0,0.14363458,0.00178428,-0.00178428,-1.0,16.17,0.64,-0.64,-1.0,0.05087625,0.00201366,-0.00201366,-1.0,Mass,0.138,0.025,-0.025,0.0,4.72,0.15,-0.15,0.0,410.5,3.2,-3.2,0.0,0.0,<a refstr=GILLON_ET_AL__2017 href=https://ui.adsabs.harvard.edu/abs/2017NatAs...1E..56G/abstract target=ref>Gillon et al. 2017</a>,,4699.0,16.0,-16.0,0.0,0.778,0.005,-0.005,0.0,0.81,0.03,-0.03,0.0,0.11,0.04,-0.04,0.0,[Fe/H],4.567,0.018,-0.018,0.0,<a refstr=STASSUN_ET_AL__2019 href=https://ui.adsabs.harvard.edu/abs/2019AJ....158..138S/abstract target=ref>TICv8</a>,23h13m20.93s,348.3372026,'+57d10m10.65s,57.1696255,6.53127,0.00384,-0.00385,5.56911,0.023,-0.023,3.261,0.304,-0.304,5.2402,0.0022257,-0.0022257,2017-03-14,2017-03,2017-03-16
114260,0,HD 219134 d,HD 219134,0.0,1.0,6.0,Radial Velocity,2015.0,Roque de los Muchachos Observatory,Published Confirmed,0.0,<a refstr=MOTALEBI_ET_AL__2015 href=https://ui.adsabs.harvard.edu/abs/2015A&A...584A..72M/abstract target=ref>Motalebi et al. 2015</a>,46.66,0.08,-0.08,0.0,0.233,0.002,-0.002,0.0,,,,,,,,,8.94,1.13,-1.13,0.0,0.02812824,0.00355536,-0.00355536,0.0,Msini,0.46,0.11,-0.11,0.0,,,,,,,,,0.0,<a refstr=MOTALEBI_ET_AL__2015 href=https://ui.adsabs.harvard.edu/abs/2015A&A...584A..72M/abstract target=ref>Motalebi et al. 2015</a>,K3 V,4699.0,16.0,-16.0,0.0,0.778,0.005,-0.005,0.0,0.78,0.02,-0.02,0.0,0.11,0.04,-0.04,0.0,[Fe/H],4.63,0.1,-0.1,0.0,<a refstr=STASSUN_ET_AL__2019 href=https://ui.adsabs.harvard.edu/abs/2019AJ....158..138S/abstract target=ref>TICv8</a>,23h13m20.93s,348.3372026,'+57d10m10.65s,57.1696255,6.53127,0.00384,-0.00385,5.56911,0.023,-0.023,3.261,0.304,-0.304,5.2402,0.0022257,-0.0022257,2017-03-14,2015-12,2016-01-28
114260,0,HD 219134 d,HD 219134,0.0,1.0,6.0,Radial Velocity,2015.0,Roque de los Muchachos Observatory,Published Confirmed,0.0,<a refstr=ROSENTHAL_ET_AL__2021 href=https://ui.adsabs.harvard.edu/abs/2021ApJS..255....8R/abstract target=ref>Rosenthal et al. 2021</a>,46.734,0.012,-0.012,0.0,0.2345,0.0027,-0.0027,0.0,,,,,,,,,16.3999458,1.0170509,-0.95348522,0.0,0.0516,0.0032,-0.003,0.0,Msini,0.077,0.055,-0.05,0.0,,,,,,,,,0.0,<a refstr=ROSENTHAL_ET_AL__2021 href=https://ui.adsabs.harvard.edu/abs/2021ApJS..255....8R/abstract target=ref>Rosenthal et al. 2021</a>,,4817.14,62.04,-62.04,0.0,0.757466,0.012968,-0.012968,0.0,0.788484,0.026654,-0.026654,0.0,0.0834,0.0585,-0.0585,0.0,[Fe/H],4.574892,0.021159,-0.021159,0.0,<a refstr=STASSUN_ET_AL__2019 href=https://ui.adsabs.harvard.edu/abs/2019AJ....158..138S/abstract target=ref>TICv8</a>,23h13m20.93s,348.3372026,'+57d10m10.65s,57.1696255,6.53127,0.00384,-0.00385,5.56911,0.023,-0.023,3.261,0.304,-0.304,5.2402,0.0022257,-0.0022257,2021-09-20,2021-07,2021-09-20
114260,0,HD 219134 d,HD 219134,0.0,1.0,6.0,Radial Velocity,2015.0,Roque de los Muchachos Observatory,Published Confirmed,0.0,<a refstr=HARADA_ET_AL_2025 href=https://ui.adsabs.harvard.edu/abs/2025AJ....170..343H/abstract target=ref>Harada et al. 2025</a>,46.743,0.01,-0.0098,0.0,0.2244,0.0053,-0.0055,0.0,,,,,,,,,15.5,1.1,-1.0,0.0,0.04876845,0.00346099,-0.00314635,0.0,Msini,0.048,0.044,-0.033,0.0,,,,,,,,,0.0,<a refstr=HARADA_ET_AL_2025 href=https://ui.adsabs.harvard.edu/abs/2025AJ....170..343H/abstract target=ref>Harada et al. 2025</a>,,4874.0,,,0.0,,,,,,,,,,,,,,,,,,<a refstr=STASSUN_ET_AL__2019 href=https://ui.adsabs.harvard.edu/abs/2019AJ....158..138S/abstract target=ref>TICv8</a>,23h13m20.93s,348.3372026,'+57d10m10.65s,57.1696255,6.53127,0.00384,-0.00385,5.56911,0.023,-0.023,3.261,0.304,-0.304,5.2402,0.0022257,-0.0022257,2026-02-12,2025-12,2026-02-12
114260,0,HD 219134 d,HD 219134,0.0,1.0,6.0,Radial Velocity,2015.0,Roque de los Muchachos Observatory,Published Confirmed,0.0,<a refstr=VOGT_ET_AL__2015 href=https://ui.adsabs.harvard.edu/abs/2015ApJ...814...12V/abstract target=ref>Vogt et al. 2015</a>,46.71,0.01,-0.01,0.0,0.23508,4e-05,-4e-05,0.0,,,,,,,,,21.29461,1.27132,-1.27132,0.0,0.067,0.004,-0.004,0.0,Msini,0.0,,,0.0,,,,,,,,,0.0,<a refstr=VOGT_ET_AL__2015 href=https://ui.adsabs.harvard.edu/abs/2015ApJ...814...12V/abstract target=ref>Vogt et al. 2015</a>,K3 V,4913.0,,,0.0,0.77,0.02,-0.02,0.0,0.794,0.037,-0.022,0.0,0.08,,,0.0,[Fe/H],4.51,,,0.0,<a refstr=STASSUN_ET_AL__2019 href=https://ui.adsabs.harvard.edu/abs/2019AJ....158..138S/abstract target=ref>TICv8</a>,23h13m20.93s,348.3372026,'+57d10m10.65s,57.1696255,6.53127,0.00384,-0.00385,5.56911,0.023,-0.023,3.261,0.304,-0.304,5.2402,0.0022257,-0.0022257,2017-03-14,2015-11,2015-11-19
114260,0,HD 219134 f,HD 219134,0.0,1.0,6.0,Radial Velocity,2015.0,Multiple Observatories,Published Confirmed,1.0,<a refstr=VOGT_ET_AL__2015 href=https://ui.adsabs.harvard.edu/abs/2015ApJ...814...12V/abstract target=ref>Vogt et al. 2015</a>,22.805,0.005,-0.005,0.0,0.14574,2e-05,-2e-05,0.0,,,,,,,,,8.89924,0.95349,-0.95349,0.0,0.028,0.003,-0.003,0.0,Msini,0.0,,,0.0,,,,,,,,,0.0,<a refstr=VOGT_ET_AL__2015 href=https://ui.adsabs.harvard.edu/abs/2015ApJ...814...12V/abstract target=ref>Vogt et al. 2015</a>,K3 V,4913.0,,,0.0,0.77,0.02,-0.02,0.0,0.794,0.037,-0.022,0.0,0.08,,,0.0,[Fe/H],4.51,,,0.0,<a refstr=STASSUN_ET_AL__2019 href=https://ui.adsabs.harvard.edu/abs/2019AJ....158..138S/abstract target=ref>TICv8</a>,23h13m20.93s,348.3372026,'+57d10m10.65s,57.1696255,6.53127,0.00384,-0.00385,5.56911,0.023,-0.023,3.261,0.304,-0.304,5.2402,0.0022257,-0.0022257,2017-03-14,2015-11,2015-11-19
114260,0,HD 219134 f,HD 219134,0.0,1.0,6.0,Radial Velocity,2015.0,Multiple Observatories,Published Confirmed,1.0,<a refstr=HARADA_ET_AL_2025 href=https://ui.adsabs.harvard.edu/abs/2025AJ....170..343H/abstract target=ref>Harada et al. 2025</a>,22.7931,0.0049,-0.0052,0.0,0.139,0.0033,-0.0034,0.0,,,,,,,,,6.43,0.66,-0.64,0.0,0.02023104,0.00207659,-0.00201367,0.0,Msini,0.063,0.069,-0.045,0.0,,,,,,,,,0.0,<a refstr=HARADA_ET_AL_2025 href=https://ui.adsabs.harvard.edu/abs/2025AJ....170..343H/abstract target=ref>Harada et al. 2025</a>,,4874.0,,,0.0,,,,,,,,,,,,,,,,,,<a refstr=STASSUN_ET_AL__2019 href=https://ui.adsabs.harvard.edu/abs/2019AJ....158..138S/abstract target=ref>TICv8</a>,23h13m20.93s,348.3372026,'+57d10m10.65s,57.1696255,6.53127,0.00384,-0.00385,5.56911,0.023,-0.023,3.261,0.304,-0.304,5.2402,0.0022257,-0.0022257,2026-02-12,2025-12,2026-02-12
114260,0,HD 219134 f,HD 219134,0.0,1.0,6.0,Radial Velocity,2015.0,Multiple Observatories,Published Confirmed,1.0,<a refstr=ROSENTHAL_ET_AL__2021 href=https://ui.adsabs.harvard.edu/abs/2021ApJS..255....8R/abstract target=ref>Rosenthal et al. 2021</a>,22.7945,0.0047,-0.0056,0.0,0.1453,0.0017,-0.0016,0.0,,,,,,,,,7.72323029,0.73100534,-0.6992225,0.0,0.0243,0.0023,-0.0022,0.0,Msini,0.072,0.078,-0.051,0.0,,,,,,,,,0.0,<a refstr=ROSENTHAL_ET_AL__2021 href=https://ui.adsabs.harvard.edu/abs/2021ApJS..255....8R/abstract target=ref>Rosenthal et al. 2021</a>,,4817.14,62.04,-62.04,0.0,0.757466,0.012968,-0.012968,0.0,0.788484,0.026654,-0.026654,0.0,0.0834,0.0585,-0.0585,0.0,[Fe/H],4.574892,0.021159,-0.021159,0.0,<a refstr=STASSUN_ET_AL__2019 href=https://ui.adsabs.harvard.edu/abs/2019AJ....158..138S/abstract target=ref>TICv8</a>,23h13m20.93s,348.3372026,'+57d10m10.65s,57.1696255,6.53127,0.00384,-0.00385,5.56911,0.023,-0.023,3.261,0.304,-0.304,5.2402,0.0022257,-0.0022257,2021-09-20,2021-07,2021-09-20
114260,1,HD 219134 f,HD 219134,1.0,1.0,6.0,Radial Velocity,2015.0,Multiple Observatories,Published Confirmed,1.0,<a refstr=GILLON_ET_AL__2017 href=https://ui.adsabs.harvard.edu/abs/2017NatAs...1E..56G/abstract target=ref>Gillon et al. 2017</a>,22.717,0.015,-0.015,0.0,0.1463,0.0018,-0.0018,0.0,1.31,0.02,-0.02,-1.0,0.11687037,0.00178428,-0.00178428,-1.0,7.3,0.4,-0.4,-1.0,0.02296825,0.00125853,-0.00125853,-1.0,Mass,0.148,0.047,-0.047,0.0,12.38,0.38,-0.38,0.0,522.6,4.1,-4.1,0.0,0.0,<a refstr=GILLON_ET_AL__2017 href=https://ui.adsabs.harvard.edu/abs/2017NatAs...1E..56G/abstract target=ref>Gillon et al. 2017</a>,,4699.0,16.0,-16.0,0.0,0.778,0.005,-0.005,0.0,0.81,0.03,-0.03,0.0,0.11,0.04,-0.04,0.0,[Fe/H],4.567,0.018,-0.018,0.0,<a refstr=STASSUN_ET_AL__2019 href=https://ui.adsabs.harvard.edu/abs/2019AJ....158..138S/abstract target=ref>TICv8</a>,23h13m20.93s,348.3372026,'+57d10m10.65s,57.1696255,6.53127,0.00384,-0.00385,5.56911,0.023,-0.023,3.261,0.304,-0.304,5.2402,0.0022257,-0.0022257,2017-03-14,2017-03,2017-03-16
114260,1,HD 219134 g,HD 219134,1.0,1.0,6.0,Radial Velocity,2015.0,Multiple Observatories,Published Confirmed,1.0,<a refstr=VOGT_ET_AL__2015 href=https://ui.adsabs.harvard.edu/abs/2015ApJ...814...12V/abstract target=ref>Vogt et al. 2015</a>,94.2,0.2,-0.2,0.0,0.3753,0.0004,-0.0004,0.0,,,,,,,,,10.80622,1.27132,-1.27132,0.0,0.034,0.004,-0.004,0.0,Msini,0.0,,,0.0,,,,,,,,,0.0,<a refstr=VOGT_ET_AL__2015 href=https://ui.adsabs.harvard.edu/abs/2015ApJ...814...12V/abstract target=ref>Vogt et al. 2015</a>,K3 V,4913.0,,,0.0,0.77,0.02,-0.02,0.0,0.794,0.037,-0.022,0.0,0.08,,,0.0,[Fe/H],4.51,,,0.0,<a refstr=STASSUN_ET_AL__2019 href=https://ui.adsabs.harvard.edu/abs/2019AJ....158..138S/abstract target=ref>TICv8</a>,23h13m20.93s,348.3372026,'+57d10m10.65s,57.1696255,6.53127,0.00384,-0.00385,5.56911,0.023,-0.023,3.261,0.304,-0.304,5.2402,0.0022257,-0.0022257,2015-11-18,2015-11,2015-11-19
114260,0,HD 219134 h,HD 219134,0.0,1.0,6.0,Radial Velocity,2015.0,Roque de los Muchachos Observatory,Published Confirmed,0.0,<a refstr=MOTALEBI_ET_AL__2015 href=https://ui.adsabs.harvard.edu/abs/2015A&A...584A..72M/abstract target=ref>Motalebi et al. 2015</a>,1842.0,4199.0,-292.0,0.0,2.56,3.41,-0.15,0.0,,,,,,,,,71.0,60.0,-2.0,0.0,0.22338986,0.18878017,-0.00629267,0.0,Msini,0.34,0.17,-0.17,0.0,,,,,,,,,0.0,<a refstr=MOTALEBI_ET_AL__2015 href=https://ui.adsabs.harvard.edu/abs/2015A&A...584A..72M/abstract target=ref>Motalebi et al. 2015</a>,K3 V,4699.0,16.0,-16.0,0.0,0.778,0.005,-0.005,0.0,0.78,0.02,-0.02,0.0,0.11,0.04,-0.04,0.0,[Fe/H],4.63,0.1,-0.1,0.0,<a refstr=STASSUN_ET_AL__2019 href=https://ui.adsabs.harvard.edu/abs/2019AJ....158..138S/abstract target=ref>TICv8</a>,23h13m20.93s,348.3372026,'+57d10m10.65s,57.1696255,6.53127,0.00384,-0.00385,5.56911,0.023,-0.023,3.261,0.304,-0.304,5.2402,0.0022257,-0.0022257,2016-01-27,2015-12,2016-01-28
114260,0,HD 219134 h,HD 219134,0.0,1.0,6.0,Radial Velocity,2015.0,Roque de los Muchachos Observatory,Published Confirmed,0.0,<a refstr=JOHNSON_ET_AL__2016 href=https://ui.adsabs.harvard.edu/abs/2016ApJ...821...74J/abstract target=ref>Johnson et al. 2016</a>,2146.0,64.0,-64.0,0.0,3.015,0.06,-0.06,0.0,,,,,,,,,76.2792,10.80622,-10.80622,0.0,0.24,0.034,-0.034,0.0,Msini,0.06,,,0.0,,,,,,,,,0.0,<a refstr=JOHNSON_ET_AL__2016 href=https://ui.adsabs.harvard.edu/abs/2016ApJ...821...74J/abstract target=ref>Johnson et al. 2016</a>,,,,,,,,,,0.794,,,0.0,,,,,,,,,,<a refstr=STASSUN_ET_AL__2019 href=https://ui.adsabs.harvard.edu/abs/2019AJ....158..138S/abstract target=ref>TICv8</a>,23h13m20.93s,348.3372026,'+57d10m10.65s,57.1696255,6.53127,0.00384,-0.00385,5.56911,0.023,-0.023,3.261,0.304,-0.304,5.2402,0.0022257,-0.0022257,2016-03-09,2016-04,2016-03-10
114260,1,HD 219134 h,HD 219134,1.0,1.0,6.0,Radial Velocity,2015.0,Roque de los Muchachos Observatory,Published Confirmed,0.0,<a refstr=VOGT_ET_AL__2015 href=https://ui.adsabs.harvard.edu/abs/2015ApJ...814...12V/abstract target=ref>Vogt et al. 2015</a>,2247.0,43.0,-43.0,0.0,3.11,0.04,-0.04,0.0,,,,,,,,,108.0622,6.3566,-6.3566,0.0,0.34,0.02,-0.02,0.0,Msini,0.06,0.04,-0.04,0.0,,,,,,,,,0.0,<a refstr=VOGT_ET_AL__2015 href=https://ui.adsabs.harvard.edu/abs/2015ApJ...814...12V/abstract target=ref>Vogt et al. 2015</a>,K3 V,4913.0,,,0.0,0.77,0.02,-0.02,0.0,0.794,0.037,-0.022,0.0,0.08,,,0.0,[Fe/H],4.51,,,0.0,<a refstr=STASSUN_ET_AL__2019 href=https://ui.adsabs.harvard.edu/abs/2019AJ....158..138S/abstract target=ref>TICv8</a>,23h13m20.93s,348.3372026,'+57d10m10.65s,57.1696255,6.53127,0.00384,-0.00385,5.56911,0.023,-0.023,3.261,0.304,-0.304,5.2402,0.0022257,-0.0022257,2015-11-18,2015-11,2015-11-19
114260,0,HD 219134 h,HD 219134,0.0,1.0,6.0,Radial Velocity,2015.0,Roque de los Muchachos Observatory,Published Confirmed,0.0,<a refstr=ROSENTHAL_ET_AL__2021 href=https://ui.adsabs.harvard.edu/abs/2021ApJS..255....8R/abstract target=ref>Rosenthal et al. 2021</a>,2104.0,16.0,-17.0,0.0,2.968,0.037,-0.037,0.0,,,,,,,,,97.89114936,4.4495977,-4.4495977,0.0,0.308,0.014,-0.014,0.0,Msini,0.025,0.027,-0.018,0.0,,,,,,,,,0.0,<a refstr=ROSENTHAL_ET_AL__2021 href=https://ui.adsabs.harvard.edu/abs/2021ApJS..255....8R/abstract target=ref>Rosenthal et al. 2021</a>,,4817.14,62.04,-62.04,0.0,0.757466,0.012968,-0.012968,0.0,0.788484,0.026654,-0.026654,0.0,0.0834,0.0585,-0.0585,0.0,[Fe/H],4.574892,0.021159,-0.021159,0.0,<a refstr=STASSUN_ET_AL__2019 href=https://ui.adsabs.harvard.edu/abs/2019AJ....158..138S/abstract target=ref>TICv8</a>,23h13m20.93s,348.3372026,'+57d10m10.65s,57.1696255,6.53127,0.00384,-0.00385,5.56911,0.023,-0.023,3.261,0.304,-0.304,5.2402,0.0022257,-0.0022257,2021-09-20,2021-07,2021-09-20
114260,0,HD 219134 h,HD 219134,0.0,1.0,6.0,Radial Velocity,2015.0,Roque de los Muchachos Observatory,Published Confirmed,0.0,<a refstr=HARADA_ET_AL_2025 href=https://ui.adsabs.harvard.edu/abs/2025AJ....170..343H/abstract target=ref>Harada et al. 2025</a>,2090.0,14.0,-14.0,0.0,2.828,0.068,-0.071,0.0,,,,,,,,,88.0,5.4,-5.3,0.0,0.27687896,0.0169903,-0.01667566,0.0,Msini,0.05,0.03,-0.03,0.0,,,,,,,,,0.0,<a refstr=HARADA_ET_AL_2025 href=https://ui.adsabs.harvard.edu/abs/2025AJ....170..343H/abstract target=ref>Harada et al. 2025</a>,,4874.0,,,0.0,,,,,,,,,,,,,,,,,,<a refstr=STASSUN_ET_AL__2019 href=https://ui.adsabs.harvard.edu/abs/2019AJ....158..138S/abstract target=ref>TICv8</a>,23h13m20.93s,348.3372026,'+57d10m10.65s,57.1696255,6.53127,0.00384,-0.00385,5.56911,0.023,-0.023,3.261,0.304,-0.304,5.2402,0.0022257,-0.0022257,2026-02-12,2025-12,2026-02-12
53879,0,HD 95735 c,GJ 411,0.0,1.0,2.0,Radial Velocity,2021.0,Multiple Observatories,Published Confirmed,0.0,<a refstr=HARADA_ET_AL_2025 href=https://ui.adsabs.harvard.edu/abs/2025AJ....170..343H/abstract target=ref>Harada et al. 2025</a>,2801.0,83.0,-80.0,0.0,2.77,0.16,-0.17,0.0,,,,,,,,,18.7,3.1,-3.0,0.0,0.05883678,0.00975369,-0.00943906,0.0,Msini,0.09,0.083,-0.062,0.0,,,,,,,,,0.0,<a refstr=HARADA_ET_AL_2025 href=https://ui.adsabs.harvard.edu/abs/2025AJ....170..343H/abstract target=ref>Harada et al. 2025</a>,,3601.0,,,0.0,,,,,,,,,,,,,,,,,,<a refstr=STASSUN_ET_AL__2019 href=https://ui.adsabs.harvard.edu/abs/2019AJ....158..138S/abstract target=ref>TICv8</a>,11h03m20.27s,165.834471,'+35d58m20.34s,35.972317,5.675773,0.0059099,-0.0059099,7.49,0.1,-0.1,3.501,0.352,-0.352,,,,2026-02-12,2025-12,2026-02-12
53879,1,HD 95735 c,GJ 411,1.0,1.0,2.0,Radial Velocity,2021.0,Multiple Observatories,Published Confirmed,0.0,<a refstr=HURT_ET_AL__2022 href=https://ui.adsabs.harvard.edu/abs/2022AJ....163..218H/abstract target=ref>Hurt et al. 2022</a>,2946.0,210.0,-180.0,0.0,2.94,0.14,-0.12,0.0,,,,,,,,,13.6,2.4,-2.3,0.0,0.04279039,0.00755124,-0.00723661,0.0,Msini,0.132,0.16,-0.091,0.0,,,,,,,,,0.0,<a refstr=HURT_ET_AL__2022 href=https://ui.adsabs.harvard.edu/abs/2022AJ....163..218H/abstract target=ref>Hurt et al. 2022</a>,,3719.0,21.0,-31.0,0.0,0.3685,0.0081,-0.0054,0.0,0.3899,0.0106,-0.0061,0.0,-0.3621,0.0872,-0.0687,0.0,[Fe/H],4.895,0.008,-0.01,0.0,<a refstr=STASSUN_ET_AL__2019 href=https://ui.adsabs.harvard.edu/abs/2019AJ....158..138S/abstract target=ref>TICv8</a>,11h03m20.27s,165.834471,'+35d58m20.34s,35.972317,5.675773,0.0059099,-0.0059099,7.49,0.1,-0.1,3.501,0.352,-0.352,,,,2022-05-24,2022-05,2022-05-24
53879,0,HD 95735 c,GJ 411,0.0,1.0,2.0,Radial Velocity,2021.0,Multiple Observatories,Published Confirmed,0.0,<a refstr=ROSENTHAL_ET_AL__2021 href=https://ui.adsabs.harvard.edu/abs/2021ApJS..255....8R/abstract target=ref>Rosenthal et al. 2021</a>,3190.0,200.0,-170.0,0.0,3.1,0.13,-0.11,0.0,,,,,,,,,18.05265352,2.8922385,-2.63797578,0.0,0.0568,0.0091,-0.0083,0.0,Msini,0.14,0.16,-0.095,0.0,,,,,,,,,0.0,<a refstr=ROSENTHAL_ET_AL__2021 href=https://ui.adsabs.harvard.edu/abs/2021ApJS..255....8R/abstract target=ref>Rosenthal et al. 2021</a>,,3719.95,28.3,-28.3,0.0,0.369083,0.006667,-0.006667,0.0,0.391846,0.008168,-0.008168,0.0,-0.3612,0.0817,-0.0817,0.0,[Fe/H],4.89504,0.008878,-0.008878,0.0,<a refstr=STASSUN_ET_AL__2019 href=https://ui.adsabs.harvard.edu/abs/2019AJ....158..138S/abstract target=ref>TICv8</a>,11h03m20.27s,165.834471,'+35d58m20.34s,35.972317,5.675773,0.0059099,-0.0059099,7.49,0.1,-0.1,3.501,0.352,-0.352,,,,2021-09-20,2021-07,2021-09-20
71027,1,HN Lib b,HN Lib,1.0,1.0,1.0,Radial Velocity,2023.0,Calar Alto Observatory,Published Confirmed,0.0,<a refstr=GONZ_AACUTE_LEZ__AACUTE_LVAREZ_ET_AL__2023 href=https://ui.adsabs.harvard.edu/abs/2023A&A...675A.141G/abstract target=ref>Gonz&aacute;lez-&Aacute;lvarez et al. 2023</a>,36.116,0.027,-0.029,0.0,0.1417,0.0023,-0.0023,0.0,,,,,,,,,5.46,0.75,-0.75,0.0,0.01717908,0.00235976,-0.00235976,0.0,Msini,0.079,0.09,-0.055,0.0,0.503,0.018,-0.016,0.0,234.4,5.5,-5.3,0.0,0.0,<a refstr=GONZ_AACUTE_LEZ__AACUTE_LVAREZ_ET_AL__2023 href=https://ui.adsabs.harvard.edu/abs/2023A&A...675A.141G/abstract target=ref>Gonz&aacute;lez-&Aacute;lvarez et al. 2023</a>,M4.0 V,3347.0,50.0,-50.0,0.0,0.299,0.009,-0.009,0.0,0.291,0.013,-0.013,0.0,-0.18,0.15,-0.15,0.0,[Fe/H],4.76,0.13,-0.13,0.0,<a refstr=STASSUN_ET_AL__2019 href=https://ui.adsabs.harvard.edu/abs/2019AJ....158..138S/abstract target=ref>TICv8</a>,14h34m16.44s,218.5684823,'-12d31m01.22s,-12.5170062,6.24442,0.004455,-0.004455,11.311,0.026,-0.026,5.939,0.034,-0.034,9.87882,0.001708,-0.001708,2023-08-07,2023-07,2023-08-07
24129,1,Kapteyn c,Kapteyn,1.0,1.0,1.0,Radial Velocity,2014.0,Multiple Observatories,Published Confirmed,1.0,<a refstr=ANGLADA_ESCUD_EACUTE__ET_AL__2014 href=https://ui.adsabs.harvard.edu/abs/2014MNRAS.443L..89A/abstract target=ref> Anglada-Escud&eacute; et al. 2014</a>,121.54,0.25,-0.25,0.0,0.311,0.038,-0.014,0.0,,,,,,,,,7.0,1.2,-1.0,0.0,0.022,0.004,-0.003,0.0,Msini,0.23,0.1,-0.12,0.0,,,,,,,,,0.0,<a refstr=ANGLADA_ESCUD_EACUTE__ET_AL__2014 href=https://ui.adsabs.harvard.edu/abs/2014MNRAS.443L..89A/abstract target=ref> Anglada-Escud&eacute; et al. 2014</a>,,3550.0,50.0,-50.0,0.0,0.291,0.025,-0.025,0.0,0.281,0.014,-0.014,0.0,-0.89,,,0.0,[M/H],,,,,<a refstr=STASSUN_ET_AL__2019 href=https://ui.adsabs.harvard.edu/abs/2019AJ....158..138S/abstract target=ref>TICv8</a>,05h11m50.08s,77.9586613,'-45d02m34.87s,-45.0430198,3.93305,0.00041,-0.00041,8.86,0.1,-0.1,5.049,0.021,-0.021,8.06198,0.000588,-0.000588,2014-06-04,2014-09,2014-06-04
70666,0,Proxima Cen b,Proxima Cen,0.0,3.0,2.0,Radial Velocity,2016.0,European Southern Observatory,Published Confirmed,0.0,<a refstr=ANGLADA_ESCUD_EACUTE__ET_AL__2016 href=https://ui.adsabs.harvard.edu/abs/2016Natur.536..437A/abstract target=ref>Anglada-Escud&eacute; et al. 2016</a>,11.186,0.001,-0.002,0.0,0.0485,0.0041,-0.0051,0.0,,,,,,,,,1.27,0.19,-0.17,0.0,0.00399585,0.0005978,-0.00053488,0.0,Msini,0.35,,,1.0,0.65,,,0.0,234.0,6.0,-14.0,0.0,0.0,<a refstr=ANGLADA_ESCUD_EACUTE__ET_AL__2016 href=https://ui.adsabs.harvard.edu/abs/2016Natur.536..437A/abstract target=ref>Anglada-Escud&eacute; et al. 2016</a>,M5.5 V,3050.0,100.0,-100.0,0.0,0.141,0.021,-0.021,0.0,0.12,0.015,-0.015,0.0,,,,,,,,,,<a refstr=STASSUN_ET_AL__2019 href=https://ui.adsabs.harvard.edu/abs/2019AJ....158..138S/abstract target=ref>TICv8</a>,14h29m34.43s,217.3934657,'-62d40m34.26s,-62.6761821,1.30119,0.00034,-0.00035,11.01,0.1,-0.1,4.384,0.033,-0.033,8.95361,0.000918,-0.000918,2016-08-25,2016-08,2016-08-25
70666,1,Proxima Cen b,Proxima Cen,1.0,3.0,2.0,Radial Velocity,2016.0,European Southern Observatory,Published Confirmed,0.0,<a refstr=SU_AMP_AACUTE_REZ_MASCARE_AMP_NTILDE_O_ET_AL__2025 href=https://ui.adsabs.harvard.edu/abs/2025A&A...700A..11M/abstract target=ref>Su&aacute;rez Mascare&ntilde;o et al. 2025</a>,11.18465,0.00053,-0.00053,0.0,0.04848,0.00029,-0.00029,0.0,,,,,,,,,1.055,0.055,-0.055,0.0,0.0033194,0.00017305,-0.00017305,0.0,Msini,0.0,,,0.0,0.641,0.065,-0.065,0.0,218.0,18.0,-18.0,0.0,0.0,<a refstr=SU_AMP_AACUTE_REZ_MASCARE_AMP_NTILDE_O_ET_AL__2025 href=https://ui.adsabs.harvard.edu/abs/2025A&A...700A..11M/abstract target=ref>Su&aacute;rez Mascare&ntilde;o et al. 2025</a>,M5.5 V,2900.0,100.0,-100.0,0.0,0.141,0.021,-0.021,0.0,0.1221,0.0022,-0.0022,0.0,,,,,,,,,,<a refstr=STASSUN_ET_AL__2019 href=https://ui.adsabs.harvard.edu/abs/2019AJ....158..138S/abstract target=ref>TICv8</a>,14h29m34.43s,217.3934657,'-62d40m34.26s,-62.6761821,1.30119,0.00034,-0.00035,11.01,0.1,-0.1,4.384,0.033,-0.033,8.95361,0.000918,-0.000918,2025-07-29,2025-08,2025-07-29
70666,0,Proxima Cen b,Proxima Cen,0.0,3.0,2.0,Radial Velocity,2016.0,European Southern Observatory,Published Confirmed,0.0,<a refstr=FARIA_ET_AL__2022 href=https://ui.adsabs.harvard.edu/abs/2022A&A...658A.115F/abstract target=ref>Faria et al. 2022</a>,11.1868,0.0029,-0.0031,0.0,0.04856,0.0003,-0.0003,0.0,,,,,,,,,1.07,0.06,-0.06,0.0,0.0033666,0.00018878,-0.00018878,0.0,Msini,0.02,0.04,-0.02,0.0,,,,,,,,,0.0,<a refstr=FARIA_ET_AL__2022 href=https://ui.adsabs.harvard.edu/abs/2022A&A...658A.115F/abstract target=ref>Faria et al. 2022</a>,M5.5 V,2900.0,100.0,-100.0,0.0,0.141,0.021,-0.021,0.0,0.1221,0.0022,-0.0022,0.0,,,,,,,,,,<a refstr=STASSUN_ET_AL__2019 href=https://ui.adsabs.harvard.edu/abs/2019AJ....158..138S/abstract target=ref>TICv8</a>,14h29m34.43s,217.3934657,'-62d40m34.26s,-62.6761821,1.30119,0.00034,-0.00035,11.01,0.1,-0.1,4.384,0.033,-0.033,8.95361,0.000918,-0.000918,2023-05-15,2022-02,2023-05-15
70666,0,Proxima Cen b,Proxima Cen,0.0,3.0,2.0,Radial Velocity,2016.0,European Southern Observatory,Published Confirmed,0.0,<a refstr=JENKINS_ET_AL__2019 href=https://ui.adsabs.harvard.edu/abs/2019MNRAS.487..268J/abstract target=ref>Jenkins et al. 2019</a>,11.1855,0.0016,-0.0014,0.0,,,,,,,,,,,,,,,,,,,,,,0.08,0.07,-0.06,0.0,,,,,,,,,0.0,<a refstr=JENKINS_ET_AL__2019 href=https://ui.adsabs.harvard.edu/abs/2019MNRAS.487..268J/abstract target=ref>Jenkins et al. 2019</a>,,,,,,0.154,,,0.0,,,,,,,,,,,,,,<a refstr=STASSUN_ET_AL__2019 href=https://ui.adsabs.harvard.edu/abs/2019AJ....158..138S/abstract target=ref>TICv8</a>,14h29m34.43s,217.3934657,'-62d40m34.26s,-62.6761821,1.30119,0.00034,-0.00035,11.01,0.1,-0.1,4.384,0.033,-0.033,8.95361,0.000918,-0.000918,2019-06-19,2019-07,2019-06-27
70666,0,Proxima Cen b,Proxima Cen,0.0,3.0,2.0,Radial Velocity,2016.0,European Southern Observatory,Published Confirmed,0.0,<a refstr=DAMASSO_ET_AL__2020 href=https://ui.adsabs.harvard.edu/abs/2020SciA....6.7467D/abstract target=ref>Damasso et al. 2020</a>,11.185,0.001,-0.001,0.0,0.048,0.002,-0.002,0.0,,,,,,,,,1.0,0.1,-0.1,0.0,0.00314635,0.00031464,-0.00031464,0.0,Msini,0.0,,,0.0,,,,,216.0,91.0,-99.0,0.0,0.0,<a refstr=DAMASSO_ET_AL__2020 href=https://ui.adsabs.harvard.edu/abs/2020SciA....6.7467D/abstract target=ref>Damasso et al. 2020</a>,M5.5 V,,,,,,,,,,,,,,,,,,,,,,<a refstr=STASSUN_ET_AL__2019 href=https://ui.adsabs.harvard.edu/abs/2019AJ....158..138S/abstract target=ref>TICv8</a>,14h29m34.43s,217.3934657,'-62d40m34.26s,-62.6761821,1.30119,0.00034,-0.00035,11.01,0.1,-0.1,4.384,0.033,-0.033,8.95361,0.000918,-0.000918,2023-05-15,2020-01,2023-05-15
70666,1,Proxima Cen d,Proxima Cen,1.0,3.0,2.0,Radial Velocity,2025.0,La Silla Observatory,Published Confirmed,0.0,<a refstr=SU_AMP_AACUTE_REZ_MASCARE_AMP_NTILDE_O_ET_AL__2025 href=https://ui.adsabs.harvard.edu/abs/2025A&A...700A..11M/abstract target=ref>Su&aacute;rez Mascare&ntilde;o et al. 2025</a>,5.12338,0.00035,-0.00035,0.0,0.02881,0.00017,-0.00017,0.0,,,,,,,,,0.26,0.038,-0.038,0.0,0.00081805,0.00011956,-0.00011956,0.0,Msini,0.0,,,0.0,1.814,0.098,-0.098,0.0,282.0,23.0,-23.0,0.0,0.0,<a refstr=SU_AMP_AACUTE_REZ_MASCARE_AMP_NTILDE_O_ET_AL__2025 href=https://ui.adsabs.harvard.edu/abs/2025A&A...700A..11M/abstract target=ref>Su&aacute;rez Mascare&ntilde;o et al. 2025</a>,M5.5 V,2900.0,100.0,-100.0,0.0,0.141,0.021,-0.021,0.0,0.1221,0.0022,-0.0022,0.0,,,,,,,,,,<a refstr=STASSUN_ET_AL__2019 href=https://ui.adsabs.harvard.edu/abs/2019AJ....158..138S/abstract target=ref>TICv8</a>,14h29m34.43s,217.3934657,'-62d40m34.26s,-62.6761821,1.30119,0.00034,-0.00035,11.01,0.1,-0.1,4.384,0.033,-0.033,8.95361,0.000918,-0.000918,2025-07-29,2025-08,2025-07-29
70666,0,Proxima Cen d,Proxima Cen,0.0,3.0,2.0,Radial Velocity,2025.0,La Silla Observatory,Published Candidate,0.0,<a refstr=FARIA_ET_AL__2022 href=https://ui.adsabs.harvard.edu/abs/2022A&A...658A.115F/abstract target=ref>Faria et al. 2022</a>,5.122,0.002,-0.036,0.0,0.02885,0.00019,-0.00022,0.0,,,,,,,,,0.26,0.05,-0.05,0.0,0.00081805,0.00015732,-0.00015732,0.0,Msini,0.04,0.15,-0.04,0.0,,,,,,,,,0.0,<a refstr=FARIA_ET_AL__2022 href=https://ui.adsabs.harvard.edu/abs/2022A&A...658A.115F/abstract target=ref>Faria et al. 2022</a>,M5.5 V,2900.0,100.0,-100.0,0.0,0.141,0.021,-0.021,0.0,0.1221,0.0022,-0.0022,0.0,,,,,,,,,,<a refstr=STASSUN_ET_AL__2019 href=https://ui.adsabs.harvard.edu/abs/2019AJ....158..138S/abstract target=ref>TICv8</a>,14h29m34.43s,217.3934657,'-62d40m34.26s,-62.6761821,1.30119,0.00034,-0.00035,11.01,0.1,-0.1,4.384,0.033,-0.033,8.95361,0.000918,-0.000918,2023-01-23,2022-02,2023-01-23
118293,1,RR Cae b,RR Cae,1.0,2.0,1.0,Eclipse Timing Variations,2012.0,Leoncito Astronomical Complex,Published Confirmed,1.0,<a refstr=QIAN_ET_AL__2012 href=https://ui.adsabs.harvard.edu/abs/2012MNRAS.422L..24Q/abstract target=ref> Qian et al. 2012 </a>,4343.5,36.5,-36.5,0.0,5.3,0.6,-0.6,0.0,,,,,,,,,1334.886,127.132,-127.132,0.0,4.2,0.4,-0.4,0.0,Msini,0.0,,,0.0,,,,,,,,,0.0,<a refstr=QIAN_ET_AL__2012 href=https://ui.adsabs.harvard.edu/abs/2012MNRAS.422L..24Q/abstract target=ref> Qian et al. 2012 </a>,M,,,,,,,,,0.44,,,0.0,,,,,,,,,,<a refstr=STASSUN_ET_AL__2019 href=https://ui.adsabs.harvard.edu/abs/2019AJ....158..138S/abstract target=ref>TICv8</a>,04h21m05.61s,65.2733756,'-48d39m15.34s,-48.6542601,21.1916,0.011,-0.011,14.379,0.009,-0.009,9.852,0.025,-0.025,13.6576,0.000538,-0.000538,2015-08-26,2012-05,2015-08-27
57375,1,Ross 128 b,Ross 128,1.0,1.0,1.0,Radial Velocity,2017.0,La Silla Observatory,Published Confirmed,0.0,<a refstr=BONFILS_ET_AL__2018 href=https://ui.adsabs.harvard.edu/abs/2018A&A...613A..25B/abstract target=ref>Bonfils et al. 2018</a>,9.8658,0.007,-0.007,0.0,0.0496,0.0017,-0.0017,0.0,,,,,,,,,1.4,0.21,-0.21,0.0,0.00440487,0.00066073,-0.00066073,0.0,Msini,0.116,0.097,-0.097,0.0,1.38,,,0.0,301.0,,,0.0,0.0,<a refstr=BONFILS_ET_AL__2018 href=https://ui.adsabs.harvard.edu/abs/2018A&A...613A..25B/abstract target=ref>Bonfils et al. 2018</a>,M4,3192.0,60.0,-60.0,0.0,0.1967,0.0077,-0.0077,0.0,0.168,0.017,-0.017,0.0,-0.02,0.08,-0.08,0.0,[M/H],,,,,<a refstr=STASSUN_ET_AL__2019 href=https://ui.adsabs.harvard.edu/abs/2019AJ....158..138S/abstract target=ref>TICv8</a>,11h47m45.02s,176.9376036,'+00d47m57.44s,0.7992898,3.37454,0.000805,-0.000805,11.12,0.1,-0.1,5.654,0.024,-0.024,9.59067,0.00112,-0.00112,2017-11-16,2018-05,2017-11-17
80579,1,Wolf 1061 b,Wolf 1061,1.0,1.0,3.0,Radial Velocity,2015.0,La Silla Observatory,Published Confirmed,0.0,<a refstr=ASTUDILLO_DEFRU_ET_AL__2017 href=https://ui.adsabs.harvard.edu/abs/2017A&A...602A..88A/abstract target=ref>Astudillo-Defru et al. 2017</a>,4.8869,0.0005,-0.0005,0.0,0.0375,0.0012,-0.0013,0.0,,,,,,,,,1.91,0.26,-0.25,0.0,0.0060095,0.00081805,-0.00078658,0.0,Msini,0.15,0.13,-0.1,0.0,7.34,,,0.0,,,,,0.0,<a refstr=ASTUDILLO_DEFRU_ET_AL__2017 href=https://ui.adsabs.harvard.edu/abs/2017A&A...602A..88A/abstract target=ref>Astudillo-Defru et al. 2017</a>,M3.5,3342.0,49.0,-49.0,0.0,0.307,0.027,-0.027,0.0,0.294,,,0.0,-0.09,0.09,-0.09,0.0,[Fe/H],,,,,<a refstr=STASSUN_ET_AL__2019 href=https://ui.adsabs.harvard.edu/abs/2019AJ....158..138S/abstract target=ref>TICv8</a>,16h30m17.96s,247.5748276,'-12d40m03.67s,-12.6676866,4.30592,0.00118,-0.00118,10.1,0.1,-0.1,5.075,0.024,-0.024,8.79444,0.000741,-0.000741,2017-03-29,2017-06,2017-03-30
80579,0,Wolf 1061 b,Wolf 1061,0.0,1.0,3.0,Radial Velocity,2015.0,La Silla Observatory,Published Confirmed,0.0,<a refstr=WRIGHT_ET_AL__2016 href=https://ui.adsabs.harvard.edu/abs/2016ApJ...817L..20W/abstract target=ref>Wright et al. 2016</a>,4.8876,0.0014,-0.0014,0.0,0.035509,7e-06,-7e-06,0.0,,,,,,,,,1.36,0.23,-0.23,0.0,0.00427902,0.00072366,-0.00072366,0.0,Msini,0.0,,,0.0,,,,,,,,,0.0,<a refstr=WRIGHT_ET_AL__2016 href=https://ui.adsabs.harvard.edu/abs/2016ApJ...817L..20W/abstract target=ref>Wright et al. 2016</a>,M3/3.5 V,3393.0,,,0.0,,,,,0.25,,,0.0,,,,,,,,,,<a refstr=STASSUN_ET_AL__2019 href=https://ui.adsabs.harvard.edu/abs/2019AJ....158..138S/abstract target=ref>TICv8</a>,16h30m17.96s,247.5748276,'-12d40m03.67s,-12.6676866,4.30592,0.00118,-0.00118,10.1,0.1,-0.1,5.075,0.024,-0.024,8.79444,0.000741,-0.000741,2017-03-29,2016-02,2016-01-05
80579,0,Wolf 1061 c,Wolf 1061,0.0,1.0,3.0,Radial Velocity,2015.0,La Silla Observatory,Published Confirmed,0.0,<a refstr=WRIGHT_ET_AL__2016 href=https://ui.adsabs.harvard.edu/abs/2016ApJ...817L..20W/abstract target=ref>Wright et al. 2016</a>,17.867,0.011,-0.011,0.0,0.08427,4e-05,-4e-05,0.0,,,,,,,,,4.25,0.37,-0.37,0.0,0.01337193,0.00116414,-0.00116414,0.0,Msini,0.19,0.13,-0.13,0.0,,,,,,,,,0.0,<a refstr=WRIGHT_ET_AL__2016 href=https://ui.adsabs.harvard.edu/abs/2016ApJ...817L..20W/abstract target=ref>Wright et al. 2016</a>,M3/3.5 V,3393.0,,,0.0,,,,,0.25,,,0.0,,,,,,,,,,<a refstr=STASSUN_ET_AL__2019 href=https://ui.adsabs.harvard.edu/abs/2019AJ....158..138S/abstract target=ref>TICv8</a>,16h30m17.96s,247.5748276,'-12d40m03.67s,-12.6676866,4.30592,0.00118,-0.00118,10.1,0.1,-0.1,5.075,0.024,-0.024,8.79444,0.000741,-0.000741,2017-03-29,2016-02,2016-01-05
80579,1,Wolf 1061 c,Wolf 1061,1.0,1.0,3.0,Radial Velocity,2015.0,La Silla Observatory,Published Confirmed,0.0,<a refstr=ASTUDILLO_DEFRU_ET_AL__2017 href=https://ui.adsabs.harvard.edu/abs/2017A&A...602A..88A/abstract target=ref>Astudillo-Defru et al. 2017</a>,17.8719,0.0059,-0.0059,0.0,0.089,0.0029,-0.0031,0.0,,,,,,,,,3.41,0.43,-0.41,0.0,0.01072901,0.00135292,-0.00129,0.0,Msini,0.11,0.1,-0.07,0.0,1.3,,,0.0,,,,,0.0,<a refstr=ASTUDILLO_DEFRU_ET_AL__2017 href=https://ui.adsabs.harvard.edu/abs/2017A&A...602A..88A/abstract target=ref>Astudillo-Defru et al. 2017</a>,M3.5,3342.0,49.0,-49.0,0.0,0.307,0.027,-0.027,0.0,0.294,,,0.0,-0.09,0.09,-0.09,0.0,[Fe/H],,,,,<a refstr=STASSUN_ET_AL__2019 href=https://ui.adsabs.harvard.edu/abs/2019AJ....158..138S/abstract target=ref>TICv8</a>,16h30m17.96s,247.5748276,'-12d40m03.67s,-12.6676866,4.30592,0.00118,-0.00118,10.1,0.1,-0.1,5.075,0.024,-0.024,8.79444,0.000741,-0.000741,2017-03-29,2017-06,2017-03-30
80579,0,Wolf 1061 d,Wolf 1061,0.0,1.0,3.0,Radial Velocity,2015.0,La Silla Observatory,Published Confirmed,0.0,<a refstr=WRIGHT_ET_AL__2016 href=https://ui.adsabs.harvard.edu/abs/2016ApJ...817L..20W/abstract target=ref>Wright et al. 2016</a>,67.27,0.12,-0.12,0.0,0.2039,0.0002,-0.0002,0.0,,,,,,,,,5.21,0.68,-0.68,0.0,0.01639241,0.00213951,-0.00213951,0.0,Msini,0.32,0.16,-0.16,0.0,,,,,,,,,0.0,<a refstr=WRIGHT_ET_AL__2016 href=https://ui.adsabs.harvard.edu/abs/2016ApJ...817L..20W/abstract target=ref>Wright et al. 2016</a>,M3/3.5 V,3393.0,,,0.0,,,,,0.25,,,0.0,,,,,,,,,,<a refstr=STASSUN_ET_AL__2019 href=https://ui.adsabs.harvard.edu/abs/2019AJ....158..138S/abstract target=ref>TICv8</a>,16h30m17.96s,247.5748276,'-12d40m03.67s,-12.6676866,4.30592,0.00118,-0.00118,10.1,0.1,-0.1,5.075,0.024,-0.024,8.79444,0.000741,-0.000741,2017-03-29,2016-02,2016-01-05
80579,1,Wolf 1061 d,Wolf 1061,1.0,1.0,3.0,Radial Velocity,2015.0,La Silla Observatory,Published Confirmed,0.0,<a refstr=ASTUDILLO_DEFRU_ET_AL__2017 href=https://ui.adsabs.harvard.edu/abs/2017A&A...602A..88A/abstract target=ref>Astudillo-Defru et al. 2017</a>,217.21,0.55,-0.52,0.0,0.47,0.015,-0.017,0.0,,,,,,,,,7.7,1.12,-1.06,0.0,0.02422679,0.0035239,-0.00333512,0.0,Msini,0.55,0.08,-0.09,0.0,0.06,,,0.0,,,,,0.0,<a refstr=ASTUDILLO_DEFRU_ET_AL__2017 href=https://ui.adsabs.harvard.edu/abs/2017A&A...602A..88A/abstract target=ref>Astudillo-Defru et al. 2017</a>,M3.5,3342.0,49.0,-49.0,0.0,0.307,0.027,-0.027,0.0,0.294,,,0.0,-0.09,0.09,-0.09,0.0,[Fe/H],,,,,<a refstr=STASSUN_ET_AL__2019 href=https://ui.adsabs.harvard.edu/abs/2019AJ....158..138S/abstract target=ref>TICv8</a>,16h30m17.96s,247.5748276,'-12d40m03.67s,-12.6676866,4.30592,0.00118,-0.00118,10.1,0.1,-0.1,5.075,0.024,-0.024,8.79444,0.000741,-0.000741,2017-03-29,2017-06,2017-03-30
5632,1,YZ Cet b,YZ Cet,1.0,1.0,3.0,Radial Velocity,2017.0,La Silla Observatory,Published Confirmed,0.0,<a refstr=STOCK_ET_AL__2020 href=https://ui.adsabs.harvard.edu/abs/2020A&A...636A.119S/abstract target=ref>Stock et al. 2020</a>,2.02087,7e-05,-9e-05,0.0,0.01634,0.00035,-0.00041,0.0,,,,,,,,,0.7,0.09,-0.08,0.0,0.00220245,0.00028317,-0.00025171,0.0,Msini,0.06,0.06,-0.04,0.0,8.21,0.16,-0.15,0.0,471.2,2.2,-2.1,0.0,0.0,<a refstr=STOCK_ET_AL__2020 href=https://ui.adsabs.harvard.edu/abs/2020A&A...636A.119S/abstract target=ref>Stock et al. 2020</a>,M4.5 V,3151.0,51.0,-51.0,0.0,0.157,0.005,-0.005,0.0,0.142,0.01,-0.01,0.0,-0.18,0.16,-0.16,0.0,[Fe/H],5.17,0.07,-0.07,0.0,<a refstr=STASSUN_ET_AL__2019 href=https://ui.adsabs.harvard.edu/abs/2019AJ....158..138S/abstract target=ref>TICv8</a>,01h12m31.94s,18.1330792,'-16d59m46.48s,-16.9962434,3.71207,0.00109,-0.00109,,,,,,,10.4294,0.000576,-0.000576,2022-02-15,2020-04,2022-02-15
5632,0,YZ Cet b,YZ Cet,0.0,1.0,3.0,Radial Velocity,2017.0,La Silla Observatory,Published Confirmed,0.0,<a refstr=ROBERTSON_2018 href=https://ui.adsabs.harvard.edu/abs/2018ApJ...864L..28R/abstract target=ref>Robertson 2018</a>,1.9689,0.0004,-0.0004,0.0,0.0156,0.0004,-0.0004,0.0,,,,,,,,,0.65,0.15,-0.15,0.0,0.00204512,0.00047195,-0.00047195,0.0,Msini,0.03,0.4,-0.03,0.0,,,,,,,,,0.0,<a refstr=ROBERTSON_2018 href=https://ui.adsabs.harvard.edu/abs/2018ApJ...864L..28R/abstract target=ref>Robertson 2018</a>,M4 V,,,,,0.169,0.001,-0.001,0.0,0.13,0.01,-0.01,0.0,,,,,,,,,,<a refstr=STASSUN_ET_AL__2019 href=https://ui.adsabs.harvard.edu/abs/2019AJ....158..138S/abstract target=ref>TICv8</a>,01h12m31.94s,18.1330792,'-16d59m46.48s,-16.9962434,3.71207,0.00109,-0.00109,,,,,,,10.4294,0.000576,-0.000576,2019-03-25,2018-09,2019-03-28
5632,0,YZ Cet b,YZ Cet,0.0,1.0,3.0,Radial Velocity,2017.0,La Silla Observatory,Published Confirmed,0.0,<a refstr=ASTUDILLO_DEFRU_ET_AL__2017 href=https://ui.adsabs.harvard.edu/abs/2017A&A...605L..11A/abstract target=ref>Astudillo-Defru et al. 2017</a>,1.96876,0.00021,-0.00021,0.0,0.01557,0.00052,-0.00052,0.0,,,,,,,,,0.75,0.13,-0.13,0.0,0.00235975,0.00040902,-0.00040902,0.0,Msini,0.0,0.12,-0.12,0.0,,,,,,,,,0.0,<a refstr=ASTUDILLO_DEFRU_ET_AL__2017 href=https://ui.adsabs.harvard.edu/abs/2017A&A...605L..11A/abstract target=ref>Astudillo-Defru et al. 2017</a>,M4.5,3056.0,60.0,-60.0,0.0,0.168,0.009,-0.009,0.0,0.13,0.013,-0.013,0.0,-0.26,0.08,-0.08,0.0,[Fe/H],,,,,<a refstr=STASSUN_ET_AL__2019 href=https://ui.adsabs.harvard.edu/abs/2019AJ....158..138S/abstract target=ref>TICv8</a>,01h12m31.94s,18.1330792,'-16d59m46.48s,-16.9962434,3.71207,0.00109,-0.00109,,,,,,,10.4294,0.000576,-0.000576,2017-08-22,2017-09,2017-08-24
5632,0,YZ Cet c,YZ Cet,0.0,1.0,3.0,Radial Velocity,2017.0,La Silla Observatory,Published Confirmed,0.0,<a refstr=ROBERTSON_2018 href=https://ui.adsabs.harvard.edu/abs/2018ApJ...864L..28R/abstract target=ref>Robertson 2018</a>,0.75215,1e-05,-1e-05,0.0,0.0082,0.0002,-0.0002,0.0,,,,,,,,,0.58,0.11,-0.11,0.0,0.00182487,0.0003461,-0.0003461,0.0,Msini,0.05,0.35,-0.05,0.0,,,,,,,,,0.0,<a refstr=ROBERTSON_2018 href=https://ui.adsabs.harvard.edu/abs/2018ApJ...864L..28R/abstract target=ref>Robertson 2018</a>,M4 V,,,,,0.169,0.001,-0.001,0.0,0.13,0.01,-0.01,0.0,,,,,,,,,,<a refstr=STASSUN_ET_AL__2019 href=https://ui.adsabs.harvard.edu/abs/2019AJ....158..138S/abstract target=ref>TICv8</a>,01h12m31.94s,18.1330792,'-16d59m46.48s,-16.9962434,3.71207,0.00109,-0.00109,,,,,,,10.4294,0.000576,-0.000576,2019-03-25,2018-09,2019-03-28
5632,1,YZ Cet c,YZ Cet,1.0,1.0,3.0,Radial Velocity,2017.0,La Silla Observatory,Published Confirmed,0.0,<a refstr=STOCK_ET_AL__2020 href=https://ui.adsabs.harvard.edu/abs/2020A&A...636A.119S/abstract target=ref>Stock et al. 2020</a>,3.05989,0.0001,-0.0001,0.0,0.02156,0.00046,-0.00054,0.0,,,,,,,,,1.14,0.11,-0.1,0.0,0.00358684,0.0003461,-0.00031464,0.0,Msini,0.0,,,0.0,4.72,0.09,-0.09,0.0,410.3,2.0,-1.9,0.0,0.0,<a refstr=STOCK_ET_AL__2020 href=https://ui.adsabs.harvard.edu/abs/2020A&A...636A.119S/abstract target=ref>Stock et al. 2020</a>,M4.5 V,3151.0,51.0,-51.0,0.0,0.157,0.005,-0.005,0.0,0.142,0.01,-0.01,0.0,-0.18,0.16,-0.16,0.0,[Fe/H],5.17,0.07,-0.07,0.0,<a refstr=STASSUN_ET_AL__2019 href=https://ui.adsabs.harvard.edu/abs/2019AJ....158..138S/abstract target=ref>TICv8</a>,01h12m31.94s,18.1330792,'-16d59m46.48s,-16.9962434,3.71207,0.00109,-0.00109,,,,,,,10.4294,0.000576,-0.000576,2022-02-15,2020-04,2022-02-15
5632,0,YZ Cet c,YZ Cet,0.0,1.0,3.0,Radial Velocity,2017.0,La Silla Observatory,Published Confirmed,0.0,<a refstr=ASTUDILLO_DEFRU_ET_AL__2017 href=https://ui.adsabs.harvard.edu/abs/2017A&A...605L..11A/abstract target=ref>Astudillo-Defru et al. 2017</a>,3.06008,0.00022,-0.00022,0.0,0.0209,0.0007,-0.0007,0.0,,,,,,,,,0.98,0.14,-0.14,0.0,0.00308341,0.00044049,-0.00044049,0.0,Msini,0.04,0.11,-0.11,0.0,,,,,,,,,0.0,<a refstr=ASTUDILLO_DEFRU_ET_AL__2017 href=https://ui.adsabs.harvard.edu/abs/2017A&A...605L..11A/abstract target=ref>Astudillo-Defru et al. 2017</a>,M4.5,3056.0,60.0,-60.0,0.0,0.168,0.009,-0.009,0.0,0.13,0.013,-0.013,0.0,-0.26,0.08,-0.08,0.0,[Fe/H],,,,,<a refstr=STASSUN_ET_AL__2019 href=https://ui.adsabs.harvard.edu/abs/2019AJ....158..138S/abstract target=ref>TICv8</a>,01h12m31.94s,18.1330792,'-16d59m46.48s,-16.9962434,3.71207,0.00109,-0.00109,,,,,,,10.4294,0.000576,-0.000576,2017-08-22,2017-09,2017-08-24
5632,0,YZ Cet d,YZ Cet,0.0,1.0,3.0,Radial Velocity,2017.0,La Silla Observatory,Published Confirmed,0.0,<a refstr=ROBERTSON_2018 href=https://ui.adsabs.harvard.edu/abs/2018ApJ...864L..28R/abstract target=ref>Robertson 2018</a>,4.6568,0.0004,-0.0004,0.0,0.0276,0.0007,-0.0007,0.0,,,,,,,,,1.21,0.2,-0.2,0.0,0.00380707,0.00062927,-0.00062927,0.0,Msini,0.02,0.25,-0.02,0.0,,,,,,,,,0.0,<a refstr=ROBERTSON_2018 href=https://ui.adsabs.harvard.edu/abs/2018ApJ...864L..28R/abstract target=ref>Robertson 2018</a>,M4 V,,,,,0.169,0.001,-0.001,0.0,0.13,0.01,-0.01,0.0,,,,,,,,,,<a refstr=STASSUN_ET_AL__2019 href=https://ui.adsabs.harvard.edu/abs/2019AJ....158..138S/abstract target=ref>TICv8</a>,01h12m31.94s,18.1330792,'-16d59m46.48s,-16.9962434,3.71207,0.00109,-0.00109,,,,,,,10.4294,0.000576,-0.000576,2019-03-25,2018-09,2019-03-28
5632,1,YZ Cet d,YZ Cet,1.0,1.0,3.0,Radial Velocity,2017.0,La Silla Observatory,Published Confirmed,0.0,<a refstr=STOCK_ET_AL__2020 href=https://ui.adsabs.harvard.edu/abs/2020A&A...636A.119S/abstract target=ref>Stock et al. 2020</a>,4.65626,0.00028,-0.00029,0.0,0.02851,0.00061,-0.00071,0.0,,,,,,,,,1.09,0.12,-0.12,0.0,0.00342952,0.00037756,-0.00037756,0.0,Msini,0.07,0.04,-0.05,0.0,2.7,0.05,-0.05,0.0,356.7,1.7,-1.6,0.0,0.0,<a refstr=STOCK_ET_AL__2020 href=https://ui.adsabs.harvard.edu/abs/2020A&A...636A.119S/abstract target=ref>Stock et al. 2020</a>,M4.5 V,3151.0,51.0,-51.0,0.0,0.157,0.005,-0.005,0.0,0.142,0.01,-0.01,0.0,-0.18,0.16,-0.16,0.0,[Fe/H],5.17,0.07,-0.07,0.0,<a refstr=STASSUN_ET_AL__2019 href=https://ui.adsabs.harvard.edu/abs/2019AJ....158..138S/abstract target=ref>TICv8</a>,01h12m31.94s,18.1330792,'-16d59m46.48s,-16.9962434,3.71207,0.00109,-0.00109,,,,,,,10.4294,0.000576,-0.000576,2022-02-15,2020-04,2022-02-15
5632,0,YZ Cet d,YZ Cet,0.0,1.0,3.0,Radial Velocity,2017.0,La Silla Observatory,Published Confirmed,0.0,<a refstr=ASTUDILLO_DEFRU_ET_AL__2017 href=https://ui.adsabs.harvard.edu/abs/2017A&A...605L..11A/abstract target=ref>Astudillo-Defru et al. 2017</a>,4.65627,0.00042,-0.00042,0.0,0.02764,0.00093,-0.00093,0.0,,,,,,,,,1.14,0.17,-0.17,0.0,0.00358682,0.00053488,-0.00053488,0.0,Msini,0.129,0.096,-0.096,0.0,,,,,,,,,0.0,<a refstr=ASTUDILLO_DEFRU_ET_AL__2017 href=https://ui.adsabs.harvard.edu/abs/2017A&A...605L..11A/abstract target=ref>Astudillo-Defru et al. 2017</a>,M4.5,3056.0,60.0,-60.0,0.0,0.168,0.009,-0.009,0.0,0.13,0.013,-0.013,0.0,-0.26,0.08,-0.08,0.0,[Fe/H],,,,,<a refstr=STASSUN_ET_AL__2019 href=https://ui.adsabs.harvard.edu/abs/2019AJ....158..138S/abstract target=ref>TICv8</a>,01h12m31.94s,18.1330792,'-16d59m46.48s,-16.9962434,3.71207,0.00109,-0.00109,,,,,,,10.4294,0.000576,-0.000576,2017-08-22,2017-09,2017-08-24
16496,1,eps Eri b,eps Eri,1.0,1.0,1.0,Radial Velocity,2000.0,Multiple Observatories,Published Confirmed,0.0,<a refstr=THOMPSON_ET_AL_2025 href=https://ui.adsabs.harvard.edu/abs/2025AJ....170..301T/abstract target=ref>Thompson et al. 2025</a>,2680.0,30.0,-30.0,0.0,3.53,0.04,-0.04,0.0,,,,,,,,,317.828407,31.7828407,-31.7828407,0.0,1.0,0.1,-0.1,0.0,Mass,0.06,0.06,-0.04,0.0,,,,,,,,,0.0,<a refstr=THOMPSON_ET_AL_2025 href=https://ui.adsabs.harvard.edu/abs/2025AJ....170..301T/abstract target=ref>Thompson et al. 2025</a>,,,,,,,,,,0.82,0.02,-0.02,0.0,,,,,,,,,,<a refstr=STASSUN_ET_AL__2019 href=https://ui.adsabs.harvard.edu/abs/2019AJ....158..138S/abstract target=ref>TICv8</a>,03h32m54.82s,53.2284306,'-09d27m29.42s,-9.4581715,3.2026,0.00483,-0.00483,3.71548,0.023,-0.023,1.776,0.286,-0.286,3.47719,0.0055451,-0.0055451,2026-07-02,2025-12,2026-07-02
16496,0,eps Eri b,eps Eri,0.0,1.0,1.0,Radial Velocity,2000.0,Multiple Observatories,Published Confirmed,0.0,<a refstr=MAWET_ET_AL__2019 href=https://ui.adsabs.harvard.edu/abs/2019AJ....157...33M/abstract target=ref>Mawet et al. 2019</a>,2690.0,30.0,-30.0,0.0,,,,,,,,,,,,,247.9074,120.7754,-38.1396,0.0,0.78,0.38,-0.12,0.0,Mass,0.07,0.06,-0.05,0.0,,,,,,,,,0.0,<a refstr=MAWET_ET_AL__2019 href=https://ui.adsabs.harvard.edu/abs/2019AJ....157...33M/abstract target=ref>Mawet et al. 2019</a>,,,,,,,,,,0.781,0.005,-0.005,0.0,,,,,,,,,,<a refstr=STASSUN_ET_AL__2019 href=https://ui.adsabs.harvard.edu/abs/2019AJ....158..138S/abstract target=ref>TICv8</a>,03h32m54.82s,53.2284306,'-09d27m29.42s,-9.4581715,3.2026,0.00483,-0.00483,3.71548,0.023,-0.023,1.776,0.286,-0.286,3.47719,0.0055451,-0.0055451,2020-09-08,2019-01,2020-09-03
16496,0,eps Eri b,eps Eri,0.0,1.0,1.0,Radial Velocity,2000.0,Multiple Observatories,Published Confirmed,0.0,<a refstr=ROSENTHAL_ET_AL__2021 href=https://ui.adsabs.harvard.edu/abs/2021ApJS..255....8R/abstract target=ref>Rosenthal et al. 2021</a>,2650.0,21.0,-21.0,0.0,3.5,0.039,-0.039,0.0,,,,,,,,,206.90629296,12.07747947,-12.39530787,0.0,0.651,0.038,-0.039,0.0,Msini,0.044,0.047,-0.031,0.0,,,,,,,,,0.0,<a refstr=ROSENTHAL_ET_AL__2021 href=https://ui.adsabs.harvard.edu/abs/2021ApJS..255....8R/abstract target=ref>Rosenthal et al. 2021</a>,,5020.38,57.69,-57.69,0.0,0.759106,0.011816,-0.011816,0.0,0.814595,0.024152,-0.024152,0.0,-0.0439,0.0583,-0.0583,0.0,[Fe/H],4.5901,0.01824,-0.01824,0.0,<a refstr=STASSUN_ET_AL__2019 href=https://ui.adsabs.harvard.edu/abs/2019AJ....158..138S/abstract target=ref>TICv8</a>,03h32m54.82s,53.2284306,'-09d27m29.42s,-9.4581715,3.2026,0.00483,-0.00483,3.71548,0.023,-0.023,1.776,0.286,-0.286,3.47719,0.0055451,-0.0055451,2021-09-20,2021-07,2021-09-20
16496,0,eps Eri b,eps Eri,0.0,1.0,1.0,Radial Velocity,2000.0,Multiple Observatories,Published Confirmed,0.0,<a refstr=HARADA_ET_AL_2025 href=https://ui.adsabs.harvard.edu/abs/2025AJ....170..343H/abstract target=ref>Harada et al. 2025</a>,2686.0,19.0,-18.0,0.0,3.39,0.064,-0.066,0.0,,,,,,,,,186.0,12.0,-12.0,0.0,0.58522145,0.03775622,-0.03775622,0.0,Msini,0.088,0.048,-0.048,0.0,,,,,,,,,0.0,<a refstr=HARADA_ET_AL_2025 href=https://ui.adsabs.harvard.edu/abs/2025AJ....170..343H/abstract target=ref>Harada et al. 2025</a>,,5098.0,,,0.0,,,,,,,,,,,,,,,,,,<a refstr=STASSUN_ET_AL__2019 href=https://ui.adsabs.harvard.edu/abs/2019AJ....158..138S/abstract target=ref>TICv8</a>,03h32m54.82s,53.2284306,'-09d27m29.42s,-9.4581715,3.2026,0.00483,-0.00483,3.71548,0.023,-0.023,1.776,0.286,-0.286,3.47719,0.0055451,-0.0055451,2026-02-12,2025-12,2026-02-12
16496,0,eps Eri b,eps Eri,0.0,1.0,1.0,Radial Velocity,2000.0,Multiple Observatories,Published Confirmed,0.0,<a refstr=LLOP_SAYSON_ET_AL__2021 href=https://ui.adsabs.harvard.edu/abs/2021AJ....162..181L/abstract target=ref>Llop-Sayson et al. 2021</a>,2671.0,17.0,-23.0,0.0,3.53,0.03,-0.04,0.0,,,,,,,,,209.76674862,38.13940884,-28.60455663,0.0,0.66,0.12,-0.09,0.0,Mass,0.07,0.07,-0.05,0.0,,,,,,,,,0.0,<a refstr=LLOP_SAYSON_ET_AL__2021 href=https://ui.adsabs.harvard.edu/abs/2021AJ....162..181L/abstract target=ref>Llop-Sayson et al. 2021</a>,K2 V,,,,,,,,,0.82,0.02,-0.02,0.0,,,,,,,,,,<a refstr=STASSUN_ET_AL__2019 href=https://ui.adsabs.harvard.edu/abs/2019AJ....158..138S/abstract target=ref>TICv8</a>,03h32m54.82s,53.2284306,'-09d27m29.42s,-9.4581715,3.2026,0.00483,-0.00483,3.71548,0.023,-0.023,1.776,0.286,-0.286,3.47719,0.0055451,-0.0055451,2022-07-18,2021-11,2022-07-18
16496,0,eps Eri b,eps Eri,0.0,1.0,1.0,Radial Velocity,2000.0,Multiple Observatories,Published Confirmed,0.0,<a refstr=HATZES_ET_AL__2000 href=https://ui.adsabs.harvard.edu/abs/2000ApJ...544L.145H/abstract target=ref> Hatzes et al. 2000 </a>,2502.1,20.1,-20.1,0.0,3.4,,,0.0,,,,,,,,,540.311,,,0.0,1.7,,,0.0,Mass,0.608,0.041,-0.041,0.0,,,,,,,,,0.0,<a refstr=HATZES_ET_AL__2000 href=https://ui.adsabs.harvard.edu/abs/2000ApJ...544L.145H/abstract target=ref> Hatzes et al. 2000 </a>,,,,,,,,,,0.85,,,0.0,,,,,,,,,,<a refstr=STASSUN_ET_AL__2019 href=https://ui.adsabs.harvard.edu/abs/2019AJ....158..138S/abstract target=ref>TICv8</a>,03h32m54.82s,53.2284306,'-09d27m29.42s,-9.4581715,3.2026,0.00483,-0.00483,3.71548,0.023,-0.023,1.776,0.286,-0.286,3.47719,0.0055451,-0.0055451,2020-09-08,2000-12,2015-09-03
16496,0,eps Eri b,eps Eri,0.0,1.0,1.0,Radial Velocity,2000.0,Multiple Observatories,Published Confirmed,0.0,<a refstr=BENEDICT_ET_AL__2006 href=https://ui.adsabs.harvard.edu/abs/2006AJ....132.2206B/abstract target=ref> Benedict et al. 2006 </a>,2502.0,10.0,-10.0,0.0,3.39,0.36,-0.36,0.0,,,,,,,,,492.6365,76.2792,-76.2792,0.0,1.55,0.24,-0.24,0.0,Mass,0.702,0.039,-0.039,0.0,,,,,,,,,0.0,<a refstr=BENEDICT_ET_AL__2006 href=https://ui.adsabs.harvard.edu/abs/2006AJ....132.2206B/abstract target=ref> Benedict et al. 2006 </a>,,,,,,,,,,0.83,0.05,-0.05,0.0,-0.13,0.04,-0.04,0.0,[Fe/H],,,,,<a refstr=STASSUN_ET_AL__2019 href=https://ui.adsabs.harvard.edu/abs/2019AJ....158..138S/abstract target=ref>TICv8</a>,03h32m54.82s,53.2284306,'-09d27m29.42s,-9.4581715,3.2026,0.00483,-0.00483,3.71548,0.023,-0.023,1.776,0.286,-0.286,3.47719,0.0055451,-0.0055451,2020-09-08,2006-11,2015-09-03
108526,1,eps Ind A b,eps Ind A,1.0,3.0,1.0,Radial Velocity,2019.0,La Silla Observatory,Published Confirmed,0.0,<a refstr=SANGHI_ET_AL_2026 href=https://ui.adsabs.harvard.edu/abs/2026AJ....172..115S/abstract target=ref>Sanghi et al. 2026</a>,25450.0,4387.0,-3302.0,0.0,15.76,1.73,-1.39,0.0,,,,,,,,,2065.8846455,228.83645304,-187.51876013,0.0,6.5,0.72,-0.59,0.0,Mass,0.25,0.09,-0.09,0.0,,,,,,,,,0.0,<a refstr=SANGHI_ET_AL_2026 href=https://ui.adsabs.harvard.edu/abs/2026AJ....172..115S/abstract target=ref>Sanghi et al. 2026</a>,K5 V,4700.0,65.0,-65.0,0.0,0.713,0.006,-0.006,0.0,0.8,0.02,-0.02,0.0,-0.17,0.03,-0.03,0.0,[Fe/H],,,,,<a refstr=STASSUN_ET_AL__2019 href=https://ui.adsabs.harvard.edu/abs/2019AJ....158..138S/abstract target=ref>TICv8</a>,22h03m29.14s,330.8714021,'-56d47m48.85s,-56.7969023,3.63857,0.00333,-0.00333,4.69,0.03,-0.03,2.237,0.24,-0.24,4.34562,0.007374,-0.007374,2026-07-09,2026-08,2026-07-09
108526,0,eps Ind A b,eps Ind A,0.0,3.0,1.0,Radial Velocity,2019.0,La Silla Observatory,Published Confirmed,0.0,<a refstr=MATTHEWS_ET_AL__2024 href=https://ui.adsabs.harvard.edu/abs/2024Natur.633..789M/abstract target=ref>Matthews et al. 2024</a>,,,,,28.4,10.0,-7.2,0.0,,,,,,,,,2005.49724817,190.6970442,-177.98390792,0.0,6.31,0.6,-0.56,0.0,Mass,0.4,0.15,-0.18,0.0,,,,,275.0,,,0.0,0.0,<a refstr=MATTHEWS_ET_AL__2024 href=https://ui.adsabs.harvard.edu/abs/2024Natur.633..789M/abstract target=ref>Matthews et al. 2024</a>,K5 V,4760.0,15.0,-15.0,0.0,0.679,0.004,-0.004,0.0,0.76,0.04,-0.04,0.0,0.22,0.12,-0.12,0.0,[Fe/H],5.25,0.18,-0.34,0.0,<a refstr=STASSUN_ET_AL__2019 href=https://ui.adsabs.harvard.edu/abs/2019AJ....158..138S/abstract target=ref>TICv8</a>,22h03m29.14s,330.8714021,'-56d47m48.85s,-56.7969023,3.63857,0.00333,-0.00333,4.69,0.03,-0.03,2.237,0.24,-0.24,4.34562,0.007374,-0.007374,2024-08-07,2024-09,2024-08-07
108526,0,eps Ind A b,eps Ind A,0.0,3.0,1.0,Radial Velocity,2019.0,La Silla Observatory,Published Confirmed,0.0,<a refstr=MATTHEWS_ET_AL_2026 href=https://ui.adsabs.harvard.edu/abs/2026arXiv260308780M/abstract target=ref>Matthews et al. 2026</a>,39400.0,18000.0,-9100.0,0.0,20.9,5.8,-3.3,0.0,,,,,,,,,2425.03074541,232.01473711,-222.4798849,0.0,7.63,0.73,-0.7,0.0,Mass,0.244,0.11,-0.083,0.0,,,,,,,,,0.0,<a refstr=MATTHEWS_ET_AL_2026 href=https://ui.adsabs.harvard.edu/abs/2026arXiv260308780M/abstract target=ref>Matthews et al. 2026</a>,,,,,,,,,,0.781,0.036,-0.037,0.0,,,,,,,,,,<a refstr=STASSUN_ET_AL__2019 href=https://ui.adsabs.harvard.edu/abs/2019AJ....158..138S/abstract target=ref>TICv8</a>,22h03m29.14s,330.8714021,'-56d47m48.85s,-56.7969023,3.63857,0.00333,-0.00333,4.69,0.03,-0.03,2.237,0.24,-0.24,4.34562,0.007374,-0.007374,2026-05-14,2026-03,2026-05-14
108526,0,eps Ind A b,eps Ind A,0.0,3.0,1.0,Radial Velocity,2019.0,La Silla Observatory,Published Confirmed,0.0,<a refstr=FENG_ET_AL__2019 href=https://ui.adsabs.harvard.edu/abs/2019MNRAS.490.5002F/abstract target=ref>Feng et al. 2019</a>,16510.0,2100.0,-1740.0,0.0,11.55,0.98,-0.86,0.0,,,,,,,,,1032.9475,123.9537,-206.5895,0.0,3.25,0.39,-0.65,0.0,Mass,0.26,0.07,-0.03,0.0,,,,,,,,,0.0,<a refstr=FENG_ET_AL__2019 href=https://ui.adsabs.harvard.edu/abs/2019MNRAS.490.5002F/abstract target=ref>Feng et al. 2019</a>,K2 V,,,,,,,,,0.754,0.043,-0.043,0.0,,,,,,,,,,<a refstr=STASSUN_ET_AL__2019 href=https://ui.adsabs.harvard.edu/abs/2019AJ....158..138S/abstract target=ref>TICv8</a>,22h03m29.14s,330.8714021,'-56d47m48.85s,-56.7969023,3.63857,0.00333,-0.00333,4.69,0.03,-0.03,2.237,0.24,-0.24,4.34562,0.007374,-0.007374,2019-10-18,2019-12,2019-10-24
8087,1,tau Cet f,tau Cet,1.0,1.0,3.0,Radial Velocity,2017.0,Multiple Observatories,Published Confirmed,1.0,<a refstr=FENG_ET_AL__2017 href=https://ui.adsabs.harvard.edu/abs/2017AJ....154..135F/abstract target=ref>Feng et al. 2017</a>,636.13,11.7,-47.69,0.0,1.334,0.017,-0.044,0.0,,,,,,,,,3.93,1.05,-1.37,0.0,0.0123651,0.00330365,-0.00431048,0.0,Msini,0.16,0.07,-0.16,0.0,,,,,,,,,0.0,<a refstr=FENG_ET_AL__2017 href=https://ui.adsabs.harvard.edu/abs/2017AJ....154..135F/abstract target=ref>Feng et al. 2017</a>,,,,,,,,,,0.783,0.012,-0.012,0.0,,,,,,,,,,<a refstr=STASSUN_ET_AL__2019 href=https://ui.adsabs.harvard.edu/abs/2019AJ....158..138S/abstract target=ref>TICv8</a>,01h44m02.23s,26.0093029,'-15d56m01.68s,-15.9337987,3.60304,0.00678,-0.00675,3.49607,0.023,-0.023,1.794,0.274,-0.274,3.24854,0.0103988,-0.0103988,2017-08-14,2017-10,2017-08-17
8087,1,tau Cet g,tau Cet,1.0,1.0,3.0,Radial Velocity,2017.0,Multiple Observatories,Published Confirmed,1.0,<a refstr=FENG_ET_AL__2017 href=https://ui.adsabs.harvard.edu/abs/2017AJ....154..135F/abstract target=ref>Feng et al. 2017</a>,20.0,0.02,-0.01,0.0,0.133,0.001,-0.002,0.0,,,,,,,,,1.75,0.25,-0.4,0.0,0.00550609,0.00078658,-0.00125853,0.0,Msini,0.06,0.13,-0.06,0.0,,,,,,,,,0.0,<a refstr=FENG_ET_AL__2017 href=https://ui.adsabs.harvard.edu/abs/2017AJ....154..135F/abstract target=ref>Feng et al. 2017</a>,,,,,,,,,,0.783,0.012,-0.012,0.0,,,,,,,,,,<a refstr=STASSUN_ET_AL__2019 href=https://ui.adsabs.harvard.edu/abs/2019AJ....158..138S/abstract target=ref>TICv8</a>,01h44m02.23s,26.0093029,'-15d56m01.68s,-15.9337987,3.60304,0.00678,-0.00675,3.49607,0.023,-0.023,1.794,0.274,-0.274,3.24854,0.0103988,-0.0103988,2017-08-14,2017-10,2017-08-17
8087,1,tau Cet h,tau Cet,1.0,1.0,3.0,Radial Velocity,2017.0,Multiple Observatories,Published Confirmed,1.0,<a refstr=FENG_ET_AL__2017 href=https://ui.adsabs.harvard.edu/abs/2017AJ....154..135F/abstract target=ref>Feng et al. 2017</a>,49.41,0.08,-0.1,0.0,0.243,0.003,-0.003,0.0,,,,,,,,,1.83,0.68,-0.26,0.0,0.0057578,0.00213951,-0.00081805,0.0,Msini,0.23,0.16,-0.15,0.0,,,,,,,,,0.0,<a refstr=FENG_ET_AL__2017 href=https://ui.adsabs.harvard.edu/abs/2017AJ....154..135F/abstract target=ref>Feng et al. 2017</a>,,,,,,,,,,0.783,0.012,-0.012,0.0,,,,,,,,,,<a refstr=STASSUN_ET_AL__2019 href=https://ui.adsabs.harvard.edu/abs/2019AJ....158..138S/abstract target=ref>TICv8</a>,01h44m02.23s,26.0093029,'-15d56m01.68s,-15.9337987,3.60304,0.00678,-0.00675,3.49607,0.023,-0.023,1.794,0.274,-0.274,3.24854,0.0103988,-0.0103988,2017-08-14,2017-10,2017-08-17
